branchID,name,city,address,managerID
B001,Bradley LLC,Lake Melodyside,"PSC 6134, Box 5670, APO AE 15324",E0228
B002,Burns-Cook,Port Nicole,"PSC 4460, Box 2028, APO AP 22834",E0496
B003,Martin Ltd,Jamesport,"PSC 5426, Box 7007, APO AA 26591",E0083
B004,Delgado Ltd,New Jeffrey,"885 Johnson Ports Apt. 047, East Melaniebury, NJ 97742",E0105
B005,"Baxter, Stanley and Richardson",Lake Gregoryland,"0949 Chavez Burgs Apt. 255, Blevinsland, WI 32718",E0418
B006,Barnes-Garcia,Markbury,"34270 Ashley Freeway Suite 197, New Steve, MP 04553",E0274
B007,Clark-Gutierrez,New Amandaside,"091 Adams Square, Juliehaven, OR 69782",E0294
B008,Silva Group,Dorseyfurt,"048 Brittany Ports, New Christopher, AK 19606",E0459
B009,Robertson-Villarreal,Christopherville,"1927 Mark Forks Apt. 996, Kennedyland, IL 40551",E0311
B010,Johnson-Stein,Whiteheadton,"Unit 7705 Box 4811, DPO AA 40030",E0032
B011,Watkins LLC,Port Erin,"9070 Dawn Pine Apt. 701, Charlesborough, UT 03873",E0268
B012,Walker Ltd,West Davidview,"673 Lam Lakes, Morrisside, MA 48430",E0197
B013,Thomas Inc,Nicholasport,"49147 Hardy Rapids, New Charles, ME 58265",E0277
B014,Gonzalez-Watson,Evansville,"93835 Fisher Via, Dianaport, GA 58878",E0436
B015,Barnes-Bradley,Port Thomasmouth,"98236 Bryan Causeway, East Sara, OH 13471",E0108
B016,Sampson Ltd,Colemanshire,"396 Gonzalez Extension Suite 929, Hunterbury, NE 94487",E0298
B017,Wong LLC,Port Wendytown,"979 Lewis Springs Apt. 219, Johnsonchester, AR 23627",E0401
B018,"Rodriguez, Mclean and Johnson",Port Diamondfort,"889 King Motorway Apt. 996, Schroederburgh, WA 77853",E0269
B019,Carpenter LLC,Sanchezville,"712 Alexander Springs, East Alicia, GA 57641",E0180
B020,Bailey-Austin,Billmouth,"35878 Kristina Radial, Lake William, OH 05109",E0400
B021,"Schneider, Ryan and Pham",Port Davidstad,"676 Davis Prairie Apt. 328, Shieldsville, GU 74194",E0368
B022,Mooney-Burgess,South Lindseyview,"313 Wheeler Freeway Suite 592, Garciastad, TN 12305",E0164
B023,Pitts-Phelps,South Luke,"0995 Darren Path Suite 513, East Sandrabury, NM 73206",E0063
B024,Beck LLC,New Katiebury,"0987 Connor Circles, Cherylton, ME 58686",E0053
B025,Sanchez and Sons,Johnsonfurt,"1314 Nicole Landing, Port Vanessashire, FL 51684",E0127
B026,Johnson-Carrillo,North Alexandra,"40064 Sarah Ford Suite 259, Griffithside, NM 95913",E0102
B027,Brooks and Sons,Lisaberg,"5781 Amber Greens Suite 751, Jayborough, VA 93930",E0225
B028,Johnston Group,North Christinaport,"290 Hoover Mountains Apt. 226, Dixonport, GU 26567",E0307
B029,"Young, Costa and Taylor",Mariabury,"PSC 0612, Box 3037, APO AP 88928",E0125
B030,Cook PLC,Websterview,"533 Smith Prairie, Bonillahaven, DE 69461",E0050
B031,Wilson Group,Lindseyland,"8456 Thomas Hollow Suite 909, South Michael, KY 20555",E0478
B032,Jackson-Daugherty,Heatherville,"928 Rose Circles, North Gloria, SD 97935",E0146
B033,"Sanchez, Johns and Jones",Davidmouth,"440 Trevino Estates Apt. 119, Perezfurt, RI 93083",E0159
B034,Johnson Inc,Millerton,"PSC 2798, Box 0212, APO AE 68008",E0067
B035,Hunt-Hart,Christinaton,"17662 Jason Highway Suite 515, East Michael, AK 15613",E0151
B036,Patterson-Dalton,Mikefurt,"087 Garcia View, North Laurenfort, OK 42487",E0230
B037,Diaz-Parker,Reedfurt,"43810 James Wall, Rosalesland, CO 87610",E0258
B038,"Morris, Douglas and Harper",New Melissaport,"PSC 8642, Box 0742, APO AA 56840",E0204
B039,Sullivan Inc,Paulside,"809 Hernandez Port Apt. 797, Lake Leslie, CA 62711",E0419
B040,"Williams, Ramirez and Fowler",Port Heather,"PSC 4064, Box 0300, APO AA 47356",E0446
B041,"Sutton, Green and Erickson",Jasonton,"6391 Benjamin Cove Apt. 755, South Debraport, ID 26544",E0126
B042,Palmer LLC,Torresport,"3333 Ford Springs, Moorefort, TN 56037",E0065
B043,"Green, Mcdonald and Jones",Francisburgh,"PSC 7551, Box 0200, APO AE 70150",E0428
B044,Greer and Sons,Joneston,"468 Jackson Locks, Stephanieview, MH 04433",E0047
B045,Stephens Group,Melaniehaven,"70676 Wall Unions, North Lindaberg, PA 24565",E0381
B046,Sanchez Inc,Ericberg,"USNS Gilmore, FPO AE 96208",E0029
B047,"Glenn, Taylor and Murray",Michaeltown,"PSC 8377, Box 7751, APO AA 02605",E0211
B048,Koch LLC,Robinsonstad,"997 Jerome Terrace, Port Alyssashire, OK 47503",E0312
B049,"Ramirez, Silva and Bernard",Patriciaport,"4736 Susan Rest Apt. 221, Lake Lori, DC 35307",E0214
B050,"Boyle, Mullins and Suarez",Port Ericside,"8479 Dwayne Mills Apt. 991, Steelefort, MD 48160",E0154
B051,Marshall LLC,North Jennashire,"Unit 4294 Box 3751, DPO AE 43925",E0092
B052,Wilson-Parker,West Nancyfort,"64727 Ruben Burgs, Costaside, NM 97471",E0124
B053,Newton-Gonzalez,New Eileenmouth,"53481 Johnson Locks, East Anne, PA 06811",E0391
B054,Smith-Byrd,Anthonybury,"PSC 3637, Box 5301, APO AA 94448",E0108
B055,"Bradford, Rush and Walker",Danielsmouth,"998 Barbara Course Suite 758, Port Anthonyside, TX 34719",E0189
B056,Martin-Clarke,East Becky,"763 Stein Stravenue, East Ronaldfort, PW 34220",E0150
B057,Bowers-Hall,New Tyler,"20013 Cooper Unions, Davidbury, TX 27896",E0407
B058,Sanchez PLC,Port Emily,"7240 Micheal Extensions Apt. 573, Laurafort, DC 61687",E0497
B059,Li-Payne,Lake Alanmouth,"0097 Parks Green, Harrismouth, MT 40976",E0037
B060,Murray-Freeman,Lake Christopherbury,"524 Sarah Overpass, Mcclainfurt, NH 99950",E0002
B061,Carter-Davis,Lake Earl,"78488 Stevens Creek, South Lawrence, PA 32786",E0212
B062,Bennett LLC,South Nicholashaven,"5608 Sally Village Suite 617, West Amytown, ME 84584",E0396
B063,Taylor Inc,West Ginaburgh,"7021 Melissa Rapid Suite 047, West Sarah, TX 77024",E0479
B064,"Dillon, Roberts and White",New Victor,"3606 Ronald Run, Michelletown, LA 88393",E0074
B065,Cooper Ltd,East Michael,"USS Reyes, FPO AA 70491",E0065
B066,"Jordan, Stevenson and Gordon",East Allisontown,"7285 Scott River, West Sabrinaville, KS 61777",E0006
B067,Fleming and Sons,West Danachester,"32486 Jerry Causeway, Cynthiastad, WY 22792",E0484
B068,Davis Inc,Carrville,"6719 Darryl Fort, Lloydfurt, WV 59806",E0146
B069,"Holland, Bryant and Cox",Anthonyville,"43138 Lopez Point, Port Monicaton, AK 89719",E0305
B070,Pace-Murray,Chelseaside,"68457 Anthony Port, Amandaborough, RI 60856",E0150
B071,Dodson Inc,North Ronald,"800 Roy Cove, Port Dennis, MH 43185",E0123
B072,"Lewis, Shaw and Castillo",South Dustin,"717 Corey Keys Apt. 441, Christinemouth, FL 19403",E0019
B073,"Ruiz, Lewis and Cortez",Vanessaberg,"36025 Nichols Village, Monicatown, VT 33033",E0388
B074,"Jones, Wise and Murphy",Lewisville,"05931 Cindy Curve, Davidland, CT 65749",E0046
B075,"Herrera, Lee and Frazier",New Ronnie,"PSC 9132, Box 7570, APO AE 07289",E0267
B076,Lee LLC,Port Brianbury,"530 Cassidy Union Suite 300, Lake Jesse, KS 71549",E0450
B077,"Young, Davis and Phillips",Lake Janicetown,"05582 Brown Gardens Apt. 766, Port Teresaport, MO 35485",E0361
B078,Martin-Morris,North Lisa,"0213 Myers Divide Apt. 126, Port Stephanie, OK 16414",E0198
B079,"Clark, Smith and Medina",Brettmouth,"389 Joshua Street Suite 151, South Tina, WY 27386",E0295
B080,Harris-Larson,Melvinhaven,"2566 Cruz Village, New Aprilville, PR 25566",E0065
B081,Price-Bailey,South Manuelland,"5795 Anita Circle Suite 695, Garciaport, NM 71146",E0205
B082,Taylor-Dixon,Catherinebury,"2236 Foster Lock, New Kevinfort, WY 60814",E0140
B083,Garcia-Munoz,Christinefurt,"33803 Donald Branch Suite 416, Lake Robin, IA 26641",E0381
B084,Dickson-Fritz,Lake Williamstad,"68600 Rogers Shoal Apt. 373, Georgechester, HI 49572",E0331
B085,"Wiggins, Gutierrez and Sanders",North Nicoleport,"74714 Brandon Plains Apt. 412, North Coreyland, MD 11476",E0383
B086,"Baker, Evans and Norris",Courtneyport,"6943 Andrew Isle, Dakotabury, FM 35959",E0312
B087,"Morales, Mason and Allen",Port Daniel,"85723 Mcclure Place, Lake Glenside, TX 51489",E0484
B088,Casey Group,Yatesburgh,"736 Miller Port, North Joseph, CO 83846",E0301
B089,"Allen, Murphy and Perez",Daniellefort,"949 Nicole Branch Suite 813, East Michael, VT 73590",E0188
B090,"Woods, Gonzalez and Henry",South Jeffland,"3031 Mora Run Suite 720, Petersshire, AS 76712",E0163
B091,Raymond-Moore,East Sarah,"318 Susan Ridges, Adamland, OH 98461",E0122
B092,Phillips and Sons,East Bridgetland,"39026 Ronnie Hill Suite 526, Cohenton, IA 84834",E0356
B093,"Lucas, Smith and Mcmillan",New Alicia,"087 Hoffman Isle, Katherineshire, TN 64750",E0173
B094,"Ryan, Edwards and Johnson",Lake Debbie,"6851 Bradford Spurs Suite 408, Dianaton, ME 81119",E0312
B095,Murray-Black,Larsonbury,"USS Macias, FPO AA 92328",E0470
B096,Becker Inc,East Cynthiastad,"05901 Henry Groves Apt. 615, New Theresaberg, ME 31747",E0210
B097,Mcclure Group,East Williambury,"35557 Key Forge, North Tina, MI 78223",E0126
B098,Gomez-Evans,Loveside,"4117 Ball Valley Suite 075, Port Donnashire, WA 32903",E0158
B099,Santiago-Bennett,West Jeffreychester,"USCGC Clark, FPO AE 82927",E0162
B100,"Rhodes, Meyer and Douglas",East Jennifer,"7427 Morales Skyway, Jessicafort, TN 27244",E0444
B101,Wiley-Cannon,North Erichaven,"6771 Jessica Summit Suite 725, South Ronaldchester, NM 33660",E0222
B102,Porter-Nunez,North Christopher,"56530 Alvarez Green, Lake Joseph, MN 15253",E0383
B103,Flores-Clark,Margaretland,"22380 Garcia Mountains Suite 084, Hancocktown, MH 36718",E0032
B104,Pham-Bender,Lake Aliciaview,"6089 Kelsey Extension, Meganhaven, HI 61715",E0406
B105,Pearson and Sons,Jamieberg,"0340 Stanley Corner, West Marcuston, TN 56586",E0463
B106,Gardner Inc,East Jacquelinechester,"870 Berry Extension Apt. 917, New Jeremy, VT 63865",E0143
B107,Campos Inc,North Megan,"6332 Novak Harbor Suite 104, West Austin, WV 51552",E0387
B108,Hernandez Inc,Ballardstad,"17976 Jeffery Summit Suite 112, Lake Ericburgh, NM 41566",E0008
B109,"Rhodes, Moore and Snyder",Johnsonview,"734 Alvarez Wells Suite 263, Debrafort, KS 84360",E0315
B110,"Baker, Copeland and Willis",Wilsonhaven,"USS Price, FPO AE 74711",E0248
B111,"Kemp, Diaz and Garrett",East Emily,"492 David Burg Suite 099, North Jasonside, GU 43721",E0353
B112,Juarez PLC,Marioborough,"2089 Javier Spur, Port Charles, WY 54217",E0052
B113,Brown-Allen,West Joseph,"247 Curtis Causeway Suite 113, Lake Pamelaville, NJ 75651",E0209
B114,Myers-Molina,North Shelly,"622 John Wall Apt. 393, Port Laura, AL 84404",E0408
B115,Vaughan Inc,New Kristina,"80605 Jones Roads, Port Josetown, MH 89082",E0332
B116,Anderson Group,Port Johnville,"2954 Murphy Corners, Kellyton, NE 95382",E0087
B117,Richardson-Hall,Michaelfort,"9090 Santana Isle, Villamouth, HI 49963",E0176
B118,"Johnson, Lee and Payne",Katieport,"439 Bowman Trail, Mariaton, FM 55623",E0117
B119,Collier and Sons,Hawkinsland,"451 Hess Canyon Apt. 589, Weaverton, MH 48743",E0352
B120,"Bell, Johnson and Barrett",West Joelstad,"335 Danielle Summit, South Andrew, MA 65679",E0186
B121,Kirk LLC,West Davidchester,"770 Jeremy Oval, Port Toddport, WA 65518",E0312
B122,"Adams, Stewart and Williams",Fitzgeraldtown,"3993 Beasley River Suite 339, Glassstad, NE 06532",E0045
B123,"Pugh, Craig and Brady",New Katherine,"08755 Wilson Walks, Danielbury, DE 68926",E0366
B124,Boyd PLC,Lake David,"0278 Bates Rapids, Russoport, WV 21023",E0178
B125,"Bridges, Williams and Malone",West Gregorystad,"91278 Knight Stream Apt. 353, Melindaville, SC 47243",E0478
B126,Crawford-Fernandez,Navarroland,"31948 Wilson Flat, New Jesus, KY 23441",E0286
B127,Hudson-Callahan,Liuport,"35138 Miller Point Apt. 659, Longtown, CO 82263",E0313
B128,"Hines, Gray and Gross",Marshallland,"0978 Christopher Roads, Tonibury, NH 29340",E0081
B129,Cox-Dixon,East Mariah,"PSC 7830, Box 6377, APO AA 83752",E0328
B130,Lowe Inc,Doyletown,"18765 Lyons Underpass, Lake Sarah, CA 11952",E0013
B131,"Davis, Patton and Chavez",Robertmouth,"3686 Jacob Valley, New Christopherland, MT 74216",E0041
B132,Thompson Group,New Elizabeth,"501 Teresa Street, Briannaborough, VT 96791",E0361
B133,Watson-Collins,Cherylshire,"843 Sharon Mall Suite 166, East Johnmouth, PR 77802",E0257
B134,Smith-Mason,Port George,"42335 Hill Throughway Apt. 825, Port Kari, NY 53574",E0447
B135,"Mayer, Nash and Clark",South Shannon,"732 Thomas Cove, Michaelview, ND 66052",E0385
B136,George Inc,Jamieview,"14238 Walls Mills Suite 056, Wendymouth, IL 41649",E0272
B137,"Andrews, Ramirez and Brown",West Katieside,"251 Haynes Lake, Lake Gary, IA 08149",E0489
B138,"Boyd, Lopez and Pena",East Robintown,"843 Maria Shore, West Dawn, TX 26014",E0043
B139,Baker LLC,Patriciaside,"55957 Tina River Apt. 651, West Carol, FM 90865",E0421
B140,"Hinton, Pierce and Cline",Spencerfort,"50201 Karen Point, Yvonneland, DE 62390",E0252
B141,Pacheco-Steele,North Amber,"USCGC Cruz, FPO AE 63258",E0164
B142,"Nicholson, Baker and Tanner",East Marco,"USS Dunn, FPO AA 37799",E0096
B143,"Smith, Obrien and Flores",West Kyle,"21650 Bruce Cove Suite 250, Hamiltonside, AK 29855",E0280
B144,Hernandez-Simon,New Jeffreybury,"914 Kathleen Spur Apt. 550, West Michaelside, AZ 90744",E0299
B145,Walker LLC,Fishermouth,"55458 Amanda Throughway, Dawnshire, DC 66170",E0005
B146,Howell-Jackson,Port Erin,"267 Tina Ville, Lake Veronica, NC 41367",E0002
B147,Reynolds Group,North Lisa,"40880 Larry Ways Apt. 938, Rubenton, OH 50015",E0049
B148,Burns-Gardner,Port Richardton,"17665 Mitchell Courts, West Christopherborough, WI 81023",E0257
B149,Owens PLC,Lake Kurtborough,"6665 West River Apt. 566, South Sarahfort, VI 28699",E0419
B150,Moran-Ramirez,Seanhaven,"USNS Malone, FPO AA 76560",E0154
B151,Boyd PLC,West Crystalport,"645 Alan Squares, Conradhaven, AZ 64869",E0305
B152,"Campbell, Shields and Roberts",Port Shannon,"1486 Lane Garden Apt. 159, Marshallfurt, KY 27521",E0152
B153,White-Howard,Brittanyville,"53764 Ferguson Ville Apt. 097, Mendozaport, AL 60187",E0411
B154,"Knapp, Shaw and Jones",West Robertside,"879 Fritz Rue Suite 936, Caitlinside, NE 58533",E0276
B155,Martinez-Wolfe,Lake Crystalmouth,"222 Fernandez Shoal Suite 029, West Jeremy, DE 73175",E0236
B156,Jordan-Rodriguez,Lake Tinastad,"740 Carl Plaza Apt. 133, Reeseburgh, PA 11082",E0366
B157,White PLC,Lisafurt,"67857 James Prairie Suite 891, Lake Joann, KY 87368",E0290
B158,"Williams, Mccormick and Walker",Brownland,"97532 Weber Spur Suite 198, Dawnville, PW 49179",E0037
B159,Nunez-Medina,South Tracy,"6775 Brian Burgs, Ryanport, AK 10854",E0130
B160,Ford Group,Colemantown,"0908 Durham Manors Apt. 369, North Joshualand, NE 67675",E0206
B161,Mckenzie PLC,Brianmouth,"6399 Devin Fields Suite 216, Port Thomas, CO 02656",E0235
B162,Lindsey-Moreno,New Aaron,"0082 Debra Camp Suite 131, Dominguezmouth, DE 22444",E0159
B163,"Weaver, Nguyen and Jones",Port Andrea,"3585 Chelsea Brook Apt. 235, South William, AR 30285",E0490
B164,Lawrence Ltd,Grossland,"PSC 6685, Box 5308, APO AE 22474",E0494
B165,Washington-Green,Jessicastad,"23949 Rich Row Suite 284, Jennyhaven, NV 38894",E0422
B166,"Hamilton, Burgess and James",Johnberg,"305 Shannon Bridge Apt. 907, New Kelly, FL 76997",E0148
B167,White Ltd,Port Crystal,"509 Sutton Freeway, Melissaborough, MI 11959",E0412
B168,"Wilson, Yates and Washington",East Dawn,"8043 Jennifer Trail, Chavezport, ME 29137",E0120
B169,Thompson Ltd,Katelynville,"61703 Gomez Square Suite 880, East Eric, FL 81379",E0274
B170,Lawrence PLC,West Jonathanstad,"98505 Rodriguez Lodge Suite 548, West Jodi, MP 89145",E0200
B171,Clark-Harris,Davidton,"074 Garcia Mountain Apt. 232, Johnstonville, MO 15932",E0328
B172,Gomez-Johnson,Blackwellburgh,"35987 Turner Plains Apt. 478, Lake Joshuaborough, DE 50073",E0088
B173,Buck-Navarro,Michaelview,"14998 Smith Extensions Suite 413, New Josephshire, MD 89661",E0088
B174,Hernandez-Jenkins,East Felicia,"158 Joshua Fork, East Caitlinville, NM 84838",E0251
B175,"Austin, Jacobs and Barber",North Corey,"8157 Carlson Mews Apt. 478, Lake Dakotamouth, GA 32230",E0240
B176,"Gonzalez, Smith and Gonzales",West Keithburgh,"90959 Thornton Ranch Apt. 434, Lake Ericaland, AS 92200",E0213
B177,Rogers-Haynes,West Richardland,"32428 Davenport Fort, Bethview, VA 54233",E0106
B178,"Brown, Harris and Miller",Kingchester,"PSC 5845, Box 1907, APO AP 37032",E0085
B179,"Leon, Curtis and Brown",Gutierrezhaven,"06314 Weeks Fords Suite 172, Buchananmouth, MI 65830",E0485
B180,"Davis, Dunn and Olsen",West Stephaniehaven,"033 Hartman Underpass Apt. 851, East Janet, MT 70148",E0406
B181,"Fuller, Acosta and Bradley",West Shannon,"482 Daniel Branch Apt. 722, West Karenchester, MD 93247",E0083
B182,"Thompson, Griffin and Carpenter",Johnsonstad,"8855 Bryan Lakes, East Kelly, ME 23602",E0045
B183,Brown Inc,Lake Tinamouth,"6601 Cooper Villages Suite 381, Walkerburgh, MI 43715",E0276
B184,"Campbell, Gonzales and Bonilla",East Angela,"Unit 9014 Box 5950, DPO AP 45862",E0496
B185,Jones-Johnson,Port Crystalside,"USNV Gordon, FPO AP 06252",E0278
B186,Mccall Group,South Joshuastad,"13532 Anna Hollow Suite 110, West Patrickshire, SD 69725",E0052
B187,Wallace and Sons,Elizabethburgh,"6906 Brian Inlet, West Kathybury, CO 16425",E0331
B188,"Kennedy, Ayala and Gonzalez",New Victoriaburgh,"8805 Steven Way Apt. 907, South Larry, ME 47950",E0440
B189,Key Group,Port Lisashire,"75960 Harrington Mount, Skinnerland, NJ 55085",E0450
B190,"Valdez, Olsen and Fowler",Phamfort,"Unit 8880 Box 4912, DPO AE 13784",E0047
B191,Steele-Young,Lake Kimberly,"898 Hogan Meadows, Stevenstown, CT 48721",E0389
B192,"Nelson, Dalton and Moore",Ryanview,"9047 Sarah Forges Suite 773, North Dianetown, WV 13922",E0408
B193,Adams Inc,Port Samuel,"974 Randy Bridge Apt. 313, North Lindsey, CA 71761",E0383
B194,Chandler and Sons,Reginafort,"0699 Curry Key, South Amberchester, NV 46663",E0143
B195,Adams-Gutierrez,Port Timothy,"82075 Patel Valley, Port Walter, NC 06204",E0066
B196,"Waters, Jenkins and Herrera",West Robert,"463 Williams Cliff Suite 277, Ruizfort, LA 74314",E0337
B197,Richardson-Sawyer,North Jason,"3378 Torres Course Apt. 392, East Theresaberg, NM 14543",E0017
B198,Medina-Compton,North Johnborough,"8042 Sutton Inlet Suite 538, South Joseph, SD 22999",E0408
B199,Ortiz and Sons,Lake Raymond,"063 Erin Vista Suite 034, Scottside, NE 30215",E0104
B200,Alexander-Bradshaw,South Todd,"031 Hall Rapids, East Jerrybury, OH 22718",E0088
