supplierID,name,contact,city,email,phone
S0001,Schmidt LLC,Edgar Simon,Barkerburgh,gentryjonathan@example.net,577-753-2073
S0002,Torres-Wagner,Brian Park,Emilybury,madison33@example.net,405.716.6074x0992
S0003,"Wagner, Mcdonald and Cooper",Karen Phillips,Charlesside,edward92@example.net,(997)318-0710
S0004,Pearson-Cox,Brandi Austin DDS,East Christina,christinahutchinson@example.net,001-834-233-3046x18175
S0005,Mckay Inc,Matthew Lowe,Stephensonland,johnsonelizabeth@example.org,380.767.8078
S0006,"Beasley, Wright and Meyer",Clifford Stone,Williamsport,nicolas87@example.org,279-396-9202
S0007,Williams Ltd,James Day,Lake Marioview,ronald52@example.net,+1-634-779-5545x3730
S0008,"Larsen, Stewart and Garcia",Amy Huff,Port David,joshuaroberson@example.net,219.591.6862x6134
S0009,Johnson Ltd,Patrick Daniel,Port Jessica,robertcervantes@example.com,(297)979-1458x69808
S0010,"George, Harris and Chan",Amy Harris,Samanthastad,hornesue@example.net,(720)540-6335x83905
S0011,"Morgan, Barnes and Eaton",Janet Mueller,North Jonathan,diazchristopher@example.net,001-597-568-9886x7067
S0012,"Gardner, Miller and Mendoza",Cody Dixon,Lake Johnfort,codycantrell@example.org,(224)805-8502x7578
S0013,"Allen, Hunter and Evans",Lauren Hutchinson,East Alexandra,cindyhernandez@example.net,+1-844-227-5924x36036
S0014,"Williams, Castaneda and Jones",Tyler Woods,East Benjamin,wilsonjohn@example.net,001-591-321-5718
S0015,Hernandez and Sons,Courtney Montgomery,Josephtown,goodwinsara@example.org,(844)899-7530x3368
S0016,Thompson and Sons,Brittney Boone,New Michaelside,mjackson@example.net,001-366-536-7034x909
S0017,Case LLC,Thomas Reynolds,Collinsborough,tammy38@example.com,362-955-7321
S0018,Brock and Sons,Douglas Burton,Mariastad,alimichael@example.net,3772338407
S0019,Mendez Inc,William Perez,South Brianabury,pearsonmelissa@example.net,(475)923-5354x3245
S0020,Reese-Hodges,Rebecca Gibbs,East Eugene,chloe85@example.org,442.831.9816
S0021,Johnson Inc,Tammy King,Port Johnborough,christopher10@example.net,4029851326
S0022,"Miller, Hernandez and Rivers",Jamie Miller,New Debra,jmiles@example.com,(241)838-4712
S0023,Smith PLC,Carla Matthews,Birdville,levibrennan@example.org,784-857-9132x0016
S0024,Charles and Sons,Jason Nelson,Rochaburgh,michellemyers@example.com,+1-406-833-9821x2145
S0025,"Martinez, Smith and Miller",Amber Norris,Lake Maureen,lawrence46@example.org,327.461.8064x75079
S0026,"Jenkins, Garrison and Beltran",Randall Boyd,Lake Brian,wolfecharles@example.com,670-723-4616x288
S0027,Rodriguez-Hernandez,Joel Ellis,Port Paula,wendy09@example.org,824-344-5203x28499
S0028,"Huff, Jones and Bryant",Jimmy Mathews,Katrinatown,reevesabigail@example.org,(500)423-1709
S0029,"Torres, Taylor and Clay",Jacqueline Lindsey,Stewartport,schultztammy@example.net,001-501-241-7762x37561
S0030,"Peterson, Davis and Cox",Darlene Morgan,East Lori,edwardsbrian@example.com,+1-401-399-5177x459
S0031,"Smith, Mata and Harper",Stacy Williams,North Christopherbury,deborah99@example.org,+1-946-760-1583x9905
S0032,Kirby-Lee,Samuel Williams,Port Kellyland,richard62@example.net,001-572-424-4538x2564
S0033,Parks Group,Justin Edwards,Thorntonhaven,mooreemily@example.com,001-634-473-5571
S0034,Dixon Ltd,Tommy Krueger,Donovanport,butlerrobert@example.net,+1-553-821-7240x93376
S0035,Rodriguez Ltd,Beverly Green,Coreymouth,rickhopkins@example.net,(792)916-4971
S0036,"Baker, Myers and Jacobs",Kristin Baxter,New Rhonda,perryjacob@example.org,(514)919-3126
S0037,Carr-Foster,Ashley Woods,Landryfort,krivera@example.com,001-680-609-0967x181
S0038,Graham Ltd,Brittany Gomez,North Kathleen,mtucker@example.com,220.951.7214
S0039,Peters-Kramer,Leslie Robbins,Thompsonborough,wmclaughlin@example.net,(432)881-3465
S0040,"Harris, Bush and Porter",Suzanne Robinson,Lloydland,kristopher14@example.org,(626)411-9111x915
S0041,Francis Ltd,Ashley Farley,West Benjamin,matthew04@example.org,+1-707-828-6053x8794
S0042,"Ramirez, Burnett and Davis",Sean Hill,East Zacharymouth,russell84@example.net,416-883-6626x1745
S0043,Harris-Brown,Brendan Brown,Pattersontown,gallowayjames@example.org,889-628-7967x415
S0044,Foster-Knight,Donald Stanley,Port Lisa,mark22@example.net,+1-672-475-9993x3114
S0045,Jackson-Turner,Victoria Yang,Kathrynton,grossyvonne@example.org,566-357-0809x6415
S0046,"Harris, Murray and Gonzalez",Colton Johnson DDS,West Jeremy,icooper@example.net,+1-428-275-5335x004
S0047,Moore-Allen,Erica Hickman,Johnsonside,emily28@example.org,6112123395
S0048,Hawkins-Lozano,Maureen Oconnor,Michaeltown,mistyperry@example.org,001-729-678-6531x405
S0049,Stone-Watkins,Chris Graham,Lake Nicholas,qlawrence@example.net,413.341.1048
S0050,Thomas-Perry,Tracy Sanchez,Robertstown,esmith@example.com,542.968.1567x77261
S0051,Hurley and Sons,Warren Russo,Ambershire,toni13@example.com,+1-604-684-6251x5133
S0052,"Mathis, Scott and Ayala",Edward Garcia,South Stephanie,bradley13@example.org,001-966-439-2068x147
S0053,"Brandt, Williamson and Cole",Mr. Robert Mccarthy MD,West Lisamouth,christopherchen@example.org,941-519-0556x3141
S0054,Lawrence LLC,Stephanie Peterson,Angieport,grant13@example.net,251.771.9170x936
S0055,"Mejia, Whitaker and Blackwell",Luis Terry,East Steven,jamie27@example.com,001-402-384-4746x11958
S0056,"Norman, Cruz and Henderson",Yolanda Reyes,Port Stevenville,ramirezmichael@example.com,853.381.9855x435
S0057,Rhodes PLC,Peter Rios,Josephhaven,freemandiane@example.com,590-394-5149x48838
S0058,"Burke, Lowe and Marshall",Whitney Brown,Mariamouth,carlosbaker@example.org,949-208-0031x6832
S0059,"Harrison, Moses and Snyder",Timothy Crane,Wardland,emilybullock@example.net,001-852-683-5147x18315
S0060,Martinez-Stephens,Katelyn Jackson,West Melissaside,ericmartin@example.com,648-499-4433
S0061,"Pena, Moore and Romero",Nicholas Carter,Angelaview,tuckerlisa@example.org,(373)407-3520x94252
S0062,Aguilar and Sons,Julie Walter,Smithshire,sarahgarcia@example.org,386.289.2197x839
S0063,"Johnston, Brewer and Knight",Jason Lewis,Lisabury,ramirezjoseph@example.org,(873)203-0638x110
S0064,Snyder-Mann,Anna Park,Lanefurt,brian08@example.com,(922)330-1601
S0065,Kim-Chandler,Samuel Woodward,Port Kendrachester,elewis@example.org,(546)297-5139
S0066,"Williams, Velazquez and Davis",Yolanda Roberts,Lake Chadmouth,fernandezashley@example.org,(684)215-3683
S0067,Neal-Smith,Robert Alvarez,Solismouth,williamdean@example.com,001-291-766-8167
S0068,Mitchell-Jones,Seth Stevens,Amyport,mcmillanjessica@example.com,001-377-841-5265x2779
S0069,"Wright, Mcpherson and Williams",Stephen Rios,Kevinburgh,dana61@example.com,(237)790-2697x89772
S0070,Coleman-Beltran,Amanda Pierce,East Josephland,flemingthomas@example.com,+1-778-932-0454x0320
S0071,Mitchell Ltd,Todd Johnson,South Samuel,uerickson@example.com,9178368434
S0072,Lewis Ltd,Sarah Orozco,West Christopherview,guzmananthony@example.org,(231)887-4827x646
S0073,Frye and Sons,Elizabeth Erickson,South Dorothy,jeffreycook@example.net,522-818-5279x3122
S0074,Nguyen Inc,Andrew Smith,East Mary,nicholasgentry@example.net,001-594-753-3255
S0075,Gomez Ltd,Samantha Henson,West Autumnfort,rebeccamoore@example.org,001-541-500-2270
S0076,"Cardenas, Franco and Cook",Tonya Martinez,Lake Susan,pvelez@example.com,630-769-4786
S0077,Hall-Martinez,Jose Cowan DDS,Richardtown,crystalcarpenter@example.com,(549)380-9013
S0078,"Ford, Gordon and Alexander",Michael Aguilar,Amberberg,christinarodriguez@example.com,344.335.5013
S0079,Mills PLC,Erica Crawford,South Richardbury,cdavis@example.org,678-290-5626x5943
S0080,Arnold-Miles,Larry Sutton,New Danielfort,fsmith@example.org,+1-406-431-2920x0387
S0081,Kemp and Sons,Tyler Kelly,Ayerston,andreawheeler@example.net,307.804.4236
S0082,"Griffin, Phillips and Washington",Omar Martinez,Williamsville,sierra16@example.org,(763)681-1253
S0083,"Simmons, Dominguez and Copeland",Brenda Clarke,Williamshaven,zcollier@example.net,616.829.9049x3112
S0084,Herman Ltd,Erin Parrish,East Erikstad,gary11@example.org,995.985.2995x3077
S0085,Waller-Freeman,Jocelyn Garcia DDS,Jessicastad,jsantana@example.net,001-665-765-9940x155
S0086,Grant LLC,Wendy Nash,Port Christopherburgh,randyhernandez@example.org,592.225.5294x99567
S0087,West Group,Joseph Jackson,Lake Lisabury,uward@example.com,001-237-311-3387x525
S0088,Chaney Inc,Alexis Holland,Port Eddieport,jasoncrawford@example.org,001-582-949-6214
S0089,Fowler-Johnson,Melinda Guerrero,Guerreroland,gfoster@example.net,371-477-2916
S0090,"Chavez, Bowman and Scott",Cody Odom,Bakerton,candice03@example.net,567.865.1551
S0091,Maldonado Inc,Joanna Hart,North Diane,johnsonkimberly@example.org,920.277.6808x04182
S0092,Cohen-Hernandez,Dr. Michael Ford,North Emilyhaven,sarahgallagher@example.com,(408)901-1177
S0093,"Klein, Lambert and Johnson",Amanda Campbell,Danielsside,wrightmichelle@example.org,783-730-9932
S0094,"Zamora, Farley and Munoz",Kenneth Henry,Kennethberg,changjacob@example.org,968.213.3871x501
S0095,Wells-Shepherd,Teresa Moore,Kimchester,scook@example.net,845-494-2620x42214
S0096,Arnold-Vance,Walter Rasmussen,Maynardborough,rodriguezbrian@example.net,927.827.7445x0694
S0097,Smith and Sons,Benjamin Richardson,North Donaldland,sandra04@example.org,+1-664-617-1918
S0098,Lane-Shepherd,Stanley Cruz,Thomasfurt,njohnson@example.org,(501)591-1335x5058
S0099,Ross Inc,Vincent Rollins,Meyerland,dianecampbell@example.org,6046625114
S0100,"Adams, Cooper and Robinson",Rebecca Walker,Port Carolmouth,michael10@example.org,9355415101
S0101,Santana Ltd,Alicia Arnold,North Ariel,thorntongregory@example.net,2384278279
S0102,"Francis, Vaughn and Davies",Shannon Mcconnell,Lake Douglas,robertscynthia@example.org,706.816.2421
S0103,Bennett LLC,Brian Barnes,Jameschester,christopher45@example.org,+1-365-205-9486x198
S0104,"Brooks, Baker and Duffy",Nancy Castro,East Emilyview,toddscott@example.org,266.443.3727
S0105,"Reed, Avery and Warren",Benjamin Benson,North Heather,nicholasjacobs@example.net,001-412-962-4715x7182
S0106,"Bryant, Morales and Sosa",Joshua Holloway,Port Tina,grahamnicholas@example.com,477.310.1629
S0107,Perez PLC,Julia Spencer,Christopherborough,garciajanet@example.org,(221)550-4473
S0108,Brown-Patterson,Dr. Nicholas Jackson,Julialand,hhess@example.org,848.793.0214x59153
S0109,Barnett-Dawson,Angela Jordan,West Patriciaborough,emorrow@example.net,8604302448
S0110,"Baker, Andrews and Reese",Thomas Duke PhD,South Melodystad,pfisher@example.net,+1-557-750-6656x54049
S0111,Simmons LLC,Matthew Gomez,Josefurt,brandonmartin@example.com,217.458.0199x834
S0112,Kelly-Mcdaniel,Sean Campbell,West Jasonchester,christine20@example.org,345.374.4904x19758
S0113,Dominguez Group,Tony Brown,Jasonton,xjohnson@example.com,001-625-961-3941x994
S0114,"Henderson, Reese and Wade",Michelle Cook,New Dawn,greed@example.net,001-729-473-1285x55222
S0115,"Sanders, Parsons and Rodriguez",Kimberly Brown,Port Mary,joshua69@example.net,001-469-230-5880x4703
S0116,Kelly LLC,Bruce Bartlett,Wallhaven,jamesmiles@example.org,001-442-371-9547x6504
S0117,"Adams, Huang and Johnson",Douglas Mitchell,West Charlesside,kcameron@example.org,353-979-5426
S0118,"Carrillo, Jefferson and Lucas",Harry Brown,Port Timothy,faithbright@example.org,216.983.7282x43296
S0119,Williams-Barnett,Rhonda Miller,Glassland,crystal71@example.com,001-433-295-3783x7286
S0120,Cervantes LLC,Brandi Meadows,Noahmouth,john25@example.org,340-859-6000
S0121,Fry-Foster,Jessica Robinson,Lake Andreaville,destinyellis@example.net,+1-318-471-9880x2921
S0122,Dixon Group,Lindsay Moore,New Philiptown,sanchezrebecca@example.org,+1-488-582-0445x61608
S0123,Bryant-Farmer,Michael Small,Jonesfurt,rosestephens@example.net,001-873-471-5538x653
S0124,"Carroll, Padilla and Yang",Courtney Craig,Ingramport,nguyenashley@example.com,498.554.1296x528
S0125,Lozano-Berger,Nicholas Best,New Michelle,kaylacollins@example.net,394-921-2347x835
S0126,"Rodriguez, Freeman and Schwartz",April Hill,West Jeremyfurt,theresamendoza@example.net,+1-538-987-0964
S0127,Fitzpatrick Group,Taylor Harding,Swansonstad,morganangela@example.net,(523)394-3840x47556
S0128,Boyd Inc,Timothy Scott,Mitchellfurt,jmoore@example.com,2939536597
S0129,Johnson and Sons,Jodi Gutierrez,Port Aaronview,brownjacqueline@example.net,935-898-0824x80732
S0130,"Hubbard, Russell and Wilson",Mr. William Williams Jr.,Markbury,dgutierrez@example.net,001-862-558-1892x793
S0131,Gray-Freeman,Damon King,Ayalaside,medinakelly@example.com,001-693-617-0245x690
S0132,"Smith, Miller and Allen",Amanda Reed,North Amanda,stewartjeffery@example.org,434.599.0052x99353
S0133,Pierce LLC,Heather Prince,Johnsonborough,john96@example.net,001-595-821-5382x537
S0134,Taylor PLC,Chad Powers,Pricestad,whitekevin@example.com,484-971-1392
S0135,Taylor-Tran,Kellie Turner,West Johnmouth,martinheidi@example.com,001-580-931-2021x0031
S0136,Price-Collins,Ryan Davies,Brookeburgh,jon01@example.org,6499217523
S0137,Flowers PLC,Renee Davis,Scottside,xthomas@example.com,+1-768-411-2093x103
S0138,Myers Inc,Patrick Warren,South Derrickhaven,ewarren@example.com,(200)595-2300x7864
S0139,Smith LLC,Jason Reed,Michelleton,lawrence99@example.net,(491)499-7095x04291
S0140,Bauer-Harper,April Archer,Middletonberg,robert53@example.com,936-635-0941
S0141,Sims-Snyder,Julie Calhoun,Keithmouth,terri13@example.org,+1-230-238-3093x879
S0142,"Johnson, Bates and Medina",Christopher Wilson,West Angela,williamlee@example.com,+1-453-643-1777
S0143,"Douglas, Burch and Robinson",Sara Henderson,Patriciafurt,shawnclark@example.org,001-547-395-5526x9182
S0144,"Winters, Parrish and Stevenson",Diane Jones,South Rickychester,christopher00@example.com,402.722.8737x10079
S0145,Wright-Smith,Taylor Brewer,New Lynnfurt,atkinsfranklin@example.org,+1-455-568-9616x08943
S0146,Wilson-Roberts,Deanna Roy,Jasonside,kdavis@example.com,6179064198
S0147,Flynn Ltd,Mitchell Joseph,Jenniferhaven,meganyoder@example.com,(611)298-8459x89421
S0148,"Potts, English and Carr",Donald Robbins,Whitehaven,joseph51@example.org,+1-671-653-7441
S0149,"Johnson, Jarvis and Stark",Stephen Brooks,Melissafort,jamesmorgan@example.net,+1-847-282-8401x758
S0150,Hughes and Sons,Leslie Larson,Sylviachester,tammyherrera@example.org,421-347-5887x98513
S0151,"Nash, Wagner and Miles",Daniel Nelson,Blackfort,bergsarah@example.net,001-839-239-9278x8581
S0152,"Garcia, Fernandez and Clark",Gloria Gibbs,Gouldstad,morriswilliam@example.net,807.536.6279
S0153,Jenkins Group,Holly Ortega,East Jasmine,johnsonmichael@example.org,001-515-398-1455x1772
S0154,"Johnson, Ramsey and Bauer",Mark Bennett,Lake Lydia,fcrawford@example.net,+1-410-946-5025x66358
S0155,"Walker, Davenport and Rose",Anthony Morgan,Davisfort,erinlong@example.org,(217)339-9228
S0156,"Dunn, Barber and Hall",Anna Villa,Johnburgh,bethanygonzalez@example.net,+1-348-371-7328x908
S0157,Fitzgerald-Jordan,Emma Wang,Jillburgh,tylerrichardson@example.org,522-911-0116x338
S0158,"Romero, May and Lee",Monica Garrett,Port Joshuamouth,debra31@example.com,608-965-6520
S0159,"Rios, Long and Krueger",Nathan Turner,West Tyler,christinamartinez@example.net,559.878.8346
S0160,Gardner PLC,Matthew Harper,New Seanshire,catherine48@example.com,586.274.0631x4009
S0161,Dixon-Soto,Jordan Fowler,North Timothy,fordwillie@example.net,867-657-8618
S0162,Carpenter-Miles,Russell Banks,Lake Haroldchester,vsimmons@example.com,533.402.3665x63908
S0163,"Ellis, Vang and Edwards",Thomas Anderson,South Christopherton,sarah36@example.com,792-486-7968
S0164,"Carter, Carey and Brock",Sierra Wiggins,New Mark,ryan46@example.com,001-678-704-6629x22738
S0165,Robertson and Sons,Chad Robinson,Porterview,rross@example.org,001-402-433-0777
S0166,Gomez and Sons,James Ford,South Meganburgh,robertburton@example.org,696.201.8044x91342
S0167,Quinn-Powell,Cameron Burgess,Mariatown,rollinscynthia@example.com,998-952-1617x03806
S0168,Christensen Ltd,Nicholas Vega,Norrisville,alancummings@example.org,(288)208-5650x70010
S0169,Moore-Barrett,Timothy Baldwin,Jessefurt,robert44@example.org,492-258-8102x7114
S0170,"Perez, Phillips and Frost",Dillon Howard,North Brian,williamskevin@example.net,(726)398-7924x530
S0171,"Johnson, Rice and Jackson",Amber Woodward,North Anna,jrussell@example.net,636.698.6231
S0172,"Robbins, Clark and Hall",Jerry Peters,Port Melissa,zacharywu@example.com,2514651822
S0173,Gomez and Sons,Joseph Mason,Chapmanfurt,jfranklin@example.com,001-810-817-6327
S0174,"Gordon, Christensen and Wilkinson",Kurt Eaton,East Brookeburgh,nicole76@example.net,444-747-6825x47053
S0175,Mcintosh Inc,Jessica Johnson,Elizabethberg,kfleming@example.com,736.612.4736
S0176,"Guerra, Johnson and Perry",Tabitha Barnes,East Scottchester,vhenry@example.org,001-968-594-9847x742
S0177,Torres-Johnson,Michael Smith,East Gregview,qkane@example.com,421.726.5944x292
S0178,Rasmussen LLC,Zachary Davis,Schwartzburgh,everettrick@example.net,597.895.8891
S0179,Hernandez Group,John Jones,West Grace,tgarcia@example.net,(799)701-9064x349
S0180,White LLC,Stephanie Mcbride,Mollymouth,jward@example.com,(250)737-3140x53196
S0181,Walters Ltd,Ryan Mcmillan,Swansontown,muellerchris@example.org,836.517.8015
S0182,Costa-Stuart,Christy Douglas,Jasonside,maldonadodave@example.net,947-580-3954x9728
S0183,"Orr, Peters and Wade",Samuel Sanford,Webstertown,shawna56@example.net,001-643-276-4887x1696
S0184,Holland LLC,Christopher Scott,North Eric,molinakayla@example.org,(321)542-2929x8015
S0185,Boyd LLC,Kimberly Parker,New Joy,bushshawn@example.com,001-272-281-6023
S0186,Christensen Group,Charles Shelton,North Laurieton,kstokes@example.org,675.956.5926x7912
S0187,"Brown, Jones and Cuevas",James Watson,Port Jessicatown,wallaceangela@example.org,521.486.2476x792
S0188,Leach-Miller,Kristina Brewer,West Jesse,benjaminwhite@example.com,310-814-9441x872
S0189,"Larson, Warren and Gonzalez",Terri Melton,Erikaton,suzanne16@example.net,+1-749-452-5925
S0190,Spencer Group,Joseph Walton,New Josephland,brendasmith@example.org,(457)406-0107
S0191,"Walker, Graham and Johnson",Annette Kane,West Annborough,hartmankarl@example.com,612.712.4637
S0192,"Johnson, Kent and Foster",Scott Garcia,Lisatown,franklin67@example.com,001-236-551-0590x9187
S0193,Woods-Thompson,Shane Armstrong,Kristinaland,martinkimberly@example.org,+1-605-651-5813x594
S0194,Mason-Perkins,Abigail Hartman,Andersonburgh,hendersoncharles@example.net,256.664.5329x932
S0195,Suarez PLC,Rebecca Holt,West Todd,kristinjackson@example.net,(249)278-0694x0967
S0196,Lee-Reyes,Christina Garcia,Stephanieshire,brownangela@example.org,835-733-1664x3483
S0197,Cabrera and Sons,Casey Cantu,Christineborough,victor33@example.org,+1-724-512-4946x86737
S0198,Ramirez-Merritt,Megan Brock,Gonzalezberg,umiller@example.net,468-888-1674
S0199,Pearson-Fernandez,Heather Brown,Crystalchester,brittanyrodriguez@example.org,(296)300-9211
S0200,"Carson, Reed and Mendoza",Corey Gonzalez,East Megan,amandaboyle@example.com,+1-408-375-7103x357
S0201,Clark-Robinson,Cole Holland,North Jose,anthony80@example.com,001-310-335-2132x892
S0202,Shaw and Sons,Daniel Davis,Sarastad,ywilliams@example.net,001-609-800-4252x953
S0203,Knox-Henry,Susan Rose,Jesusview,edwardsbrandy@example.net,001-541-999-9514x9855
S0204,Nelson Ltd,Emma Vaughn,New Daniel,graymelissa@example.org,441-933-2856
S0205,Rodriguez PLC,Paul Nelson,New Mark,michaelpatterson@example.com,400-768-3036
S0206,Cox-Bishop,Robert Hill,Andrewburgh,john26@example.com,397-304-6559
S0207,Perez and Sons,Anthony Maldonado,West Kimberly,rhernandez@example.com,001-239-335-8584x5637
S0208,Schmidt-Williams,Mrs. Jill Cook,South Brittany,salinassergio@example.org,001-744-496-5838x4877
S0209,Hudson-Griffin,Ashley Miller,Jacksonfurt,sphillips@example.net,001-867-782-5183
S0210,Smith LLC,Donald Rojas,South Lisa,frankbrown@example.com,+1-719-998-8329x1432
S0211,Barker Inc,Kevin Perkins,Lake Patrickville,haydenjones@example.com,9572834121
S0212,Ochoa-Burgess,Troy Wyatt,Munozburgh,waredavid@example.net,001-552-303-7035x16207
S0213,Payne-Dennis,Peggy Robbins,Rosston,cunninghamwilliam@example.org,598-758-5282
S0214,Garcia-Campbell,Nancy Navarro,Matthewside,turnerjo@example.org,8432196373
S0215,Smith Inc,Steven Ward,North Catherine,fhicks@example.net,(726)450-7828x61174
S0216,"Vargas, Sweeney and Wright",Jessica Robertson,West Brandonview,fdiaz@example.org,001-805-630-3654x03278
S0217,Price LLC,Monica Ferguson,Lake Johnburgh,saragomez@example.org,001-749-899-4775x3510
S0218,"Simmons, Perry and Kennedy",Julia Walker,Ericksontown,nfaulkner@example.net,(441)613-0160x43346
S0219,"Fitzgerald, Bowers and Rose",Gabriel Johnson,New Jeanettechester,zingram@example.com,001-276-205-9834
S0220,"Fox, Carter and Chaney",Karen Adams,Danielfort,jeff45@example.com,001-815-575-2170x514
S0221,Mooney Inc,Alyssa Decker,Lake Daniel,hansonmichelle@example.com,001-241-209-2897x97260
S0222,Osborne-Stewart,Jacqueline Rogers,Sotofort,jward@example.org,+1-256-978-2690x2072
S0223,"Harrison, Walker and Wells",Martin Peters,Port Hannahville,greentony@example.net,+1-480-204-9459x31349
S0224,"Richards, Johnson and Ward",Carol Brown,South Melissa,amandaholt@example.com,4282377996
S0225,Zavala PLC,Stephanie Miller,Josephside,jody07@example.com,(337)885-0768x40386
S0226,"Aguirre, Russell and Ross",Jonathan Patel,South Kelly,ghenderson@example.org,(993)832-6709
S0227,"Harmon, Hartman and Brown",Christopher Williams,Lake Christine,michelle01@example.com,(908)480-7599x3939
S0228,Page-Eaton,James Peterson,East Susanberg,padillaapril@example.net,2375575379
S0229,"Mack, Ortiz and Taylor",Brian Burke,West Erichaven,vstuart@example.net,408.546.4704x935
S0230,"Clark, Guerrero and Hernandez",Michael Moore,East David,castillodonna@example.net,(895)757-4664x0075
S0231,"Hicks, Clark and Wong",Ryan Black,Curtisstad,kathryn60@example.net,673-748-6734x66055
S0232,"Nelson, Thomas and Martinez",Jerry Meyer,South Jill,stephensmichael@example.org,001-237-329-4543x31609
S0233,Stanley Inc,Todd Thomas,North Jennifer,lawrencestephen@example.com,(276)886-5552
S0234,"Vasquez, Clark and George",Tracey Gonzalez,Port Lauren,nwood@example.net,917.571.7916x5628
S0235,Thomas LLC,Omar Thomas,East George,flynndenise@example.com,284.471.3053x32786
S0236,Baker Ltd,Teresa Wyatt,Rachelchester,keithevans@example.net,944-556-6909
S0237,"Klein, Hardy and Ortiz",Jonathan Flores,Lake Denise,ashleykim@example.com,+1-232-310-9209x84872
S0238,"Miller, Pruitt and Huynh",Vicki Johnson,Tonyaton,christopher43@example.net,5047169896
S0239,Garza-Valdez,Gary English,West Gregory,jacquelinewhite@example.org,(451)682-0120x7506
S0240,"Johnson, Glenn and Garcia",Nicholas Barry,Lake Steven,kyleadams@example.org,975-419-4948
S0241,"Kim, Johnson and Holder",Jill Baker,Lake Francisco,glasschristopher@example.com,(260)492-7939
S0242,Johnson LLC,Sara Griffin,New Jennifer,marcrose@example.com,001-514-783-9671
S0243,"Irwin, Tucker and Graham",Jessica Stevenson,New Jessicaview,mperez@example.net,776.469.4224x89642
S0244,"Taylor, Phillips and Ruiz",Mariah Bautista,East Susan,ibrown@example.org,(886)230-1422x916
S0245,Smith-Macias,Thomas Ford,Lake Chelsea,tmorris@example.com,431.936.1563x59071
S0246,"Goodman, Brown and Stokes",Andrew Espinoza,North Mitchellberg,joshuaferrell@example.org,(508)382-5820
S0247,Porter-Lowe,Nicholas Hickman,North Davidmouth,wscott@example.net,(668)444-8446x626
S0248,Palmer-Todd,Jackson Cooper,Campbellberg,rcooper@example.com,001-991-712-5313x7107
S0249,Chung Ltd,Colleen Rodriguez,West Shelby,morgananthony@example.com,387.207.3660x2241
S0250,"Fitzgerald, Smith and Bradley",Sandra Torres,East Keith,cpruitt@example.com,773.575.8793
S0251,Carr-Leonard,John Collins,Port Johnmouth,mjordan@example.net,478-449-9757
S0252,Davidson-Brown,David Harris,Clineton,williamsmegan@example.net,001-449-709-8175x08049
S0253,Smith PLC,Carol Alvarez,Port John,velezjohn@example.org,942-673-2051
S0254,"Bean, White and Davenport",Lorraine Hartman,Brentfort,portega@example.com,+1-209-352-4283x49747
S0255,Donovan-Cruz,Kimberly Young,North Pamela,castromanuel@example.org,556.523.0986x01185
S0256,"Beasley, Smith and Joseph",Amy Dunlap,Bergport,wreese@example.net,599-836-1970x589
S0257,Ross-Adkins,Norman Burton,North Victoriaburgh,wallacejason@example.net,680.492.4233x9465
S0258,Roberts Inc,Nicole Clark,Michaelhaven,bhuber@example.net,362.744.9077x90070
S0259,Curry and Sons,Tammy Johns,Johnside,anthony24@example.org,(295)203-3649x3589
S0260,"Ibarra, Johnson and Morgan",Michelle Gonzalez,Port Jefferyland,kelly26@example.org,341.703.5727x65948
S0261,Christian-Pierce,Adam Lee,Lake Tony,cohenrichard@example.com,368-683-4297x5014
S0262,"Santos, Lopez and Knight",Monica Munoz,East Jasmineborough,pottersabrina@example.org,001-341-227-9786x1493
S0263,Mathews-Hebert,Wyatt Acosta,East Robertstad,npatel@example.com,835.599.7791
S0264,"Casey, Valdez and Farmer",Morgan Harmon,Port Jessicaberg,ycastillo@example.org,2099179685
S0265,Wolf LLC,Jenny Andersen,Port Tylerhaven,mckinneyjeffrey@example.org,001-845-225-8225
S0266,Thomas LLC,Donna Walker,Wagnerberg,dawnharrington@example.org,403-235-5860x6714
S0267,"Smith, Jacobs and Hale",Brandon Duke,New Paul,hgutierrez@example.org,3607333224
S0268,"Ayala, James and Santos",Nancy Mcdaniel,Maryberg,billysaunders@example.com,213.531.1635x388
S0269,"Mason, Hall and Underwood",Benjamin Russell,West David,william81@example.net,698-854-4556x65863
S0270,Clark-Rice,Jeremy Wilkins,South Catherinestad,jeffery12@example.net,001-711-656-0539x547
S0271,Smith-King,Colleen Wolfe,Jillfort,charles56@example.net,764.425.3670x338
S0272,Cooley-Franklin,Joanna Black,Guerreroton,clarkjames@example.net,343.432.6306
S0273,Wolf-Pierce,Blake Davis,Mcdonaldbury,rebecca44@example.net,(564)718-9536
S0274,Harris Ltd,Daniel Gonzalez,Cassandraborough,usawyer@example.org,(760)391-6531x035
S0275,Wood-Kim,Melanie Wallace,East Oliviafurt,powerssavannah@example.org,504.398.7119
S0276,Keller-Jones,Alison Lopez,West Robertberg,melanie26@example.org,+1-879-307-2129
S0277,"White, Hawkins and Hubbard",Diana Bullock,Port Theresa,derricksmith@example.net,703-267-1758x132
S0278,Owens LLC,Katherine Gonzales,South Jason,wagnersteven@example.org,001-859-651-0784x59538
S0279,Morrison PLC,Miss Sarah Dawson DDS,Lake Amandafurt,uconley@example.org,7658408417
S0280,"Martin, Rose and Torres",Devin Roberts,Levymouth,curtiscohen@example.org,358-731-0729x2466
S0281,Day Ltd,Margaret Rodriguez,Richardsonhaven,nicholassmith@example.net,606-212-8439x6771
S0282,Stephens PLC,Alex Bailey,Salazarchester,christinagarcia@example.com,691-663-8423x963
S0283,Flores Ltd,Matthew Wood,Rachelshire,paige06@example.org,2492582754
S0284,"Stewart, Baker and Valenzuela",Dr. Douglas Collins MD,Port Arthurtown,tiffanymoore@example.com,(715)240-3642
S0285,Brown-Weaver,Rodney Reed,New Rhonda,ubrewer@example.net,6648285270
S0286,Phillips-Duarte,Jody Gonzalez,Port Shawn,ujacobs@example.com,418-624-5446x900
S0287,Riddle Inc,William Lyons,Jonesview,peter55@example.net,9512435241
S0288,Kelley-Swanson,Stephanie Gamble,Katherineville,jonathansullivan@example.org,471-540-2123
S0289,Pham-Short,Caleb Brown,Lake Nicholas,patrick64@example.net,304-924-1412x537
S0290,"Gonzalez, Davidson and Simmons",Matthew Shepherd,Lake Jeremyhaven,robinmiller@example.org,(511)832-0223x11445
S0291,"Price, Arnold and Forbes",Robert Murphy,Taylorside,derek71@example.org,(381)442-8414x1018
S0292,Horton-Huang,John Hamilton,West Cameron,christopherdunn@example.org,787-549-0455x15725
S0293,Chavez Ltd,Austin Pratt,Tinatown,woodrichard@example.com,443.463.3191x3976
S0294,Jones-Ross,Jodi Thomas,Saramouth,joneselizabeth@example.com,(249)641-8894x37419
S0295,Pratt Group,Jonathon Brown,Jacksonland,jonathanreynolds@example.org,(629)220-5422
S0296,"Shaw, Holder and Garcia",Melissa Hill,East Morgan,kimberly45@example.com,(214)814-1516
S0297,Stewart-Hill,Don Coleman,North Amandahaven,sabrina08@example.com,+1-241-568-9718
S0298,"Tran, Miller and Castro",Shawn Hall,East Sarah,richardbailey@example.com,3045751607
S0299,Cummings-Lewis,Roy Watkins,Rebeccamouth,holmesdeborah@example.org,737-900-0206x760
S0300,Jordan PLC,Willie King,New Robert,victoriamendoza@example.org,(258)937-7787
S0301,Thomas Inc,Donna Bass,East Gordon,robin26@example.net,332-965-1372x95240
S0302,Miller and Sons,Kimberly Klein,Donaldfort,derek30@example.org,(738)227-1813
S0303,Thompson-Lowe,Amber Gomez,Chasefort,georgemorris@example.com,325.645.7483x54994
S0304,Joseph Inc,Mason Davis,East Jessica,bridget97@example.com,(774)779-0367x41114
S0305,Holt-Phillips,Danielle Owens,Donaldsonland,amcintosh@example.org,583.594.8311x3338
S0306,Mitchell-Weber,Evelyn Gonzalez,Port Rileyfurt,dwayne64@example.net,639.229.9359x91664
S0307,"Griffin, Miller and Morales",Evelyn Raymond,Janeberg,sbowers@example.com,(998)543-0039x8970
S0308,Meadows LLC,Christopher Hill,Dannyview,jensenrandy@example.com,(502)828-1949
S0309,Braun and Sons,Zachary Dudley,New Lisaberg,jessica76@example.org,873-592-9179
S0310,Lewis-Arroyo,Dean Richmond,Jacobmouth,epowell@example.com,918-341-9189x16856
S0311,"Mueller, Hancock and Clark",Andrew Evans,West Kristin,lyonsjonathan@example.org,501.386.3092x1078
S0312,Herrera-Lopez,Michael Carter,West Brian,floresteresa@example.net,845-219-9639
S0313,Douglas-Evans,Maria Myers,East Josephmouth,sarah49@example.com,+1-364-365-1183
S0314,Welch-Jones,Aaron Pacheco,Hamptonborough,cobbsharon@example.org,(811)373-2408x2707
S0315,"Taylor, Kim and Palmer",Kyle Johnson,Lake Andrea,bowendenise@example.net,+1-426-916-4496x253
S0316,"Murray, Bates and Reed",Harold Wright DVM,West Linda,emily59@example.net,001-386-765-4276x81942
S0317,Wong-Myers,Darren Long,Port Theresaton,murraymartin@example.net,(671)457-6979x3959
S0318,Wong-Smith,Jennifer Guerra,South Lindachester,pdrake@example.net,001-420-316-2413x2866
S0319,Archer Inc,Benjamin Jones,West Andrew,victorallen@example.com,+1-990-825-1391x200
S0320,"Roth, Kim and Keller",Melissa Gonzalez,Ernestbury,jessica33@example.org,948.255.4565
S0321,"Clayton, Newman and Acevedo",Christina Moody,Garciafort,joshua56@example.org,+1-215-504-7852
S0322,Simpson-Wood,Amber Morrison,Hughesland,olivia29@example.com,001-648-895-2612
S0323,Huynh-Smith,Amanda Reed,Michealland,olsonjennifer@example.net,509-492-2477x2310
S0324,Miller PLC,Matthew Mejia,Lake Brandonfort,gary66@example.com,390-335-7652x899
S0325,Spence-Cole,Andrew Heath,South Isaacmouth,oowens@example.net,958.430.3868
S0326,Torres-James,Meghan Gutierrez,Tranview,maria59@example.org,953-454-9789x7540
S0327,Wade Inc,Erin Hogan,North Sharonburgh,bonnie22@example.net,+1-856-827-5172x645
S0328,Mitchell-Monroe,Ricardo Copeland,Johnside,torresryan@example.org,001-771-639-9097
S0329,"Espinoza, Harris and Wright",Melvin Contreras,East Jamie,thomas81@example.org,(355)814-0528
S0330,Garza Ltd,Kathy Fischer,Port Dana,luisblair@example.org,231-237-6079x917
S0331,Harvey Ltd,Jimmy Scott MD,Lake Nancyhaven,allenchristine@example.com,+1-357-264-5361x21517
S0332,"Hughes, Aguirre and Kim",Richard Cruz,East Kristen,lwhite@example.org,+1-747-704-7663
S0333,Coleman Inc,Kevin Stewart,Dawnville,bennettelizabeth@example.net,001-666-399-6457x2860
S0334,"Williams, Delgado and Munoz",Heidi Walker,Webbview,hesterveronica@example.org,001-928-396-5544x538
S0335,Hull Ltd,Brian Galloway,Davidstad,shirley91@example.com,442-325-7354
S0336,Fernandez LLC,Brian Murphy,Lake Margaretchester,zgoodman@example.net,561-817-5554x1217
S0337,White-Turner,Aaron Cooper,Leefort,whitney92@example.net,(614)441-7780x40113
S0338,Williams-Brown,Matthew Martin,East Robert,rortiz@example.com,(698)718-3506x226
S0339,Pineda-Vazquez,Rodney Ayala,Port Marilynview,powersapril@example.com,+1-344-497-9938x461
S0340,White-Pierce,Andre Collier,South Brendaville,jerrymarshall@example.com,470.410.0136x02106
S0341,"Taylor, Johnson and Williams",Robert Schneider,Lake Patrickton,jamessmith@example.org,(417)955-4795x74261
S0342,Reeves-Smith,Nicole Griffin,North Markstad,jameshuffman@example.com,986.267.2882x7828
S0343,"Smith, Young and Orozco",Gilbert Carter,Michaelfort,stewartdawn@example.net,001-497-583-0392
S0344,Roberts Ltd,James Davenport,South Johnshire,andre47@example.net,(204)919-4718x30303
S0345,Garza-Lopez,Paula White,Taylorchester,quinnjames@example.org,267.731.7095
S0346,Pearson-Clark,Sandra Krueger,Ellisontown,kristen22@example.org,4496112258
S0347,Ortiz-Dyer,Ashley Lewis,Williamland,connie53@example.net,855-265-7596x300
S0348,Walton PLC,Carmen Jordan,Michelleview,nicholasrichardson@example.org,360-570-2166x800
S0349,"Taylor, Gomez and Sanchez",Trevor Oconnor,Ethanmouth,sallen@example.com,722.390.8181x7375
S0350,"Jones, Vaughn and Roberts",Sean Bush,Porterside,kristenpalmer@example.net,001-853-212-4920x4021
S0351,Ramirez Inc,Patricia Moore MD,West Richard,hkennedy@example.com,(881)591-0779x8258
S0352,Mcdonald-Doyle,Ashley Hancock,North Jennifer,kimberlymurphy@example.net,902-673-2261
S0353,Smith-Diaz,Thomas Choi,South Aaron,juliajimenez@example.com,337-204-9992x82889
S0354,Ayala and Sons,Robert Kidd,Pamelaland,cameronsmith@example.org,+1-547-645-2629
S0355,"Collier, Allen and Patrick",Michael Smith,Adriennefurt,gford@example.com,631-322-6575x293
S0356,"Gordon, Diaz and Buchanan",William Cooper,Kevinstad,meganpayne@example.net,617-995-0333
S0357,Hale Group,Anna Singh,Sharpstad,browncharles@example.net,365-287-1985x1284
S0358,Martinez-Martin,Beverly Smith,Johntown,debrakim@example.org,905-901-6477x441
S0359,Thompson-Davidson,Caitlin Sanchez,New Jasminebury,carrollashley@example.com,+1-915-764-9610x7314
S0360,Collins-Parker,Jamie Duffy,West Erikashire,dannyturner@example.org,(572)759-0710
S0361,"Mosley, Elliott and Haas",Jeremy Mcgee,Ericview,pamela34@example.com,290.264.7946x309
S0362,Miller-White,Jennifer Mitchell,Wrightshire,briangutierrez@example.com,001-346-912-7156x049
S0363,Vargas-Snyder,Monique Griffin,East Jeffreybury,laura28@example.net,+1-840-744-0687x5103
S0364,"Mcfarland, Roy and Sanders",Audrey Simmons,Anthonyview,glennmack@example.org,(387)369-1640x9694
S0365,King PLC,William Franklin,Valdeztown,ysanders@example.org,5105806317
S0366,Guerrero-Williams,David Bennett,New Lisa,monica04@example.org,(586)933-1943
S0367,Roberts-Norton,Kathleen Olson,South Erictown,timothy09@example.net,821-450-8831x990
S0368,White PLC,Miss Yolanda Ramirez,South Andrewview,holiver@example.com,(703)272-2349x973
S0369,Santiago Inc,Daniel Lee,East Michael,erin06@example.org,355-432-3770
S0370,Lynn-Johnson,Jennifer Robinson,Ashleyland,richardlee@example.com,001-375-999-5843x85454
S0371,Wood Inc,Jesus Greene,Lake Brian,heatherpratt@example.com,724.715.7127x089
S0372,Dean LLC,Brendan Sanders,New Autumnstad,nvargas@example.net,973-678-7319x5016
S0373,Porter-Lutz,Gregory Cobb,Donaldport,scottwhitaker@example.com,+1-600-592-1764
S0374,Jackson-Norris,Leslie Blankenship,Lake Sean,espencer@example.com,(670)478-9540x5175
S0375,Lee Group,Christopher Downs,Port Scottton,thomasgregory@example.net,354.217.7421x100
S0376,Bautista-Thompson,Eric Sutton,West Rachel,joseph28@example.com,839.847.5981x7495
S0377,"Frost, Hopkins and Smith",Jimmy Floyd,Ericksonstad,justin94@example.net,690-999-6231
S0378,Malone-Robertson,Ryan Wright,West Andrewland,trujillomiguel@example.org,697.318.7563
S0379,Novak-Dudley,Joseph Hebert,West Brettview,powellnatasha@example.org,001-467-299-4205x40056
S0380,Flores Group,Richard Harrison,Port Cory,alexanderhill@example.com,+1-579-961-4628
S0381,Hernandez LLC,Carol Poole,North John,brownrobert@example.net,001-485-250-3384
S0382,"Brown, Walls and Skinner",Trevor Allison,Bradleyburgh,kellystephanie@example.net,+1-570-892-1524x328
S0383,"Pollard, Macias and Price",Robert Miller,Odomburgh,victoredwards@example.com,4229519069
S0384,Little-Stewart,Nicholas Jones,Port Katherine,sarah84@example.com,600-240-1518
S0385,Fields and Sons,James Lynch,Caseyshire,harrysmith@example.net,001-490-526-9667
S0386,Dodson-Watkins,Allen Sullivan,South Nicholasland,jameswong@example.com,+1-691-545-0124x80653
S0387,"Odom, Gay and Porter",Timothy Schwartz,Johnnytown,atkinsonjames@example.org,204-956-9561x29360
S0388,Powers-Lee,Sarah Reeves,South Stevenshire,lopezcody@example.org,+1-349-641-1499x15225
S0389,Webb-Fry,Henry Hall,Warrenbury,tammysmith@example.net,480-498-1302x59064
S0390,Gregory and Sons,Mark Lowery,Port Garyville,briannasmith@example.org,001-541-330-9932x346
S0391,Ewing Ltd,Daniel Brown,Lake Jeanneview,joycejennings@example.org,840.308.7608x3589
S0392,Graves-Garcia,Anna Watts,East Julie,james85@example.org,393-647-0896x2391
S0393,"Rogers, Smith and Martin",Margaret Jones,Greenport,awright@example.org,726.765.9997
S0394,"Williams, Wallace and Cook",Tracy Burns,Hugheston,koliver@example.org,(600)380-9533
S0395,Rivera-Walton,Traci Olsen,Hayesmouth,robertdavis@example.net,634.498.4435x494
S0396,Martin-Rowe,Andrew Melendez,Phillipmouth,kolsen@example.net,628.389.1873x8756
S0397,"Ward, Schmitt and Molina",Danielle Matthews,Barbaraview,rmeyer@example.org,+1-482-570-1294x2562
S0398,Mills-Thomas,Brian Jackson,Reyesstad,carrillogary@example.net,+1-856-712-5317x55286
S0399,Williams Inc,Andrea Perry,North Alexandra,garrett36@example.net,001-529-833-2547x268
S0400,"Brown, Perez and Henderson",Brian Brown,Peckfurt,aarongarcia@example.org,892.534.4827x5068
S0401,"Pena, Terry and Sharp",Brittany Camacho,Harriston,elizabethreed@example.org,+1-622-387-6623x2643
S0402,"Morales, Shelton and Jackson",Cole Watts,North Logan,daviskaren@example.com,001-574-653-6018x6450
S0403,"Bryan, Smith and Williams",Debra Moore,Deborahmouth,garcianicholas@example.net,001-407-321-3809x0956
S0404,"Pruitt, Sanchez and Garcia",Stephanie Craig,South Samantha,laura08@example.net,+1-856-859-6746
S0405,Miller Group,Juan Fisher,Lindafort,cookamber@example.com,446-396-7289x61003
S0406,Stewart Ltd,Bryan Williams,Johnsonstad,gomezamanda@example.com,9184514523
S0407,Silva Inc,Joseph Stanley,Rodriguezburgh,christopher25@example.com,(658)519-3736x36085
S0408,Ramirez-Gardner,Amanda Taylor,North Andrewberg,haleyalvarez@example.net,(667)206-3681
S0409,Allen LLC,Emily Gray,Walshside,hortonvanessa@example.org,998-431-1302x6914
S0410,"Jones, Alvarado and Garza",Brianna Gonzalez,Powellland,derekrogers@example.com,987.415.0199x17406
S0411,"Stanley, Holloway and Mccoy",David Johnson,Cisnerosview,strongmary@example.net,259-620-7835
S0412,"Young, Roberts and Gilmore",Jasmine Jacobs,West Micheleport,taylorwalker@example.com,470-283-5748x153
S0413,Nixon-Mccall,Alexis Holland,Ellisberg,cpeterson@example.org,+1-260-825-2299
S0414,Rodriguez Inc,Nicholas Phillips,New Jenniferview,esimpson@example.net,001-828-273-0911x0108
S0415,"Rice, Mendoza and Smith",Kelsey Bender,Johnside,erik83@example.org,+1-757-310-1919x9689
S0416,Green Inc,Michelle Johnson,Jenniferborough,chad50@example.org,781-730-3559x8153
S0417,Ross LLC,Jennifer Villarreal,East Jonathan,walshnicholas@example.net,510-989-5711x8458
S0418,Wall LLC,Kimberly Harper,New Williamfort,joelgraves@example.net,766-473-0181x35409
S0419,Lawson Ltd,Michael Anderson,Lake Joseton,ocross@example.org,4047192354
S0420,"Baker, Norton and Bell",Jonathan Meyer,Cabreraport,ewood@example.com,819-754-9844x00183
S0421,Wilkins Group,Alicia Thomas,East Lindaland,scottbradley@example.com,(274)349-2763x76620
S0422,Thompson-Wheeler,Nicholas Smith,West Andrea,ballsherri@example.net,(626)601-4431
S0423,"Aguilar, Harris and Proctor",Kathryn Walker,Sharpborough,jessicalewis@example.com,754.227.1186
S0424,Mccarthy-Kelly,Brenda Wolfe,Jamesfort,michelefaulkner@example.net,+1-332-993-1136x77136
S0425,"Beck, Price and Garcia",Patrick Montoya,Port Hannah,jenniferhoffman@example.org,001-593-907-0768x39647
S0426,Johnson LLC,Felicia Smith,Smithview,ffinley@example.com,+1-898-410-6751x03159
S0427,Gordon-Garcia,Timothy Abbott,Patriciaberg,anthonynewman@example.org,490-965-4602x464
S0428,Sutton-Adams,Austin Parker,Ericaburgh,tatedaisy@example.org,001-651-826-1299x422
S0429,Neal PLC,Nathan Arnold,Ibarraton,richardortiz@example.net,779.503.2026x987
S0430,"Archer, Davis and Thompson",Natasha Sanders,New Nathan,campbelledward@example.net,+1-496-786-5430x4557
S0431,"Terry, Reed and Anderson",Samantha Neal,East Leslieborough,gillespiechristopher@example.net,(561)966-4560
S0432,Collins-Thompson,Elizabeth Smith,East Dustin,johnnystevens@example.com,(821)572-8885
S0433,"Ford, Roman and Rios",Andre Morales,North Brandy,robertsnicholas@example.org,736.767.4194x3926
S0434,Watson PLC,Isaiah Robertson,West Ericland,steven66@example.org,(458)515-3381x5103
S0435,Barrett Group,Brooke Sims,South Ann,aguirreshawn@example.net,488-869-8159x11763
S0436,"Miller, Myers and Kelly",Gloria Harrison,Matthewbury,vaughnpatrick@example.com,6482091321
S0437,Ballard-Garza,Jerry Tran,Gregoryport,christiantravis@example.net,+1-869-443-6726
S0438,Bartlett and Sons,Monica Bishop,Joemouth,amberjennings@example.net,(201)990-9056x90612
S0439,Smith-Phillips,Sarah Evans,West Kyleview,james48@example.org,001-935-890-3529
S0440,Smith-Middleton,Victoria Thomas,Lake James,mmontoya@example.net,(891)250-9932x0560
S0441,"Wilkins, Ramirez and Wade",Brandi Walker,Lamton,carol09@example.net,001-793-892-6288x6060
S0442,Hebert Ltd,Michael Bell,Bakermouth,bryantjose@example.com,+1-765-749-7345x13661
S0443,"Davidson, Pham and Morris",Billy Johnson,Jessicaview,beth46@example.com,001-590-519-7337x39245
S0444,Wilson Ltd,Eric Mccarthy,Audreychester,justinbray@example.org,293-288-6933x582
S0445,Thomas LLC,Carla Yates,Robinsonton,michaelshaw@example.net,+1-548-844-5033
S0446,"Todd, Madden and Berry",Ryan Thomas,West Rhonda,marklee@example.net,(767)313-0974
S0447,Lee Inc,Linda Singleton,Port Stephen,taylorrichard@example.org,3824113559
S0448,Martinez-Stokes,Tyler Solis,Buckport,melvin67@example.net,(876)408-1088x845
S0449,"Padilla, Perez and Adams",Nicholas Gutierrez,West Rachel,joshuamiller@example.org,2297369780
S0450,"Weaver, Hancock and Hardy",Deborah Mcpherson,Port Alyssabury,erin30@example.net,880.773.9675x62940
S0451,Wallace-Gonzalez,John Lopez,Riveraside,kristin83@example.com,(222)931-9843x23789
S0452,"Mcgrath, Scott and Smith",Lauren Gonzalez,Danielside,jonesmatthew@example.com,677-507-2998
S0453,Nelson Group,Chelsea Nash,Cummingsstad,nicole57@example.com,630-291-2321x9855
S0454,Bennett Inc,Christopher Reed,Port Andrew,wyattmadison@example.net,(736)929-2926x89382
S0455,"Andersen, Peters and Vasquez",Mitchell Baker,North Melody,savannah70@example.net,001-309-377-2667x4436
S0456,Allen-Vega,Bradley Moore,Thompsonton,hoodkenneth@example.org,(689)821-7813
S0457,"Thompson, Floyd and Henson",Jeffrey Henderson,East Sean,angela56@example.com,001-322-523-6679
S0458,Wilson PLC,Rick Armstrong,East Gregoryshire,michelle20@example.org,001-548-234-6649x248
S0459,"Haynes, Molina and Diaz",Lawrence Solis,Hendricksmouth,blackwelljason@example.com,980-569-7569x433
S0460,Lewis-Collins,Luis Jones,Kimberlyport,sara28@example.com,001-738-238-6480
S0461,Lopez PLC,William Pierce,Jeanmouth,wendy59@example.com,340.363.5702
S0462,Wood-Koch,Leah Wiley,South Joshua,deanna79@example.net,(462)550-0762
S0463,"Long, Scott and Jones",Lauren Boone,Carlton,clairemalone@example.net,632-738-5244
S0464,Morris-Leonard,Taylor Newman,North Mollyshire,rioscatherine@example.org,+1-283-564-4855x1112
S0465,Clark Ltd,Brian James,North Pennyland,josephbrown@example.org,911-550-6692
S0466,Jones LLC,James Reynolds,West Kevin,joshua86@example.org,(664)425-8143
S0467,Acosta-Fuller,Andre Patterson,West Brendaberg,leejamie@example.net,(401)814-9774x83006
S0468,"Wright, Turner and Hamilton",Caleb Anderson,Port Sandra,tgonzalez@example.com,576.601.3591x49344
S0469,"Thompson, Williams and Flores",Randy Petersen,Jonesburgh,sholland@example.org,674-575-8048x890
S0470,Washington-Black,Carl Mitchell,Amandaland,ytownsend@example.com,+1-877-209-0487x62588
S0471,"Ross, Myers and Smith",Mr. Ian Freeman,Ebonytown,hamiltondonald@example.org,(694)334-6953x6288
S0472,"Clarke, Bernard and Glenn",Gabriel Kim,West Jacob,bsanchez@example.net,318-505-9570
S0473,"Hunt, Campbell and Terry",Christopher Lopez,East Keith,amandaholloway@example.net,799.385.4218x1571
S0474,Williams-Spencer,Gabriel Taylor,North Stephenberg,benjamin06@example.com,+1-422-519-9060x073
S0475,Blair-Jones,Michelle Noble,Matthewside,jeanettearias@example.net,425-627-4031
S0476,Smith Inc,Destiny Lewis,Wrightberg,egillespie@example.com,+1-411-352-8810x0370
S0477,Olsen-Turner,Michael Lawrence,West Alejandrotown,jamesnielsen@example.org,783-784-3383
S0478,Mcgee Group,Daniel Burnett,Brandonborough,odavidson@example.net,555.981.0927
S0479,"Carter, Smith and Cooper",Melissa Lawson,Lake Thomas,michaelreed@example.org,6029027814
S0480,"West, Howell and Taylor",Charles Allen,North Jeffrey,uwood@example.com,+1-652-386-0378x659
S0481,"Webb, Parks and Smith",Ashley Hernandez,Hinesmouth,ulewis@example.net,(436)291-6109
S0482,Villarreal Group,Janet Taylor,Kathrynfurt,eclements@example.com,731.559.6939
S0483,Young Ltd,Casey Krueger,Parkertown,isaac36@example.org,978-842-6412x3296
S0484,Becker-Bridges,Cameron Lambert,Elijahhaven,nguyendwayne@example.org,(217)535-7444x28092
S0485,Williams LLC,Madison Franklin,East Johnfurt,qschmidt@example.net,(226)405-3730
S0486,Murray Group,Joseph Dawson,Roseside,curtiscourtney@example.org,531.549.5058x22677
S0487,Smith-Frank,Daryl Ewing,Port Davidburgh,mark67@example.net,454-803-8763x74510
S0488,Grant-Espinoza,Karen Daniel,Sharpfort,zavalatheodore@example.net,572-544-9870
S0489,Baker-Wallace,Bobby Long,West Ryanchester,ktran@example.com,+1-349-549-2295x5483
S0490,Meyers LLC,Michael Bradford,New Davidside,pattersongeorge@example.net,987-938-0843
S0491,"Mcclain, Green and Dawson",Nicholas Powell,Hubbardmouth,bergerstephanie@example.org,001-772-833-5386x77067
S0492,Dickson Inc,Mr. Mark Hampton,Gallowayport,georgescott@example.org,(856)299-7574
S0493,"Young, Barker and Bailey",Anna Flynn,East Fernandohaven,sherijones@example.org,001-901-422-4023
S0494,"Stevens, Parks and Bolton",Allison Ruiz,Port Michaeltown,thomas93@example.com,955.557.1259x1034
S0495,Fernandez and Sons,Anna Collier,South Sallytown,millswendy@example.net,001-598-447-2657x45930
S0496,Dunn-Frazier,Shelly Martinez,East Hannah,ypalmer@example.net,338-579-6201x69007
S0497,Warren Group,Jordan Williams,Mariafort,kathleen77@example.net,001-456-268-7265x390
S0498,"Singh, Mitchell and Paul",Joseph Huerta,Port Latashabury,xsmith@example.org,+1-563-796-5740x1525
S0499,"Hernandez, George and Barrera",Shawn Mccoy MD,Port Wandabury,tracy62@example.net,467-847-7303
S0500,Mcfarland LLC,Nicole James,New Caitlyn,lauraclark@example.com,(986)926-5860x15677
