complaintID,customerID,date,issue,status
CP30001,C2899,2025-02-06,Pay stuff reveal watch clearly authority.,Open
CP30002,C2411,2024-12-15,Space away happy action almost.,Closed
CP30003,C3280,2025-04-10,Friend garden kind sure.,Closed
CP30004,C2197,2024-12-12,Player stock shake choose.,Closed
CP30005,C1854,2024-10-20,Keep analysis service state.,Open
CP30006,C0205,2024-06-25,Nothing season country white.,Closed
CP30007,C1106,2024-07-28,Student age determine.,Open
CP30008,C0532,2025-04-18,Summer civil tend one energy election.,Closed
CP30009,C0056,2025-06-06,Laugh head law let stay couple.,In Progress
CP30010,C3126,2025-01-12,Newspaper look likely.,Closed
CP30011,C1574,2024-07-06,Social around learn guess something.,Open
CP30012,C0609,2025-02-10,Far together beyond attention take candidate.,Open
CP30013,C2069,2024-12-07,Final social beat yeah.,Closed
CP30014,C1279,2025-05-23,Very could across.,Closed
CP30015,C3494,2024-11-09,Record although store we unit.,Closed
CP30016,C0199,2024-11-07,Several usually fall.,Open
CP30017,C2942,2025-04-03,Live vote nation someone.,In Progress
CP30018,C1968,2025-05-05,Indeed color reduce move call use.,In Progress
CP30019,C0535,2025-05-10,Week may home should.,Open
CP30020,C3277,2025-01-31,Bank soldier student current.,Open
CP30021,C2276,2025-02-20,Media west per option economic.,In Progress
CP30022,C3340,2024-12-06,Senior alone student process of.,Open
CP30023,C2994,2024-07-26,Role speak dark itself establish.,Open
CP30024,C2163,2024-12-04,Sea pay now quite support.,Closed
CP30025,C2803,2024-12-15,Stuff hand night spend statement.,In Progress
CP30026,C0812,2024-06-19,Direction lot available inside help.,Closed
CP30027,C3129,2024-12-09,Argue speak believe various culture.,Open
CP30028,C0271,2025-03-18,Environmental team imagine hour.,Closed
CP30029,C3154,2024-09-04,A least arm.,In Progress
CP30030,C2513,2025-03-20,President black same street use.,Closed
CP30031,C3104,2024-06-30,Hope response girl.,Open
CP30032,C1276,2024-10-31,Participant perform such her low.,Closed
CP30033,C1896,2024-10-21,Five capital program.,Open
CP30034,C3170,2024-11-02,Likely once fast party maybe drive.,In Progress
CP30035,C3157,2024-08-26,Expert fish safe move interview enter.,In Progress
CP30036,C0837,2024-12-01,Often might college tax.,Open
CP30037,C1998,2025-02-23,Hard weight of.,In Progress
CP30038,C1567,2025-01-24,Similar long vote.,In Progress
CP30039,C2086,2025-06-13,Include brother fill kitchen become by.,Open
CP30040,C1594,2024-07-12,Growth finally east.,Closed
CP30041,C1153,2024-11-25,Mouth paper and.,Open
CP30042,C1299,2024-11-18,Would off structure.,In Progress
CP30043,C2637,2025-06-02,Economic morning teacher early blood world.,Open
CP30044,C0777,2025-02-20,Fly behind continue state.,In Progress
CP30045,C2413,2024-09-02,Perhaps song TV across.,Closed
CP30046,C2518,2025-05-13,Box agreement available charge for world.,Closed
CP30047,C3298,2025-02-20,Campaign reality since sport.,In Progress
CP30048,C0381,2024-08-18,Whether require their at.,Closed
CP30049,C2054,2024-08-18,Hot out support.,Open
CP30050,C2765,2024-11-20,Personal along agent just.,In Progress
CP30051,C0947,2025-03-28,Coach method above lay lawyer.,Closed
CP30052,C1997,2025-05-07,You security population exactly.,Closed
CP30053,C2668,2025-01-16,As game bit decision.,Closed
CP30054,C1423,2025-05-02,During television later.,Open
CP30055,C0069,2025-03-29,Budget in prevent full eat.,Open
CP30056,C2576,2025-05-06,Computer fine deep popular store bill.,Closed
CP30057,C1043,2024-08-20,Choice power analysis.,Open
CP30058,C2497,2025-03-18,Economic full serious.,Open
CP30059,C0133,2025-02-25,Laugh miss attorney.,In Progress
CP30060,C0944,2025-05-08,Itself evening impact.,Open
CP30061,C0401,2024-07-05,Option give size.,Open
CP30062,C2584,2025-03-23,Environment give lawyer study.,Open
CP30063,C0547,2024-09-17,International out which actually institution analysis.,In Progress
CP30064,C1021,2024-10-12,Respond yeah owner give together.,Open
CP30065,C0054,2024-10-15,Hit while actually consider sign allow.,Open
CP30066,C2308,2024-07-06,Community form agent.,In Progress
CP30067,C1227,2024-11-05,Be organization center front.,Open
CP30068,C2788,2024-08-28,Rock mean statement.,Open
CP30069,C2125,2025-02-01,Company range consider tell company.,Open
CP30070,C2203,2024-09-23,Radio large hit public condition Mr.,Open
CP30071,C3378,2024-09-30,Must car remember hear.,In Progress
CP30072,C0850,2024-09-04,Chair father seven around soldier analysis.,In Progress
CP30073,C0417,2024-11-30,Also operation heavy where.,In Progress
CP30074,C3422,2025-01-04,Billion former like.,Open
CP30075,C0579,2024-11-21,According area despite.,Closed
CP30076,C2582,2024-11-07,Manager look then executive guess.,Closed
CP30077,C3004,2024-11-12,Improve whom woman issue third social.,In Progress
CP30078,C1609,2024-09-15,Rock nothing almost.,Closed
CP30079,C0149,2024-07-12,Decide outside including.,Closed
CP30080,C2289,2024-08-20,Turn finish nor able.,Closed
CP30081,C1068,2024-11-03,Evidence itself director.,In Progress
CP30082,C1279,2025-03-04,Teacher big edge what sing cut.,In Progress
CP30083,C3209,2025-02-12,Move media break another.,Closed
CP30084,C0884,2024-11-26,Responsibility not hundred part conference.,Open
CP30085,C0546,2024-08-05,Argue industry mouth.,Closed
CP30086,C2826,2024-10-12,Support exist lose want marriage down.,Open
CP30087,C1034,2025-02-20,Leg health notice sure.,Open
CP30088,C0904,2024-09-20,Popular usually understand.,Closed
CP30089,C0669,2025-03-17,Culture he result whether.,In Progress
CP30090,C2395,2025-01-08,Measure speech situation also.,Open
CP30091,C0936,2024-11-03,Enough coach call have push.,In Progress
CP30092,C2988,2025-01-15,Small same better fund race.,Open
CP30093,C0682,2024-08-03,Head lawyer draw.,Open
CP30094,C0249,2025-05-08,Protect use travel smile fly question.,Open
CP30095,C0634,2025-03-21,South provide must generation.,In Progress
CP30096,C0044,2025-05-28,Free risk song.,Closed
CP30097,C3023,2024-10-24,Those unit budget.,Open
CP30098,C1831,2025-04-15,Mother simple say garden.,Open
CP30099,C2570,2025-04-11,No wife week if.,In Progress
CP30100,C2708,2024-12-27,Green relate evening training.,Open
CP30101,C0905,2024-06-19,Risk smile argue election grow.,Closed
CP30102,C3330,2024-06-20,Relate under current over dinner.,In Progress
CP30103,C0964,2024-08-24,Sport leg responsibility sound usually.,Open
CP30104,C1586,2024-07-28,Computer avoid other home these.,Open
CP30105,C2246,2025-05-16,Thought economy second against wind.,In Progress
CP30106,C2914,2024-12-20,Road activity size rest stuff term.,Open
CP30107,C1180,2024-12-24,Service investment my save require identify.,Closed
CP30108,C1622,2025-03-14,State increase and site American eye.,Open
CP30109,C2091,2025-02-24,Similar last best news.,Open
CP30110,C2409,2024-11-19,Side give task party shoulder.,Open
CP30111,C0603,2024-06-25,Me that six activity agent foot.,Closed
CP30112,C2848,2025-04-21,Score ok enter film program.,Closed
CP30113,C1348,2024-11-26,Generation citizen use minute artist.,Closed
CP30114,C2967,2025-02-18,Control yourself six.,In Progress
CP30115,C3207,2025-01-15,Bed four become she we.,Open
CP30116,C2427,2025-01-02,History old hear.,Closed
CP30117,C3035,2025-04-27,Whom run form maintain.,Closed
CP30118,C1550,2024-10-17,Appear always order child training.,Open
CP30119,C1462,2025-06-05,Fine give wind owner.,Closed
CP30120,C0179,2024-09-11,Agency management nice democratic tree.,Closed
CP30121,C1773,2024-07-03,Window else every actually.,Closed
CP30122,C2013,2024-08-11,Player training past within.,Open
CP30123,C1026,2025-01-09,Stock so anything fine early major.,In Progress
CP30124,C2170,2024-09-18,Brother structure office various financial politics.,In Progress
CP30125,C0448,2025-06-11,Chance while western.,Open
CP30126,C0469,2024-12-31,It three American manager stand anything.,Closed
CP30127,C1806,2024-12-12,City environment that state space.,Open
CP30128,C2261,2024-08-05,Career hard go soldier kind and.,Closed
CP30129,C3377,2024-06-25,Age serve professional body draw.,Open
CP30130,C2359,2024-06-25,End bed use better.,Open
CP30131,C3445,2025-04-26,Bill organization there line.,Open
CP30132,C1313,2024-08-03,Play never camera.,In Progress
CP30133,C2302,2024-08-25,Pattern forward hope reach.,Closed
CP30134,C0100,2024-08-18,Religious step where hit five policy.,Open
CP30135,C2234,2024-07-01,Direction because under always military direction.,Closed
CP30136,C2386,2024-10-07,Effort standard main budget wish pretty.,Closed
CP30137,C0155,2025-06-09,Prevent sense result.,Closed
CP30138,C2592,2024-08-29,Consumer certain money result past generation.,Open
CP30139,C0940,2024-12-13,The soldier everything table same movie.,Closed
CP30140,C0750,2024-08-27,Growth nation character.,In Progress
CP30141,C0206,2025-05-19,Hope civil several often member same.,Open
CP30142,C3394,2025-05-28,Activity itself wife throw fall.,In Progress
CP30143,C2470,2024-12-27,Anyone politics large hard campaign.,Open
CP30144,C0836,2025-02-02,Relate actually under involve.,In Progress
CP30145,C3092,2024-11-11,Phone soon meeting they institution share.,Closed
CP30146,C0312,2024-06-29,Mission himself often home sit data.,Open
CP30147,C1469,2024-11-04,Big score wife management.,In Progress
CP30148,C0289,2025-02-13,Item although number agent hand.,Closed
CP30149,C1209,2025-04-12,One society second chair then.,Closed
CP30150,C0573,2025-05-11,Put rest six believe.,Open
CP30151,C2404,2024-12-24,Hand across others.,Closed
CP30152,C3087,2024-12-13,National bar race significant.,Open
CP30153,C1047,2024-12-09,Step head down total subject.,In Progress
CP30154,C1282,2025-01-11,Laugh black citizen whole fill throw.,Open
CP30155,C2228,2025-03-20,Nothing action move.,Closed
CP30156,C0918,2025-06-10,Most bar as.,In Progress
CP30157,C2188,2024-08-25,Weight itself service join.,Open
CP30158,C3220,2024-10-04,Risk onto sing share.,Open
CP30159,C2057,2025-01-09,Expect particular not such.,Closed
CP30160,C3339,2024-10-07,Hope turn chance close.,Open
CP30161,C1253,2025-03-08,Should executive spend summer with decade late.,Open
CP30162,C0064,2025-05-02,Push option board.,Closed
CP30163,C0139,2025-05-26,Music surface mind later.,Open
CP30164,C2308,2024-11-16,Between fly determine when since wide.,Closed
CP30165,C3374,2025-01-30,Put task ever fight same debate.,Closed
CP30166,C2459,2024-06-30,Senior positive top see stand social.,In Progress
CP30167,C2991,2024-09-23,Family evidence area.,Closed
CP30168,C1976,2024-07-03,Hand may hotel.,Open
CP30169,C0559,2024-09-22,Himself wear tell.,Open
CP30170,C3202,2025-01-30,Ten bar color.,Closed
CP30171,C3055,2024-08-20,Future fill subject whose now south.,In Progress
CP30172,C2515,2025-05-26,Course chair behind else.,In Progress
CP30173,C3223,2024-10-11,Foot mission break store.,In Progress
CP30174,C3109,2024-07-25,Heavy million without consumer pressure.,Closed
CP30175,C0842,2024-07-26,Factor media daughter face away.,Open
CP30176,C1996,2024-11-26,Hot already prove.,Open
CP30177,C0651,2025-05-12,To claim main.,Closed
CP30178,C2900,2024-11-26,Blue raise two seat include begin.,Closed
CP30179,C2579,2024-08-28,Never staff exactly interest effect.,Closed
CP30180,C1489,2024-12-16,Visit thought various find talk improve.,In Progress
CP30181,C1641,2024-10-31,Professor foot foot stand field.,In Progress
CP30182,C1242,2024-08-08,Be how financial similar all.,In Progress
CP30183,C1137,2024-08-09,Star southern explain somebody professional black.,Closed
CP30184,C0679,2024-07-20,Radio trade both little choose ten contain.,In Progress
CP30185,C1005,2024-12-27,Production simple ball.,In Progress
CP30186,C3036,2025-03-03,Picture off anything whatever.,Open
CP30187,C3201,2024-08-28,Impact outside protect project shoulder specific.,In Progress
CP30188,C3390,2025-04-08,Modern very religious building outside environment.,In Progress
CP30189,C1431,2024-08-05,Left site over water professional.,In Progress
CP30190,C2967,2024-12-31,Economy small surface choice.,In Progress
CP30191,C2594,2024-10-18,Information this dog beyond film.,Closed
CP30192,C0962,2025-03-07,Current enter culture drive way single.,Closed
CP30193,C2198,2025-03-15,Expect from compare.,In Progress
CP30194,C0282,2025-04-26,Listen hundred my degree southern.,In Progress
CP30195,C0127,2025-04-27,Attention age movement let.,Closed
CP30196,C2949,2025-01-29,It vote leave claim vote.,Open
CP30197,C2402,2025-01-14,Item forward move matter personal now.,Closed
CP30198,C2461,2024-08-15,Often he point also cover.,Closed
CP30199,C1846,2024-07-30,Claim indeed mean hear.,Closed
CP30200,C0788,2024-11-18,Movement wonder ok picture tend boy.,Open
CP30201,C0969,2024-09-12,Face live fact point through stay thing.,Open
CP30202,C1555,2024-10-24,Cut personal save rate decade stop.,Open
CP30203,C0119,2025-05-23,However thousand sing level blue mind.,In Progress
CP30204,C1604,2024-09-29,Age situation form.,In Progress
CP30205,C1232,2025-03-04,Explain perhaps chance alone.,In Progress
CP30206,C1933,2024-06-25,It country game any certainly check.,Open
CP30207,C0290,2024-11-16,Suggest change run summer social.,Closed
CP30208,C2100,2024-07-04,Result cost cultural family.,Closed
CP30209,C2060,2025-03-07,Than full because policy other.,Open
CP30210,C0867,2024-06-29,Card political institution.,Open
CP30211,C2068,2024-07-26,Beyond major example experience.,Open
CP30212,C2534,2025-04-09,Raise step piece.,Open
CP30213,C1656,2024-11-19,Option person together effort red.,Closed
CP30214,C0557,2024-12-05,Audience cultural compare oil ten.,In Progress
CP30215,C1599,2024-12-31,Much such six.,Closed
CP30216,C3052,2024-09-26,Whole research life camera yourself.,In Progress
CP30217,C2246,2025-04-24,National two reflect camera movie.,Closed
CP30218,C1647,2024-10-02,Physical manage chance.,In Progress
CP30219,C1522,2024-08-27,Dog whom provide.,Open
CP30220,C1736,2024-06-27,Service but suffer list.,Open
CP30221,C3380,2025-01-17,Capital address me fall yet team.,Closed
CP30222,C1958,2025-05-26,Her relationship movie coach.,In Progress
CP30223,C0562,2025-01-17,Learn realize newspaper occur.,Open
CP30224,C1780,2025-06-03,We interesting up son.,In Progress
CP30225,C0867,2025-04-01,Item present trial work ask.,Closed
CP30226,C3299,2024-07-27,Employee radio south son two.,Open
CP30227,C0538,2024-10-04,Build able reason.,Open
CP30228,C1618,2025-03-22,In fund seem instead matter.,Closed
CP30229,C3374,2025-06-03,Her help focus treatment great.,Closed
CP30230,C1837,2025-06-14,Here read through public.,In Progress
CP30231,C0772,2025-02-02,Character speech ten no professor management.,In Progress
CP30232,C3045,2024-09-15,Political story size.,In Progress
CP30233,C3283,2024-10-07,Prepare under sell down wide.,Open
CP30234,C0608,2025-02-20,Plant enter team benefit.,Closed
CP30235,C0573,2024-09-11,Small position threat box trade.,Closed
CP30236,C3205,2024-12-28,Fill public letter.,In Progress
CP30237,C0646,2025-05-05,True kind how never mouth player.,Open
CP30238,C1924,2025-04-17,Money executive seat.,Closed
CP30239,C3237,2025-05-31,Behind result wind bill.,Closed
CP30240,C3498,2025-03-04,Particularly thank special car.,Closed
CP30241,C2220,2025-01-26,Attack daughter seat have minute.,Open
CP30242,C1253,2024-12-09,Expect old wrong.,In Progress
CP30243,C1604,2024-07-06,Effect enter little between.,In Progress
CP30244,C0082,2024-11-24,Carry movie probably picture.,In Progress
CP30245,C2750,2025-04-05,Performance various return mission.,Open
CP30246,C1761,2024-08-18,Sound middle spring.,Closed
CP30247,C2908,2025-01-19,Six dog mother appear.,Open
CP30248,C1897,2024-08-21,Kitchen choice live third together.,Closed
CP30249,C3110,2025-03-31,Believe family less past sort.,Closed
CP30250,C2916,2024-12-01,Either today night as.,Open
CP30251,C0438,2025-05-20,What provide of moment.,Open
CP30252,C2664,2025-03-05,Language student their.,Closed
CP30253,C3381,2025-06-08,Case weight conference current.,In Progress
CP30254,C1984,2024-10-08,Field minute gun.,Open
CP30255,C2990,2024-12-09,Around least relate action.,Open
CP30256,C0794,2024-07-24,Tonight magazine last space.,Open
CP30257,C3016,2024-10-26,Firm story age wind bill control down.,Open
CP30258,C1966,2024-10-15,Health red give good very fill.,Open
CP30259,C1698,2024-07-25,Democratic see hard key often ok.,Open
CP30260,C0576,2025-03-13,Wear network nature happy move space.,Closed
CP30261,C2589,2025-01-22,Type option like cause technology no.,Open
CP30262,C3117,2025-04-02,Feel before leave relationship tell.,Open
CP30263,C1159,2025-01-27,Instead own worry fund argue.,In Progress
CP30264,C3107,2024-10-18,Prove voice class behind after.,Open
CP30265,C1384,2025-02-05,See Republican second image discover woman.,In Progress
CP30266,C3197,2024-11-29,Material heavy cut natural line bring.,Closed
CP30267,C0569,2025-05-15,Write attack gun no.,In Progress
CP30268,C0220,2025-04-08,Hope try recognize.,Closed
CP30269,C0966,2025-05-09,International lose operation wear.,Open
CP30270,C1707,2024-12-03,Before expert director.,In Progress
CP30271,C3190,2025-03-10,Clearly majority involve walk soon miss.,Open
CP30272,C0353,2024-10-28,Usually type design.,Closed
CP30273,C2461,2024-11-09,Method arrive then move.,Open
CP30274,C1831,2025-01-12,Population sister total individual daughter.,Closed
CP30275,C0196,2024-11-02,Maybe mind card.,Closed
CP30276,C1836,2024-11-05,Leave quickly off.,In Progress
CP30277,C2019,2024-11-07,Stand store sit Mrs.,In Progress
CP30278,C0348,2025-04-23,Probably music paper character.,Open
CP30279,C1231,2024-11-22,Thing voice action answer north.,In Progress
CP30280,C0119,2024-07-31,Scientist far actually must.,Closed
CP30281,C0168,2025-05-25,Page tough itself.,Closed
CP30282,C0019,2025-05-04,Total apply somebody.,In Progress
CP30283,C0485,2024-08-10,Television they why.,Closed
CP30284,C1911,2025-01-08,Town yet sport realize.,Closed
CP30285,C1833,2025-05-10,Establish natural green guy must public.,Open
CP30286,C0720,2025-01-15,Force general stock treat against.,Open
CP30287,C0424,2025-03-09,First either take item nor.,In Progress
CP30288,C2894,2024-08-26,Behavior nothing series.,In Progress
CP30289,C0096,2025-01-26,Consider clear themselves real foot us.,Open
CP30290,C2602,2024-11-17,Similar become society if dream new.,Closed
CP30291,C0199,2024-09-02,Require prevent information marriage contain after.,Closed
CP30292,C0119,2024-12-17,Around accept boy chair since security.,Closed
CP30293,C1635,2025-04-25,Anyone indeed week.,Closed
CP30294,C0764,2025-01-08,Management yet politics.,Open
CP30295,C3340,2025-05-26,Region truth bag when.,In Progress
CP30296,C0171,2025-03-27,Somebody inside very south.,Open
CP30297,C0673,2025-05-27,Level player thing Republican report though.,In Progress
CP30298,C1405,2024-06-25,Send assume rather close.,In Progress
CP30299,C0089,2024-10-14,Mean song start.,Open
CP30300,C3115,2024-07-30,Tend we bag whatever.,Open
CP30301,C2282,2024-09-12,Speech beyond here simply radio.,Closed
CP30302,C0020,2025-02-07,Fight black situation left.,In Progress
CP30303,C1965,2024-12-19,Physical ever everything.,Closed
CP30304,C3258,2024-06-30,Chair approach paper down letter.,In Progress
CP30305,C1452,2025-02-10,Play tree building.,In Progress
CP30306,C0579,2025-04-15,Back network amount.,Closed
CP30307,C0844,2025-02-05,Officer start start.,Open
CP30308,C1260,2024-06-23,Receive likely property.,Open
CP30309,C0579,2024-08-30,Assume community white short put.,Open
CP30310,C1164,2024-11-12,Prevent pattern care expect.,Open
CP30311,C1053,2025-03-14,Camera sport research news size.,Closed
CP30312,C1680,2024-11-12,Side drop feel.,Open
CP30313,C2148,2025-02-16,Never teacher indicate everyone.,Closed
CP30314,C2608,2025-04-01,Sing must onto however however.,Open
CP30315,C0014,2025-01-22,According happen help inside big peace.,Closed
CP30316,C3225,2024-08-01,Successful economic physical step on rise.,In Progress
CP30317,C1877,2025-05-16,Turn level society way performance ago.,In Progress
CP30318,C1518,2025-05-14,Across I space understand push single.,Open
CP30319,C1631,2024-08-16,Catch range end total development note.,Closed
CP30320,C0662,2024-09-05,Safe receive coach.,Closed
CP30321,C3364,2025-03-01,Make ahead from view guess.,Open
CP30322,C3119,2024-12-10,Station reach politics Mrs couple blue.,In Progress
CP30323,C2478,2024-06-18,Role door say why.,Closed
CP30324,C0988,2024-07-27,They stock almost enough figure per.,Closed
CP30325,C1796,2024-06-24,Friend line often inside over.,Closed
CP30326,C2457,2025-01-10,Medical reveal thank number.,Open
CP30327,C0525,2024-07-05,Hot would this response speech.,In Progress
CP30328,C0578,2024-08-17,Former make woman professor develop pretty.,Open
CP30329,C0769,2025-05-25,Less knowledge claim morning goal call.,Closed
CP30330,C3196,2024-12-21,Trip improve conference yes glass.,Open
CP30331,C3323,2024-12-08,Probably others when him live treatment.,Open
CP30332,C1478,2025-01-27,Modern subject education trouble opportunity drug.,In Progress
CP30333,C2660,2025-02-02,People more wide question.,Closed
CP30334,C1452,2024-08-08,Your nice about.,Closed
CP30335,C1943,2025-03-05,You along station pass weight cut.,Closed
CP30336,C2895,2025-03-29,Wish surface above report ago.,Closed
CP30337,C1237,2025-01-31,Shake coach consumer free.,Open
CP30338,C1413,2025-05-14,Four measure tax town win party.,Open
CP30339,C3370,2024-11-02,Mother marriage your boy.,Closed
CP30340,C0820,2025-05-16,Force civil final chair game.,In Progress
CP30341,C2135,2024-11-21,Coach since education.,Closed
CP30342,C0155,2024-08-15,Price inside feel.,Closed
CP30343,C2298,2025-02-12,Alone benefit although difference prevent fall.,In Progress
CP30344,C1316,2025-02-05,Laugh claim sing base.,Open
CP30345,C0472,2024-12-03,After glass deal and child.,In Progress
CP30346,C2133,2025-05-15,Administration film because.,In Progress
CP30347,C0167,2024-07-10,Economic those of big enter and.,Open
CP30348,C0625,2025-04-05,Area national cold.,Open
CP30349,C2192,2024-11-11,Citizen drop arm professional knowledge.,In Progress
CP30350,C0834,2025-02-20,Hand north message although performance industry.,Open
CP30351,C1217,2024-11-27,Note condition per western these.,In Progress
CP30352,C2284,2024-07-15,Two talk learn likely.,Closed
CP30353,C1234,2024-11-11,Difficult take check say until beyond.,Open
CP30354,C1032,2024-12-18,Quickly threat scientist throughout knowledge value.,In Progress
CP30355,C3453,2024-08-08,Cultural far tree Congress notice watch someone.,Closed
CP30356,C2362,2025-06-12,Time century difficult pick easy good.,In Progress
CP30357,C0880,2025-03-05,Simple we several yard charge hour.,Open
CP30358,C3441,2025-01-10,Quickly eye every choice involve positive.,Open
CP30359,C3308,2024-09-08,Dream today public unit catch measure.,Open
CP30360,C0785,2025-02-04,Movie include health.,Open
CP30361,C0152,2024-08-21,Policy I prove play song much.,In Progress
CP30362,C3402,2025-03-12,Either economy because several.,Open
CP30363,C2991,2025-05-26,Like off fund.,Open
CP30364,C0321,2024-07-28,Rest interview cultural poor throw.,Open
CP30365,C3110,2024-09-29,Which increase open modern.,Open
CP30366,C2533,2025-04-03,Development role lawyer state themselves wish.,Closed
CP30367,C1827,2025-01-05,Approach customer general.,In Progress
CP30368,C3484,2025-05-17,Simple mouth own civil police.,Closed
CP30369,C2257,2025-05-02,Window interview foreign hand.,Open
CP30370,C0735,2024-08-10,Majority may stop be response share.,Open
CP30371,C2190,2025-03-14,Beat land role water production trip.,Closed
CP30372,C2342,2025-02-20,Live culture hundred together.,Closed
CP30373,C0722,2025-06-10,West seat rest.,In Progress
CP30374,C2607,2025-04-13,Activity whether Democrat change international such.,Closed
CP30375,C1402,2024-08-29,Word authority spring kitchen.,In Progress
CP30376,C2353,2025-03-02,Parent issue window available tend.,In Progress
CP30377,C2639,2025-05-31,Six go century focus kid others.,Closed
CP30378,C2217,2025-02-23,Player many rich.,In Progress
CP30379,C3312,2024-11-23,Season six avoid on seven.,In Progress
CP30380,C2252,2025-05-26,Anything ability wrong back age expert.,In Progress
CP30381,C2615,2025-02-02,Speech note on exist.,Open
CP30382,C0265,2025-02-26,Assume there out college become summer.,Closed
CP30383,C1504,2024-10-20,Accept usually five small represent themselves.,Closed
CP30384,C2548,2025-01-01,Site team help.,Open
CP30385,C2959,2024-12-02,Above edge usually guess share.,Open
CP30386,C0212,2024-12-08,Marriage current American.,In Progress
CP30387,C2087,2025-02-08,Whole structure soldier open pass.,In Progress
CP30388,C2008,2025-03-24,Writer just television personal.,Closed
CP30389,C3179,2024-12-23,Simply voice later.,Closed
CP30390,C2777,2024-07-21,Establish issue value develop data.,In Progress
CP30391,C1474,2025-06-17,Catch research trouble save.,In Progress
CP30392,C1623,2025-05-06,Despite day detail election toward.,Open
CP30393,C2874,2024-07-10,Thank check ground trouble special.,Closed
CP30394,C0985,2025-06-15,Once safe speak serious.,Closed
CP30395,C1244,2024-09-17,Easy understand grow.,In Progress
CP30396,C2817,2024-09-07,Almost relationship common rule head believe.,In Progress
CP30397,C2083,2025-01-28,Detail bank year visit look color.,In Progress
CP30398,C2081,2024-11-23,Time fight development.,Closed
CP30399,C2123,2025-04-06,Especially note responsibility look.,Closed
CP30400,C2779,2024-09-23,Pass lead spend window.,In Progress
CP30401,C1444,2025-02-04,Pattern yard from each physical age.,Closed
CP30402,C2545,2024-08-07,Education all religious become.,Closed
CP30403,C0917,2024-09-05,Show anyone skill care yard.,Open
CP30404,C0737,2025-02-07,Her big child spend.,Open
CP30405,C0422,2024-12-18,Often first too what leader.,Closed
CP30406,C2017,2025-05-11,Chair many change mother take system.,In Progress
CP30407,C2777,2024-11-14,Speak material enough together tell.,Open
CP30408,C2836,2025-01-13,Between better beyond line situation.,Open
CP30409,C3394,2025-02-01,Turn provide picture quality sense end.,Open
CP30410,C1534,2025-05-28,Worry father discussion rise friend.,Open
CP30411,C1094,2025-02-05,Simple kid because language.,Closed
CP30412,C2690,2024-12-04,Industry how prepare standard.,Closed
CP30413,C3043,2025-05-30,Just where Republican animal participant.,In Progress
CP30414,C2037,2025-03-18,Method plan campaign.,In Progress
CP30415,C0294,2024-07-24,Wonder report something one give.,In Progress
CP30416,C2687,2024-07-31,Check know station involve always herself.,Open
CP30417,C2635,2025-01-28,Able per water.,Closed
CP30418,C1312,2025-06-02,Brother scene probably.,In Progress
CP30419,C2104,2024-12-11,Occur choose station ago.,In Progress
CP30420,C1515,2024-08-19,Religious forget maybe movement story score.,Closed
CP30421,C2653,2024-06-24,Woman manager maybe white call major.,Closed
CP30422,C0604,2025-02-26,Sound book apply.,In Progress
CP30423,C1679,2025-05-23,Suggest move official yes in send.,In Progress
CP30424,C1266,2025-02-02,Different idea sound.,In Progress
CP30425,C1579,2024-10-31,Responsibility operation ok court.,Open
CP30426,C0838,2025-02-21,Already should defense.,Open
CP30427,C1865,2024-12-23,Relationship choice career pick recently.,Closed
CP30428,C3172,2024-12-28,East at produce doctor treat.,Open
CP30429,C2385,2025-01-02,Offer return guy color hour important.,Open
CP30430,C0660,2024-06-27,Loss surface would yourself break.,Closed
CP30431,C1711,2025-06-04,President hospital Democrat fire maintain significant.,In Progress
CP30432,C0594,2025-05-19,Interview rather week first.,Open
CP30433,C3320,2025-03-09,Standard degree draw what floor.,Open
CP30434,C0939,2024-11-22,Bill production say ground address.,Open
CP30435,C2759,2025-03-24,Glass paper road movement test war.,Open
CP30436,C3474,2024-07-10,Quickly message example for.,Closed
CP30437,C2129,2025-06-11,Determine focus sure.,Open
CP30438,C0723,2024-11-28,Term west join north work worry.,Closed
CP30439,C0523,2025-06-15,Break focus staff director our.,In Progress
CP30440,C2934,2025-04-11,Air chance star will throw.,Open
CP30441,C0682,2024-11-17,They field compare record.,Closed
CP30442,C0019,2024-10-10,Down before information sign.,Closed
CP30443,C2340,2024-11-14,Project happy night only.,Open
CP30444,C0027,2025-05-13,Perform appear blood interesting quality.,In Progress
CP30445,C3484,2025-03-21,Million rule institution.,Closed
CP30446,C2027,2025-03-31,Lawyer have administration near.,Closed
CP30447,C0699,2025-06-17,Would against student.,Open
CP30448,C0767,2025-03-12,Late others we clear identify always.,In Progress
CP30449,C0359,2024-11-25,Program east voice read record.,In Progress
CP30450,C2022,2024-10-21,Experience always she now color final.,Open
CP30451,C3420,2025-06-08,Certain wall ground.,In Progress
CP30452,C2325,2024-07-16,Feel price news instead throw.,Open
CP30453,C1843,2024-09-21,Owner western reality.,In Progress
CP30454,C2326,2024-07-01,Special stuff can ahead teacher.,Open
CP30455,C2468,2025-05-20,Stand fear whole various.,Closed
CP30456,C3231,2024-09-13,Relationship college edge customer thing game.,Closed
CP30457,C1952,2024-11-18,Experience sign smile away quite next.,Open
CP30458,C2526,2025-03-03,Reflect experience spring need go who.,Open
CP30459,C3402,2024-10-06,Wonder which door.,Closed
CP30460,C3350,2024-08-25,Material major task laugh city seem.,In Progress
CP30461,C1706,2025-03-07,Book onto nice area.,Open
CP30462,C0494,2024-10-09,Congress happy available.,In Progress
CP30463,C2877,2024-12-03,Onto they why garden.,In Progress
CP30464,C0736,2025-01-27,Nice traditional pull recognize common always.,In Progress
CP30465,C3149,2024-11-24,Bit win agency help mean yourself.,In Progress
CP30466,C0186,2025-02-13,History interview any debate address painting.,In Progress
CP30467,C0526,2025-01-22,Sign guy interest than.,Open
CP30468,C2994,2024-07-29,Or occur allow.,In Progress
CP30469,C0174,2024-08-29,They because reality partner.,Closed
CP30470,C0212,2024-12-14,Sort return whole.,Closed
CP30471,C3084,2025-02-25,Character themselves small or.,In Progress
CP30472,C3060,2024-09-14,Reason defense space.,Open
CP30473,C1009,2024-11-19,Successful share experience medical phone.,Open
CP30474,C1690,2025-02-03,This sea statement attack record.,In Progress
CP30475,C0062,2025-03-18,Story little best executive which special.,Open
CP30476,C3192,2025-01-21,Billion turn also television.,Open
CP30477,C1716,2025-02-25,Popular note decision about senior into.,In Progress
CP30478,C0604,2025-06-09,Young wear support sign clearly deep.,Open
CP30479,C1092,2024-09-08,Entire return station leg few.,In Progress
CP30480,C2941,2024-11-12,Natural race building state never among.,In Progress
CP30481,C1389,2024-11-06,Upon go create man.,In Progress
CP30482,C2970,2024-07-11,Term ready model.,Closed
CP30483,C1585,2024-10-21,Who clear read his outside interest.,Closed
CP30484,C0452,2025-01-06,Pass seek blue race.,In Progress
CP30485,C3377,2025-01-28,Gun need usually right there plan.,In Progress
CP30486,C2844,2024-12-16,Develop bar for religious find pick.,Closed
CP30487,C1639,2025-01-15,Several memory beat political car.,Closed
CP30488,C2258,2025-06-01,Camera impact floor.,Closed
CP30489,C0498,2024-11-24,Hospital mean great purpose.,In Progress
CP30490,C0005,2025-04-05,Station organization onto recent.,Closed
CP30491,C1981,2025-02-07,Ok town public show.,Open
CP30492,C1315,2024-11-26,Expect answer management down value stage.,In Progress
CP30493,C2622,2025-04-26,Floor field officer raise thousand.,Closed
CP30494,C0309,2025-05-26,Painting thought open or contain born.,Open
CP30495,C2602,2024-10-31,Really million visit culture.,In Progress
CP30496,C0803,2024-09-14,According goal himself measure use.,In Progress
CP30497,C1210,2024-11-08,Present participant art.,In Progress
CP30498,C3270,2024-12-09,Defense too attention professor animal week.,In Progress
CP30499,C0188,2025-02-09,Less prove number.,In Progress
CP30500,C0664,2024-11-02,Avoid some first fire.,Closed
CP30501,C2219,2025-05-20,Fight life modern however foot line.,In Progress
CP30502,C0641,2024-12-22,Consider laugh coach authority.,Closed
CP30503,C1702,2025-02-19,Far matter goal end.,Closed
CP30504,C1619,2025-04-09,Certainly night resource fact ahead.,In Progress
CP30505,C2988,2025-04-28,Game Mrs word national themselves.,Open
CP30506,C1650,2025-05-23,They street degree themselves west.,Open
CP30507,C2765,2024-12-02,Pay bank everything college.,Open
CP30508,C0916,2025-02-20,Some size see.,In Progress
CP30509,C3211,2025-04-06,To north picture theory.,Closed
CP30510,C3378,2024-10-22,Evidence director very term use baby.,Open
CP30511,C1354,2025-02-24,Treat so article.,Closed
CP30512,C1190,2024-09-04,Listen hot believe vote individual plan.,Closed
CP30513,C1300,2024-06-27,Discover such share.,In Progress
CP30514,C2609,2025-01-07,Conference kind team government result thank.,Open
CP30515,C0363,2024-12-20,Effect these detail hold.,Open
CP30516,C2697,2024-11-05,Week way around travel civil behind.,In Progress
CP30517,C2961,2024-10-03,Nothing personal it.,Closed
CP30518,C2046,2025-01-25,Paper down whom opportunity poor our.,In Progress
CP30519,C2104,2024-11-28,Pay southern cultural attack happy.,Closed
CP30520,C2921,2025-04-23,Mean they popular.,Open
CP30521,C2111,2025-03-24,Bag some second.,Open
CP30522,C2086,2024-07-28,Late there world dog.,Closed
CP30523,C2034,2024-07-15,Thousand international car lawyer.,In Progress
CP30524,C1530,2025-05-25,Every carry international.,Closed
CP30525,C0061,2025-05-08,Born agency discover vote different number.,Open
CP30526,C0446,2024-10-11,Nothing relate first well.,Closed
CP30527,C0040,2024-11-11,Several fight how throw company factor.,Closed
CP30528,C2576,2024-11-10,Keep shake them choose body.,In Progress
CP30529,C0004,2025-05-07,Great set feel.,Open
CP30530,C1651,2024-10-02,Last the writer data.,In Progress
CP30531,C2879,2024-10-27,Than color find.,Open
CP30532,C0474,2024-11-16,Similar pretty physical huge.,Open
CP30533,C0287,2025-03-19,Movement thought structure popular.,In Progress
CP30534,C1401,2024-07-09,Special most music.,In Progress
CP30535,C1359,2024-10-28,Customer business back trade sit.,In Progress
CP30536,C2195,2024-12-11,Short here realize professional.,Open
CP30537,C2626,2025-01-22,Nation stop huge discover term Mrs.,In Progress
CP30538,C0949,2025-06-04,Believe father effect wrong series cold.,Open
CP30539,C3342,2025-04-19,Home order despite market score.,Closed
CP30540,C1480,2024-10-16,Compare act outside compare research.,Closed
CP30541,C1198,2024-07-08,Although institution party.,Open
CP30542,C0647,2025-06-08,Office five can describe success.,Closed
CP30543,C3497,2025-02-03,Show support blood will.,Closed
CP30544,C0074,2025-04-01,Far task position find attention house.,In Progress
CP30545,C0397,2024-08-29,Effort effort Mr mean list same.,Closed
CP30546,C2042,2024-11-15,Never ok standard star.,Open
CP30547,C2190,2024-06-25,Sport agency spend seem.,Closed
CP30548,C0495,2024-11-27,Worry moment very.,Closed
CP30549,C2477,2024-08-26,Message window cut standard kind wish.,Open
CP30550,C1164,2024-11-07,Chance painting set word.,Closed
CP30551,C2879,2025-04-26,Large price sister add.,Closed
CP30552,C1166,2025-04-06,Stock we military.,Closed
CP30553,C0926,2024-08-22,Civil mean wind popular sure like.,Open
CP30554,C2341,2025-03-26,Window present bill table.,In Progress
CP30555,C1915,2024-06-18,Doctor score forward very.,Open
CP30556,C3218,2024-07-08,Realize book man spend.,Closed
CP30557,C1801,2024-10-13,Apply participant training.,In Progress
CP30558,C0708,2024-11-23,Let beautiful each wide appear tell.,Open
CP30559,C1204,2024-12-03,His message age.,Open
CP30560,C0183,2024-11-20,Buy director shake cup painting.,In Progress
CP30561,C3464,2025-04-11,Everybody finish from while positive various.,In Progress
CP30562,C0391,2025-02-23,Early have treat reach.,In Progress
CP30563,C2817,2025-05-16,Buy hit exactly lose.,Open
CP30564,C0334,2024-12-05,Sell girl clear.,In Progress
CP30565,C0316,2025-06-15,Everybody only idea outside public.,Open
CP30566,C0323,2024-09-23,A car have computer take.,Closed
CP30567,C2380,2025-04-03,Life forward letter to add.,Closed
CP30568,C0276,2024-12-12,Natural decade position star toward.,Open
CP30569,C0377,2024-08-10,Anything item military.,Open
CP30570,C0780,2024-10-17,Huge pressure like anyone.,Closed
CP30571,C1497,2024-07-03,Firm lead deal help put.,Closed
CP30572,C1998,2025-03-07,Job actually home side.,In Progress
CP30573,C1474,2025-05-28,Let small former.,Closed
CP30574,C1158,2025-01-09,Need all much travel.,Closed
CP30575,C2194,2024-11-10,Among key record.,In Progress
CP30576,C1014,2024-08-15,Watch range full glass floor first.,Open
CP30577,C2289,2025-01-22,Sometimes event attention skill.,In Progress
CP30578,C1294,2024-06-22,Job building take.,Closed
CP30579,C2191,2025-03-02,Real sign girl view.,In Progress
CP30580,C0801,2024-09-24,Nice memory Congress address design itself.,In Progress
CP30581,C3105,2025-03-19,Clear couple individual shoulder.,In Progress
CP30582,C1205,2024-08-01,Home summer though.,Closed
CP30583,C2898,2024-07-17,Goal reveal until.,Closed
CP30584,C1944,2024-07-08,Rest whatever woman.,Closed
CP30585,C2753,2024-11-05,Dog customer can.,Open
CP30586,C0402,2024-12-08,Enjoy century despite compare prove.,Open
CP30587,C0019,2024-11-19,Use capital treatment statement.,Closed
CP30588,C1656,2025-05-14,Whole or middle detail.,Closed
CP30589,C2334,2024-09-20,Third smile go age leader.,Closed
CP30590,C0733,2025-05-06,Set head image why.,In Progress
CP30591,C3190,2025-03-18,Create most recent left hard.,Closed
CP30592,C2267,2024-07-18,Safe use others if plan threat.,Open
CP30593,C0551,2025-04-03,Method air open.,Open
CP30594,C3416,2025-05-31,Carry whatever on.,Closed
CP30595,C1398,2024-11-24,Short health although.,In Progress
CP30596,C2057,2025-03-12,Five little side.,Open
CP30597,C0670,2024-10-14,Catch reflect drive.,In Progress
CP30598,C1324,2024-11-20,Employee make writer after.,In Progress
CP30599,C2412,2024-07-30,Environment power something ability blue religious.,In Progress
CP30600,C1676,2024-11-15,Though attention soon.,Open
CP30601,C2525,2025-05-21,Within article simply different.,In Progress
CP30602,C0325,2024-09-26,Type push however relationship.,Closed
CP30603,C0492,2025-05-31,Could edge toward financial carry.,Open
CP30604,C0421,2024-07-30,Tend final image.,Open
CP30605,C3363,2024-11-10,Alone stage wonder here.,In Progress
CP30606,C0364,2025-01-10,Nor list summer life.,In Progress
CP30607,C0007,2025-04-18,Red cover feeling forget science us.,Closed
CP30608,C1283,2025-02-08,Happy industry lay serious.,Open
CP30609,C0039,2024-10-27,Center expect now.,Open
CP30610,C3332,2025-01-26,Somebody reality perhaps yet water.,Closed
CP30611,C0255,2025-05-19,Over save school if field.,In Progress
CP30612,C3067,2024-10-31,Involve mother hot certain.,In Progress
CP30613,C0805,2025-04-25,Hand thank these season school.,Open
CP30614,C1081,2024-12-30,Tree century front significant.,Closed
CP30615,C0386,2025-01-27,Reveal find within.,Open
CP30616,C1270,2025-01-17,Financial teach ground would.,Open
CP30617,C1733,2025-02-22,Certainly expect easy.,Closed
CP30618,C0790,2024-12-01,Husband wife prove talk especially.,Closed
CP30619,C1448,2025-06-09,Method main information participant lot energy.,In Progress
CP30620,C2387,2025-02-06,Though statement black blue.,In Progress
CP30621,C1222,2025-03-10,Anyone poor stage.,Open
CP30622,C0609,2024-12-12,Run page forward all hope strategy.,In Progress
CP30623,C0734,2025-06-17,New sing sister room impact several.,In Progress
CP30624,C2175,2025-06-12,Read under behavior daughter fall.,Closed
CP30625,C2765,2025-05-28,Teach project somebody nor speak.,Closed
CP30626,C3465,2025-06-09,Maintain onto agent.,Open
CP30627,C2204,2024-09-01,Win appear star recognize store.,Closed
CP30628,C3157,2024-10-10,Cause show foreign painting.,Closed
CP30629,C0441,2024-09-04,City market down step.,Open
CP30630,C1000,2025-03-02,Fish half will attorney management bill.,Closed
CP30631,C3327,2025-05-17,Color ball since.,Closed
CP30632,C2992,2024-12-23,Least cost exist they cold public.,Open
CP30633,C2885,2024-12-21,Kitchen attack law always wear information.,Open
CP30634,C2628,2025-04-24,Difference fire kind material need.,In Progress
CP30635,C1913,2024-12-20,Could require story image door.,In Progress
CP30636,C1611,2025-04-03,Across continue teach.,Closed
CP30637,C2566,2024-09-10,End people piece imagine throw.,Open
CP30638,C0052,2025-02-17,Food fear herself guy.,Open
CP30639,C1518,2025-03-30,Idea summer day per political space.,Closed
CP30640,C2883,2025-05-28,Participant happy go road measure push.,Open
CP30641,C1853,2025-05-30,Song outside experience herself prevent.,In Progress
CP30642,C1388,2024-07-25,Sure gun sport capital organization recent.,In Progress
CP30643,C1099,2025-02-22,Drive send natural.,Open
CP30644,C3323,2024-12-01,College beyond commercial interest between.,Open
CP30645,C2115,2024-11-01,What own dinner strong big sing.,Open
CP30646,C2868,2025-02-07,Science position forward.,Open
CP30647,C2540,2024-09-19,There conference call money guy.,In Progress
CP30648,C3343,2025-04-28,His occur even new kid.,Closed
CP30649,C0348,2024-12-04,Him environment writer after.,Closed
CP30650,C2082,2024-09-30,Yeah it road charge key growth.,Closed
CP30651,C2707,2024-11-03,And until cultural back Mr.,Open
CP30652,C0854,2024-11-26,Thing plant such before board give.,Closed
CP30653,C0086,2024-10-22,Professional material by campaign number quickly.,Open
CP30654,C2004,2025-02-16,Throughout director determine art.,Open
CP30655,C1808,2025-05-11,Thousand make when exist perhaps feel.,Open
CP30656,C2923,2024-09-20,Trade sit must people good edge media.,Open
CP30657,C2142,2024-09-15,Manage moment if challenge people these.,Open
CP30658,C2432,2024-09-14,Bill page establish home.,In Progress
CP30659,C2218,2024-10-19,Bring add real administration put.,Open
CP30660,C2230,2025-05-12,Personal cell instead character star participant.,Open
CP30661,C1153,2024-10-04,Government government sound nature yourself her.,Closed
CP30662,C3347,2024-11-20,Beautiful prevent process alone.,Open
CP30663,C0907,2024-06-22,Church attack keep whatever fact truth.,Open
CP30664,C1323,2025-02-27,Billion ask give never.,In Progress
CP30665,C2212,2025-04-22,Order people seat language decade.,Open
CP30666,C1735,2024-11-09,Today small since amount expert.,Open
CP30667,C0037,2024-07-01,Sing throughout structure no mind picture.,Closed
CP30668,C2367,2024-08-16,Middle in happy throughout think stuff.,Open
CP30669,C0069,2024-06-26,Growth before mother information.,Open
CP30670,C2943,2025-06-15,Pattern perhaps authority ago section his.,In Progress
CP30671,C3395,2024-07-04,Cup everything management response.,Closed
CP30672,C1067,2024-11-13,Debate however half skill loss form.,In Progress
CP30673,C3352,2025-04-05,Leg stand of.,Open
CP30674,C3321,2024-08-15,Family last door understand four environmental.,Closed
CP30675,C0288,2024-10-11,Baby claim owner.,In Progress
CP30676,C2205,2024-11-18,Walk never pretty provide.,Closed
CP30677,C1991,2024-10-27,Early expert election become.,Open
CP30678,C1693,2025-04-27,Discover news south Congress employee since.,Closed
CP30679,C1256,2024-10-24,A help receive site cause.,Open
CP30680,C1848,2024-10-09,Never when fear six standard organization.,Closed
CP30681,C0010,2025-06-14,Somebody director either understand stand.,In Progress
CP30682,C1681,2025-03-27,Phone chance behavior law public reveal.,Open
CP30683,C1652,2024-09-18,Politics respond dark along back.,Closed
CP30684,C1371,2024-08-27,Question environmental last.,In Progress
CP30685,C2005,2024-08-22,Door nearly address toward probably.,Closed
CP30686,C1515,2024-11-07,Design others billion community should.,In Progress
CP30687,C3012,2024-11-18,Important will so we.,Closed
CP30688,C1710,2025-03-24,Enough current stand property sea worker.,Open
CP30689,C3197,2025-01-21,Account position spend girl accept.,In Progress
CP30690,C0047,2024-09-09,Trial across issue soldier administration.,In Progress
CP30691,C1907,2024-08-29,Good seek whether.,In Progress
CP30692,C0853,2024-09-15,Itself factor despite current environmental reveal.,Open
CP30693,C0340,2024-10-16,Story worry firm science laugh.,In Progress
CP30694,C2457,2025-06-10,Act medical administration.,Open
CP30695,C2807,2024-09-09,Strategy cultural accept would wide participant.,In Progress
CP30696,C0420,2025-05-20,Again similar daughter.,Closed
CP30697,C0602,2024-09-18,Field accept growth student almost size.,Closed
CP30698,C0685,2024-12-09,Agency call material.,In Progress
CP30699,C1584,2025-03-28,Cultural support lead management recognize.,Open
CP30700,C2319,2025-05-23,Institution tough today test.,Open
CP30701,C2157,2025-05-06,Various better real.,Closed
CP30702,C0072,2025-02-10,Near after executive city quality view.,Closed
CP30703,C1253,2024-12-11,Name method environment fly sign.,Closed
CP30704,C2819,2025-02-15,Say control only cell give.,Open
CP30705,C2126,2024-08-19,Three young girl right themselves market.,Open
CP30706,C3312,2025-03-13,Partner together laugh tell reach.,Closed
CP30707,C2175,2024-10-22,Mouth from whether.,Open
CP30708,C0620,2024-10-18,Whether bill sense what wide.,In Progress
CP30709,C3481,2024-07-18,Early enter wall whatever.,In Progress
CP30710,C3159,2025-03-13,Poor beat join image address according.,Closed
CP30711,C1436,2025-02-07,Five mention allow.,In Progress
CP30712,C2237,2025-02-19,Tax prepare administration.,Open
CP30713,C1337,2025-03-05,Particularly network clear since decision than.,In Progress
CP30714,C0186,2025-03-01,View one skin better.,In Progress
CP30715,C2934,2025-05-16,Sign join hair hospital these four work.,Closed
CP30716,C0732,2024-11-15,Say finish leave early war sell.,Closed
CP30717,C2690,2024-07-21,Cut already explain.,Closed
CP30718,C2216,2024-08-15,Thousand issue month.,In Progress
CP30719,C1983,2024-09-08,Lot situation while.,Open
CP30720,C2039,2025-06-09,Seven scene his hair majority.,Closed
CP30721,C2823,2024-09-03,Including anyone represent reflect radio staff.,Open
CP30722,C1750,2025-05-08,Oil skin dark office kitchen likely.,Open
CP30723,C0772,2025-06-04,Perhaps property your laugh seat.,Closed
CP30724,C2783,2024-08-03,Together a because hope.,Closed
CP30725,C2444,2024-10-19,Idea hold couple turn fine notice.,In Progress
CP30726,C2629,2025-04-09,Girl never threat local subject education.,Open
CP30727,C2032,2024-07-12,Nor investment man certain a.,In Progress
CP30728,C1890,2025-05-01,Fact list source read.,In Progress
CP30729,C1516,2024-06-26,Within black record knowledge key current car.,Closed
CP30730,C2943,2024-08-22,Second small guess.,In Progress
CP30731,C0461,2024-08-31,Happy west cut.,Open
CP30732,C2959,2025-06-11,Difficult tree family paper performance table.,In Progress
CP30733,C0244,2025-04-26,President ball process civil never.,In Progress
CP30734,C1673,2025-04-03,Process affect image.,Open
CP30735,C1706,2025-01-02,Air mouth management dinner.,Open
CP30736,C2508,2025-04-30,Stand herself drug left positive fly.,In Progress
CP30737,C2972,2025-03-04,Song respond garden career collection member.,Open
CP30738,C3340,2025-01-18,Describe garden long already fund line.,Open
CP30739,C1213,2024-11-03,Assume quite society station seem.,Open
CP30740,C1529,2024-08-10,Indeed along until.,In Progress
CP30741,C1506,2025-04-07,Evening remain machine offer.,Closed
CP30742,C2338,2025-04-30,Anything life claim first.,In Progress
CP30743,C1344,2024-10-02,Foot citizen chance real especially.,Open
CP30744,C0565,2025-05-12,The himself clearly option however.,Open
CP30745,C3353,2024-07-02,Way nature research.,In Progress
CP30746,C3195,2024-12-06,Into close today special break eye.,In Progress
CP30747,C2315,2025-02-18,Receive care partner base space run.,In Progress
CP30748,C2298,2025-01-11,Huge these compare physical information me.,Closed
CP30749,C0713,2025-02-20,Week spring amount necessary wait.,Closed
CP30750,C3110,2024-07-16,Choose analysis animal many.,Open
CP30751,C0697,2024-11-05,Pm total deep.,Open
CP30752,C0112,2025-02-01,Bag realize service.,Open
CP30753,C1868,2025-01-25,Close staff art war culture hour.,Closed
CP30754,C0570,2025-06-13,My civil down.,In Progress
CP30755,C1047,2024-07-01,Blue school cost condition.,In Progress
CP30756,C2684,2025-01-06,City so watch.,Open
CP30757,C2089,2024-07-21,Bill heart commercial little.,In Progress
CP30758,C1919,2025-05-25,Clearly environment shake million.,Closed
CP30759,C3065,2024-07-11,Western adult mouth seem.,In Progress
CP30760,C3391,2024-09-11,Stop leg thousand bank.,In Progress
CP30761,C0010,2024-11-25,Think debate each time.,Closed
CP30762,C1108,2024-09-10,Commercial sister week up.,Open
CP30763,C3369,2024-10-11,First news picture wait from listen.,In Progress
CP30764,C0781,2025-03-13,General back blood event.,Closed
CP30765,C0350,2025-06-04,Find career she responsibility suggest.,Closed
CP30766,C1086,2024-11-11,Say control from.,Closed
CP30767,C3222,2025-05-21,Everything his site.,In Progress
CP30768,C2664,2025-01-31,Kitchen market his do very end.,In Progress
CP30769,C1293,2024-11-14,Town else success weight traditional.,In Progress
CP30770,C1064,2025-06-07,Into listen treatment history.,In Progress
CP30771,C0786,2025-03-16,Leader focus action.,Closed
CP30772,C1664,2025-05-25,Energy federal else.,Closed
CP30773,C3324,2025-01-11,North cell then.,Closed
CP30774,C0995,2025-06-13,Network available else court.,Closed
CP30775,C2623,2024-10-03,Hard future rule wear.,In Progress
CP30776,C2737,2024-11-07,Study doctor keep.,Closed
CP30777,C0623,2024-12-14,Say report image letter song.,In Progress
CP30778,C1943,2025-05-19,Interesting beat whose keep.,Open
CP30779,C0073,2024-07-29,Religious pay rock.,Open
CP30780,C0720,2025-04-23,Cold democratic structure pull give thus.,In Progress
CP30781,C0737,2024-08-08,Begin remain bag.,Closed
CP30782,C2050,2025-05-03,Reason some meeting culture central.,Closed
CP30783,C3159,2024-11-10,Adult then speech federal add.,Open
CP30784,C2431,2024-08-19,Age get continue garden section.,Closed
CP30785,C0229,2025-01-27,Full can side drug word.,Open
CP30786,C1808,2024-08-21,Seat job service also something perform.,Closed
CP30787,C0192,2025-02-11,Catch read wall direction career.,Closed
CP30788,C1629,2024-08-06,Late back stuff real check she.,In Progress
CP30789,C0085,2025-02-16,Director news create.,In Progress
CP30790,C2829,2025-04-14,Painting few brother see nature day east.,In Progress
CP30791,C1585,2025-03-15,Occur where tree.,Open
CP30792,C1726,2024-10-14,Guess make try month.,Open
CP30793,C0647,2025-03-22,Firm say tend through upon series.,In Progress
CP30794,C2514,2024-08-12,Democratic today partner almost.,Open
CP30795,C2897,2025-05-04,Fact especially south page join.,In Progress
CP30796,C1393,2025-04-25,Itself tax sell project artist organization.,In Progress
CP30797,C2646,2025-03-30,Morning clear mean man discover.,In Progress
CP30798,C2913,2025-03-23,Finally agent ok.,In Progress
CP30799,C1238,2024-06-29,School meeting hair necessary lead enter.,Open
CP30800,C2511,2024-07-05,Miss lose care why hour.,Open
