maintenanceID,machineID,date,description,status
MA20001,M0005,2024-02-28,Them simple maintain like stuff director particular suffer.,Overdue
MA20002,M0232,2025-01-21,Because successful view.,Scheduled
MA20003,M0149,2024-10-02,Entire magazine television become same.,Scheduled
MA20004,M0163,2024-07-05,Top beyond fine.,Overdue
MA20005,M0050,2024-12-05,Interesting matter consider full.,Scheduled
MA20006,M0241,2025-01-17,Street including case.,Scheduled
MA20007,M0109,2024-03-09,Really during federal our hand.,Scheduled
MA20008,M0119,2023-10-23,Center manage able.,Completed
MA20009,M0144,2024-05-31,Interview agent adult outside.,Completed
MA20010,M0015,2024-12-10,Woman worker kid forward suggest character central even.,Overdue
MA20011,M0131,2025-05-28,Determine against produce available think newspaper stage.,Completed
MA20012,M0088,2024-04-24,Cause past that west message hair one.,Scheduled
MA20013,M0023,2024-04-11,Sure work ground fish seat political.,Completed
MA20014,M0250,2024-08-16,Only student amount prepare firm far full.,Scheduled
MA20015,M0123,2025-04-28,Middle significant around weight example about democratic specific.,Completed
MA20016,M0224,2024-04-12,Bit draw consider let green recognize order leave.,Overdue
MA20017,M0294,2023-11-26,Tree next car society performance through.,Overdue
MA20018,M0286,2024-11-11,Air than job film.,Completed
MA20019,M0138,2023-10-16,Road window few play.,Scheduled
MA20020,M0114,2023-12-01,Usually check now around section share film rock.,Overdue
MA20021,M0168,2023-07-14,Far plant start.,Overdue
MA20022,M0006,2024-08-27,Indicate song sure whose.,Completed
MA20023,M0251,2024-07-04,While successful hand author.,Completed
MA20024,M0191,2023-07-25,Eye blood serious camera.,Scheduled
MA20025,M0283,2025-01-17,Physical single cut.,Scheduled
MA20026,M0049,2024-09-07,Politics stage he stage.,Scheduled
MA20027,M0196,2024-07-12,Lead people receive PM.,Overdue
MA20028,M0287,2024-01-16,Sign there them data whatever.,Overdue
MA20029,M0092,2024-09-01,Bit ask more air.,Completed
MA20030,M0284,2023-11-03,Law describe husband hot high piece mission.,Completed
MA20031,M0190,2023-08-05,Home worry change change car trade best.,Completed
MA20032,M0011,2025-03-28,Company great cultural draw south before show.,Overdue
MA20033,M0101,2024-07-25,World source use certain including.,Overdue
MA20034,M0189,2024-10-20,Risk store change finally president.,Completed
MA20035,M0223,2024-08-08,Process year benefit though ball yard once.,Completed
MA20036,M0203,2024-02-25,Method production company reality mind.,Scheduled
MA20037,M0113,2024-12-23,Fight five talk.,Overdue
MA20038,M0069,2024-08-19,Brother loss paper middle up about oil.,Scheduled
MA20039,M0050,2024-11-02,Six apply foot summer next.,Overdue
MA20040,M0142,2023-11-09,Upon performance realize strategy task year road.,Overdue
MA20041,M0162,2023-11-19,Finish teacher history relationship.,Overdue
MA20042,M0278,2024-01-20,Break husband air grow task sister.,Completed
MA20043,M0110,2024-11-27,Federal community Congress.,Scheduled
MA20044,M0267,2024-02-07,Summer office strong according weight.,Overdue
MA20045,M0091,2025-04-22,Kid small without nothing blue that.,Completed
MA20046,M0118,2024-02-08,Western third particular next.,Overdue
MA20047,M0065,2023-11-22,Fill beautiful economy understand free themselves.,Overdue
MA20048,M0175,2023-07-18,Among imagine happen body.,Overdue
MA20049,M0214,2024-11-17,Result speech product range executive collection fire.,Completed
MA20050,M0252,2025-01-23,Rule season get back result answer per whatever.,Overdue
MA20051,M0244,2023-06-19,Fire garden here then past.,Overdue
MA20052,M0038,2023-09-02,Still father other different particular myself avoid.,Overdue
MA20053,M0251,2025-01-25,Song claim scientist stay.,Completed
MA20054,M0090,2025-01-22,Talk trip rock investment.,Completed
MA20055,M0246,2024-02-04,Four couple specific foot.,Scheduled
MA20056,M0204,2024-10-29,Effect hard section suffer involve value describe send.,Scheduled
MA20057,M0242,2024-04-29,Test case quality indicate most east.,Completed
MA20058,M0168,2023-09-09,Public another task traditional manager low.,Overdue
MA20059,M0196,2024-12-29,Theory charge fine.,Overdue
MA20060,M0174,2024-04-14,Above follow how million current night.,Overdue
MA20061,M0069,2024-06-07,Fact interesting quickly go your candidate drive hear.,Scheduled
MA20062,M0112,2025-01-02,Feel talk lose everyone.,Completed
MA20063,M0098,2024-07-12,Eye analysis represent hot floor decision.,Overdue
MA20064,M0070,2024-12-30,Down player method behavior.,Completed
MA20065,M0245,2024-09-07,Scene issue enjoy month staff finally.,Scheduled
MA20066,M0036,2025-04-12,Wide security civil edge pressure my with.,Completed
MA20067,M0188,2024-06-13,Third catch with ready blood debate see.,Completed
MA20068,M0081,2023-08-22,Me perhaps quality there low.,Overdue
MA20069,M0136,2024-04-25,Minute day size.,Overdue
MA20070,M0082,2025-02-06,Republican environment life either.,Scheduled
MA20071,M0170,2025-02-21,As model help.,Scheduled
MA20072,M0236,2023-07-18,Debate campaign grow herself senior.,Overdue
MA20073,M0155,2024-10-17,Near task wife teach rise guess oil.,Completed
MA20074,M0204,2023-08-04,Think administration minute like various question throughout.,Completed
MA20075,M0063,2023-10-01,Also take onto lawyer education language.,Completed
MA20076,M0083,2024-08-27,Nation cover before relate.,Completed
MA20077,M0059,2024-10-26,Usually stock child hit.,Completed
MA20078,M0002,2025-02-17,Challenge before officer include about tough fast.,Completed
MA20079,M0058,2024-02-29,Public lot watch who manage stand everything.,Completed
MA20080,M0034,2023-07-29,Major woman what stay music above similar.,Completed
MA20081,M0092,2023-06-20,Expect Mr chance task.,Completed
MA20082,M0126,2024-11-10,Organization hot something strategy hour hope.,Completed
MA20083,M0066,2024-01-06,Mean glass and writer cold final ahead lot.,Scheduled
MA20084,M0101,2024-08-21,Mouth shoulder best go physical but maybe value.,Completed
MA20085,M0265,2024-02-03,Many center may bar child just enjoy.,Completed
MA20086,M0242,2024-05-25,Final Mrs large size table.,Completed
MA20087,M0149,2025-01-04,Cold green pass myself three really.,Scheduled
MA20088,M0268,2024-01-03,Charge environment design Democrat.,Overdue
MA20089,M0126,2025-03-27,Who wear door kid.,Completed
MA20090,M0145,2024-07-27,Several ground control company executive standard spend.,Overdue
MA20091,M0174,2024-02-17,Poor over force bank deep finish.,Completed
MA20092,M0249,2023-08-31,Discussion see relationship ever these sister still.,Completed
MA20093,M0223,2023-08-06,Cold pattern road environmental level group whom.,Overdue
MA20094,M0070,2023-10-04,Anything evening board.,Scheduled
MA20095,M0274,2023-10-13,Building gas success daughter few fine itself.,Overdue
MA20096,M0018,2024-07-10,Source happy sing ago.,Overdue
MA20097,M0125,2025-03-08,Peace take good gun degree religious.,Completed
MA20098,M0035,2024-01-17,Ready adult Republican per.,Overdue
MA20099,M0007,2024-07-06,Ahead list only world safe continue.,Scheduled
MA20100,M0226,2023-08-10,Offer activity role support relate.,Completed
MA20101,M0099,2024-07-08,Station high life service my full art.,Overdue
MA20102,M0013,2024-06-29,Role drop model sure far public.,Scheduled
MA20103,M0106,2023-11-27,Really article price.,Overdue
MA20104,M0174,2024-03-01,Structure standard enter also agreement every ever.,Completed
MA20105,M0282,2024-06-21,Leader range stop fast.,Scheduled
MA20106,M0263,2024-11-13,Per party customer tend participant past.,Overdue
MA20107,M0142,2023-09-19,Huge mind case scene maintain collection agreement.,Scheduled
MA20108,M0296,2025-01-28,Career painting start thus.,Overdue
MA20109,M0241,2024-07-30,Industry watch talk.,Scheduled
MA20110,M0180,2025-04-11,Claim toward international newspaper.,Scheduled
MA20111,M0268,2023-10-04,Success save Congress tend four.,Scheduled
MA20112,M0171,2023-12-26,White scientist note kid.,Overdue
MA20113,M0276,2023-08-02,Political rock whom over.,Completed
MA20114,M0234,2023-07-09,Part human heart everybody for should.,Overdue
MA20115,M0032,2024-05-19,Seek must threat back clearly oil.,Overdue
MA20116,M0230,2024-05-06,Run family several picture number.,Overdue
MA20117,M0227,2024-09-21,Agent hard thing heavy just.,Completed
MA20118,M0211,2025-05-02,That four seem south happy if across cold.,Completed
MA20119,M0188,2025-04-08,True executive whose myself.,Overdue
MA20120,M0212,2025-02-02,White until discover move effect fire open.,Scheduled
MA20121,M0180,2023-09-06,Happy sort quality necessary increase add car.,Scheduled
MA20122,M0188,2023-09-14,Tonight lay eye according.,Completed
MA20123,M0039,2024-03-21,Drug employee senior board executive capital party ball.,Completed
MA20124,M0230,2024-03-14,True total news available happy itself citizen.,Overdue
MA20125,M0056,2024-03-28,Show lose ask name people.,Scheduled
MA20126,M0079,2023-11-10,Investment wear design station happen budget magazine.,Scheduled
MA20127,M0080,2023-12-13,Sort black something heavy fine gas box.,Completed
MA20128,M0191,2025-02-10,Treatment give carry office pressure foot.,Completed
MA20129,M0011,2024-01-04,Partner allow heart picture season.,Scheduled
MA20130,M0285,2024-08-10,Part argue own field tree.,Scheduled
MA20131,M0257,2024-09-08,Shake above music material.,Scheduled
MA20132,M0287,2024-07-04,Whatever during hospital trial.,Scheduled
MA20133,M0294,2023-07-06,Certainly check energy seat human.,Overdue
MA20134,M0280,2024-09-15,Nature yeah vote there its report.,Completed
MA20135,M0043,2024-05-14,Air walk art south kitchen.,Overdue
MA20136,M0196,2023-10-01,Final food participant vote television.,Overdue
MA20137,M0287,2024-12-14,Model look along model health picture care.,Completed
MA20138,M0229,2025-06-03,Traditional arrive be check Mrs meeting.,Completed
MA20139,M0096,2024-03-28,Green get economic owner force agency.,Scheduled
MA20140,M0267,2025-02-10,Recently capital commercial notice economy must process.,Overdue
MA20141,M0159,2024-05-06,Game allow second nothing institution Republican born.,Completed
MA20142,M0214,2024-10-17,Summer easy table early program ask since.,Overdue
MA20143,M0076,2025-04-02,Method evening home conference.,Overdue
MA20144,M0228,2024-09-07,Star establish sister against together yet.,Scheduled
MA20145,M0107,2025-02-05,Seat community adult lot apply nation thus.,Completed
MA20146,M0254,2025-06-02,Herself until include use collection couple office.,Scheduled
MA20147,M0270,2023-08-12,Would impact beyond us focus simple she.,Overdue
MA20148,M0213,2024-08-08,Own less conference apply list Democrat.,Completed
MA20149,M0053,2025-04-28,Hair finish among research assume although specific.,Scheduled
MA20150,M0144,2024-12-08,Bit should sense list company sing head.,Completed
MA20151,M0097,2024-04-13,Stage whole trip sometimes.,Overdue
MA20152,M0010,2023-07-16,Avoid as capital have general.,Overdue
MA20153,M0072,2024-04-16,Knowledge be understand opportunity.,Completed
MA20154,M0038,2025-03-24,City rule ready cell travel spend consumer.,Overdue
MA20155,M0123,2024-12-27,Born scene road although phone evidence.,Overdue
MA20156,M0037,2024-03-11,Member include south treat out hold.,Completed
MA20157,M0207,2024-08-23,Shake sport film others strategy side realize.,Scheduled
MA20158,M0232,2024-02-01,Responsibility individual close heavy popular water herself.,Scheduled
MA20159,M0058,2024-12-05,Hospital year traditional leave according.,Overdue
MA20160,M0034,2024-09-20,Democrat western story still.,Scheduled
MA20161,M0227,2025-04-02,Interview administration condition little.,Scheduled
MA20162,M0171,2025-03-15,Section similar trial charge important large culture.,Completed
MA20163,M0203,2025-01-10,Gun agency without couple drug scene of land.,Overdue
MA20164,M0271,2025-06-12,Short on tell issue in.,Completed
MA20165,M0065,2024-08-01,Those training serve accept buy source family.,Completed
MA20166,M0187,2025-02-24,Direction scene own identify require month store pull.,Completed
MA20167,M0246,2025-06-13,Congress feel international simply each may.,Scheduled
MA20168,M0055,2024-06-12,Close whose oil season.,Completed
MA20169,M0101,2024-01-23,Already military no central.,Scheduled
MA20170,M0265,2024-05-22,Born civil practice very purpose.,Scheduled
MA20171,M0132,2024-01-30,Production smile art style.,Completed
MA20172,M0062,2023-07-20,Else once fight imagine board.,Overdue
MA20173,M0242,2025-03-03,Month find bank recent attack standard night.,Overdue
MA20174,M0253,2024-03-14,Natural possible quality way.,Scheduled
MA20175,M0163,2024-11-17,Newspaper out apply finally.,Overdue
MA20176,M0299,2025-01-20,Catch fight return.,Overdue
MA20177,M0082,2023-12-12,Record whole consumer father sister job his.,Scheduled
MA20178,M0277,2023-08-29,Throughout yes require think.,Completed
MA20179,M0045,2025-06-12,Sit off trial toward building group moment.,Overdue
MA20180,M0108,2023-12-30,Information join lose sell.,Completed
MA20181,M0099,2024-08-16,Few boy team enough meeting trouble Mrs.,Overdue
MA20182,M0194,2023-12-03,Toward change why adult son show.,Scheduled
MA20183,M0253,2025-04-09,Student approach federal approach allow nice.,Completed
MA20184,M0282,2024-11-22,Magazine for student however never dark.,Scheduled
MA20185,M0179,2024-03-21,Budget admit spring model necessary.,Overdue
MA20186,M0274,2023-09-08,Throw able police.,Completed
MA20187,M0126,2025-01-12,Prove bag shake face compare.,Overdue
MA20188,M0060,2023-12-24,Head tough chance couple.,Completed
MA20189,M0143,2024-02-23,In question form outside.,Scheduled
MA20190,M0020,2024-09-30,Interview attack single.,Scheduled
MA20191,M0142,2024-09-30,Bring pass room indeed.,Completed
MA20192,M0230,2025-03-03,Most military him shake water per improve.,Overdue
MA20193,M0218,2024-07-20,Friend enter travel building something history even.,Overdue
MA20194,M0018,2024-08-02,Reveal lawyer down yourself policy simple system fish.,Overdue
MA20195,M0023,2024-09-16,View hope note our full follow.,Completed
MA20196,M0101,2023-06-29,Although should focus high save plant might travel.,Completed
MA20197,M0268,2024-08-12,Before science company.,Scheduled
MA20198,M0292,2023-11-02,Magazine everything news whom nation organization.,Scheduled
MA20199,M0133,2024-03-05,Can all word past.,Scheduled
MA20200,M0181,2024-01-13,Pull explain record point mother develop audience.,Scheduled
MA20201,M0009,2023-10-31,Actually charge respond he party notice.,Scheduled
MA20202,M0197,2025-01-02,Might other rock specific.,Scheduled
MA20203,M0139,2023-10-29,Drop why understand adult.,Overdue
MA20204,M0129,2025-02-18,Design section open range rate.,Completed
MA20205,M0096,2025-04-14,Save police may.,Completed
MA20206,M0096,2024-10-09,Wife after fly specific month his southern century.,Completed
MA20207,M0267,2024-08-21,Mean cultural the administration born Congress.,Completed
MA20208,M0198,2024-07-20,Dream order personal kid cause.,Completed
MA20209,M0122,2025-04-19,Back study industry Mr use.,Scheduled
MA20210,M0102,2024-07-03,Writer son just risk church science.,Completed
MA20211,M0285,2023-12-05,Cover nothing nothing.,Completed
MA20212,M0103,2024-11-05,Professional blood moment somebody.,Scheduled
MA20213,M0293,2024-03-10,Above message huge grow.,Completed
MA20214,M0005,2023-07-09,Consider knowledge member prove later what.,Scheduled
MA20215,M0171,2025-04-26,Imagine collection contain information difficult.,Scheduled
MA20216,M0078,2023-08-12,All also though health participant.,Scheduled
MA20217,M0262,2024-03-19,Others but national they size stuff member religious.,Overdue
MA20218,M0068,2024-04-08,Military exist along actually probably.,Completed
MA20219,M0092,2024-10-30,Report administration image police president at should.,Scheduled
MA20220,M0223,2023-10-25,Heart easy fine year reach brother.,Completed
MA20221,M0226,2024-11-06,Compare rise mind later agree.,Overdue
MA20222,M0300,2024-12-28,Fast simply son public spring course.,Scheduled
MA20223,M0296,2024-07-27,Event never nor successful dinner pattern.,Overdue
MA20224,M0179,2023-08-02,Identify various fine institution firm air.,Completed
MA20225,M0090,2024-07-15,Quickly understand network official wife.,Overdue
MA20226,M0262,2024-10-09,Animal sport require.,Overdue
MA20227,M0108,2024-12-10,Sure best trouble important great.,Overdue
MA20228,M0008,2024-03-12,Nation live live option again player exactly.,Completed
MA20229,M0199,2023-10-29,Kid attack your north daughter.,Completed
MA20230,M0044,2024-06-21,Run situation science board.,Completed
MA20231,M0206,2024-07-16,Candidate keep adult region manager drug.,Scheduled
MA20232,M0284,2025-03-11,Thank other store item occur service institution.,Overdue
MA20233,M0159,2024-03-27,Hear also out pressure per spring.,Scheduled
MA20234,M0172,2025-02-13,Money would more letter.,Scheduled
MA20235,M0222,2023-07-15,Enter this four field already.,Overdue
MA20236,M0038,2024-08-26,Institution party answer play drive.,Scheduled
MA20237,M0141,2024-09-04,Result value career.,Completed
MA20238,M0006,2024-05-06,Their gas doctor perhaps main concern.,Completed
MA20239,M0044,2023-07-03,Number your office life social city trip field.,Completed
MA20240,M0245,2024-05-08,Machine ok field upon hospital.,Completed
MA20241,M0010,2024-10-27,Painting wind story apply however party.,Scheduled
MA20242,M0205,2024-06-24,Force phone including analysis prove.,Completed
MA20243,M0089,2025-06-14,At bill sort today.,Overdue
MA20244,M0241,2023-09-05,Always ask hospital whether too because.,Completed
MA20245,M0022,2024-07-17,Nature important large themselves.,Completed
MA20246,M0247,2024-08-05,Picture again right tough direction seat question.,Overdue
MA20247,M0159,2023-12-13,Sport movement couple sing quality remember.,Completed
MA20248,M0210,2025-06-13,Red pattern theory.,Completed
MA20249,M0216,2023-10-16,Remain community significant remain raise group.,Scheduled
MA20250,M0212,2025-05-26,But prevent partner summer address oil.,Overdue
MA20251,M0215,2025-06-02,Technology decide rise fill where.,Scheduled
MA20252,M0067,2025-04-25,Respond everything he industry plant figure avoid help.,Scheduled
MA20253,M0103,2024-08-25,Appear team southern cover well.,Overdue
MA20254,M0085,2024-04-27,Charge billion hand nothing rise.,Completed
MA20255,M0078,2023-10-12,Page same participant activity hundred when.,Overdue
MA20256,M0232,2024-10-24,Dark manage law well TV.,Overdue
MA20257,M0004,2023-07-20,Two executive factor.,Completed
MA20258,M0006,2025-02-21,Range result four run system.,Scheduled
MA20259,M0075,2025-02-16,Movie particularly market past production decision walk.,Scheduled
MA20260,M0139,2023-12-13,Top really difference kid.,Overdue
MA20261,M0042,2024-12-28,These who computer success.,Completed
MA20262,M0106,2025-06-11,Focus contain husband process state receive evening.,Completed
MA20263,M0011,2023-06-28,About type consider affect example fire.,Completed
MA20264,M0078,2024-01-04,Approach land past be.,Completed
MA20265,M0183,2025-03-16,Responsibility economic whatever through staff name yeah goal.,Overdue
MA20266,M0149,2024-06-30,Today these fight myself woman.,Scheduled
MA20267,M0275,2024-02-15,Source baby land something.,Overdue
MA20268,M0201,2023-08-12,Year will after that month sister site.,Scheduled
MA20269,M0240,2024-11-07,Hit hear easy story work phone political.,Scheduled
MA20270,M0027,2023-08-19,Specific hospital nature character movie line.,Overdue
MA20271,M0128,2025-02-11,Great physical similar hard between summer surface pressure.,Overdue
MA20272,M0197,2023-10-17,Glass change admit detail.,Completed
MA20273,M0044,2024-07-02,Baby couple practice question section successful.,Scheduled
MA20274,M0264,2024-09-14,Wall sure gas.,Scheduled
MA20275,M0071,2025-01-21,Family carry age common material dream.,Scheduled
MA20276,M0217,2024-04-12,Identify stand cell spend production open.,Completed
MA20277,M0208,2024-06-24,Push start building.,Overdue
MA20278,M0082,2024-09-06,Tree last late into.,Completed
MA20279,M0225,2023-11-04,Evening improve southern or star.,Scheduled
MA20280,M0282,2023-08-20,Side various class.,Overdue
MA20281,M0139,2024-11-08,More enter letter.,Overdue
MA20282,M0260,2023-06-19,Let something among animal big pretty serious.,Scheduled
MA20283,M0291,2024-10-13,Pay kid yard despite.,Scheduled
MA20284,M0142,2023-11-15,Together nice cold Democrat door your speak.,Scheduled
MA20285,M0055,2025-04-13,Away stage decide trade head each weight.,Completed
MA20286,M0122,2023-10-31,Center during born.,Completed
MA20287,M0237,2025-04-14,Pick half well.,Scheduled
MA20288,M0262,2024-03-16,Air free lawyer inside write trade international.,Scheduled
MA20289,M0145,2024-04-02,Adult medical she call conference two maintain.,Scheduled
MA20290,M0071,2024-05-13,Edge community serious break.,Overdue
MA20291,M0241,2023-08-20,Central seven last teacher staff.,Scheduled
MA20292,M0006,2023-07-16,Rest finish trial single mission evidence food last.,Scheduled
MA20293,M0043,2024-11-26,According system way.,Scheduled
MA20294,M0228,2025-03-25,Born forget suffer sit.,Scheduled
MA20295,M0018,2023-07-13,Draw hospital operation concern list little herself.,Scheduled
MA20296,M0242,2024-01-17,Cultural six describe benefit.,Overdue
MA20297,M0253,2023-08-02,News deal now deep involve form.,Overdue
MA20298,M0084,2023-08-20,Campaign site break do could learn bar.,Overdue
MA20299,M0209,2024-09-24,Five personal cause.,Overdue
MA20300,M0239,2024-09-11,Once why prepare building camera education stuff.,Completed
MA20301,M0228,2023-09-04,Open end share attack contain discover player democratic.,Scheduled
MA20302,M0103,2024-08-04,Win smile fill so make field eat.,Overdue
MA20303,M0215,2024-04-11,Tv list reach effect somebody they.,Completed
MA20304,M0085,2024-11-11,News do party it toward interesting officer.,Overdue
MA20305,M0208,2023-09-25,Themselves choice player affect gas when deep write.,Scheduled
MA20306,M0041,2024-07-02,Drive trouble space safe soldier meet.,Overdue
MA20307,M0192,2024-08-23,Yet available common deal.,Scheduled
MA20308,M0029,2024-05-26,Story star threat maybe about.,Scheduled
MA20309,M0172,2023-12-31,National a hear before.,Completed
MA20310,M0135,2024-03-24,Air human daughter road billion.,Overdue
MA20311,M0059,2024-11-22,Although dark appear issue eat decade despite.,Completed
MA20312,M0195,2023-11-13,How like impact read your.,Completed
MA20313,M0092,2025-01-20,Religious treat growth prepare.,Completed
MA20314,M0194,2023-11-07,Crime former part guess blood mother can.,Scheduled
MA20315,M0177,2023-12-18,Dark how save body project ago scene.,Scheduled
MA20316,M0178,2023-08-20,Force woman site sell money.,Completed
MA20317,M0242,2023-10-17,Opportunity young site free main campaign chair.,Overdue
MA20318,M0082,2024-07-14,Tree important town military woman.,Scheduled
MA20319,M0130,2024-02-18,Painting quality south treatment rest teacher.,Completed
MA20320,M0105,2025-02-07,Wrong what according recent message.,Completed
MA20321,M0055,2024-10-16,Nice second who head bit radio follow million.,Scheduled
MA20322,M0023,2023-06-28,Thought exist before instead into value.,Scheduled
MA20323,M0146,2025-06-13,Entire card police man public ball indeed.,Overdue
MA20324,M0004,2023-06-27,Security firm successful account section age.,Completed
MA20325,M0182,2024-10-28,Interest nature father yet shoulder over.,Completed
MA20326,M0147,2024-01-02,Cut that color you line.,Scheduled
MA20327,M0052,2024-02-24,Result play election her.,Scheduled
MA20328,M0001,2024-03-13,Give people medical guy.,Overdue
MA20329,M0128,2024-04-02,Fire final art lawyer firm.,Overdue
MA20330,M0106,2025-05-13,As economy southern likely how difference.,Scheduled
MA20331,M0255,2023-08-31,Early population listen doctor him music give.,Completed
MA20332,M0043,2024-12-31,Modern cut man himself baby would cover the.,Overdue
MA20333,M0040,2025-03-18,Meeting no we tree tree new pass various.,Overdue
MA20334,M0249,2025-02-05,Whether star husband next by federal.,Completed
MA20335,M0033,2024-03-14,Push avoid law skin eight.,Scheduled
MA20336,M0240,2024-10-17,Available north shoulder case.,Scheduled
MA20337,M0134,2024-05-22,Small resource dream politics although develop sea.,Overdue
MA20338,M0300,2024-05-28,Organization site west reveal meet tend thing forget.,Overdue
MA20339,M0237,2025-03-20,Identify economic on particular share foot process.,Completed
MA20340,M0270,2024-01-14,Leader listen behavior past science.,Completed
MA20341,M0023,2025-04-25,Time ok scientist wide picture order range.,Overdue
MA20342,M0150,2025-01-08,Old yes impact ahead response mouth wind open.,Scheduled
MA20343,M0139,2024-12-23,Current turn usually ago lay heart understand.,Scheduled
MA20344,M0280,2025-01-27,Food build owner tree.,Scheduled
MA20345,M0219,2024-01-27,Stuff heavy character run suggest true.,Overdue
MA20346,M0141,2024-12-29,Mean five several lay age.,Scheduled
MA20347,M0143,2024-12-09,Far attorney alone home shoulder market go.,Scheduled
MA20348,M0030,2024-10-20,There teach arrive age determine plan.,Overdue
MA20349,M0090,2024-11-14,Visit seat actually stay admit adult real.,Scheduled
MA20350,M0062,2025-03-20,Letter call might note garden huge share last.,Completed
MA20351,M0280,2023-09-03,Look window test physical.,Overdue
MA20352,M0227,2023-09-04,Join understand again necessary where including down.,Scheduled
MA20353,M0107,2025-02-28,Right certainly practice house article federal mention exactly.,Completed
MA20354,M0110,2025-01-22,Than various direction wonder.,Overdue
MA20355,M0029,2024-12-14,Stay glass specific lot you.,Completed
MA20356,M0083,2024-11-25,Wall almost knowledge paper ball heavy.,Overdue
MA20357,M0287,2025-04-25,Hope use society course establish accept.,Overdue
MA20358,M0098,2024-07-22,Sure on participant these growth.,Scheduled
MA20359,M0195,2025-04-16,Produce maybe minute provide happy.,Overdue
MA20360,M0080,2023-08-09,Woman join have sure one.,Scheduled
MA20361,M0281,2023-10-19,Where million himself.,Scheduled
MA20362,M0288,2025-05-25,Four from throughout development person method sit.,Completed
MA20363,M0016,2024-08-09,Check try onto series and lot.,Completed
MA20364,M0257,2024-01-17,Church artist clearly accept season.,Overdue
MA20365,M0298,2024-07-05,Event various month public.,Scheduled
MA20366,M0067,2025-01-23,Reality build strategy rest.,Overdue
MA20367,M0285,2024-01-01,Fly leave product I after trial.,Completed
MA20368,M0024,2024-08-06,Similar boy rise artist agency kind.,Scheduled
MA20369,M0096,2024-08-30,Cut space people small.,Overdue
MA20370,M0095,2023-08-23,Prove admit simple put keep possible mouth indeed.,Scheduled
MA20371,M0257,2024-07-17,Thousand teacher growth bit lawyer prepare.,Scheduled
MA20372,M0022,2023-07-17,Involve several even.,Scheduled
MA20373,M0284,2025-01-19,Force strategy bring attorney.,Scheduled
MA20374,M0206,2024-11-02,Difference lose method important.,Completed
MA20375,M0124,2024-10-23,Minute focus political walk.,Overdue
MA20376,M0276,2025-04-08,Tax evening traditional night young.,Scheduled
MA20377,M0222,2023-06-30,Her structure protect sort six itself memory.,Scheduled
MA20378,M0271,2023-11-08,Follow commercial raise prove whatever.,Scheduled
MA20379,M0044,2025-03-09,Man trip rich identify my that rather house.,Scheduled
MA20380,M0278,2024-06-21,Someone we student risk front less save.,Scheduled
MA20381,M0270,2023-10-26,Significant my phone down least.,Overdue
MA20382,M0059,2023-09-04,But soldier keep add try everybody along.,Overdue
MA20383,M0192,2024-01-12,Culture last base usually energy.,Overdue
MA20384,M0184,2024-04-08,Mrs voice attack enter statement training cultural.,Overdue
MA20385,M0181,2024-01-15,Pull walk receive including speak commercial talk responsibility.,Overdue
MA20386,M0211,2025-05-26,Section source wish bar in.,Completed
MA20387,M0093,2024-12-24,Method door agree cost will simply base.,Completed
MA20388,M0023,2024-12-13,Well edge speak.,Scheduled
MA20389,M0145,2024-04-24,Onto they arrive thank collection type wall marriage.,Overdue
MA20390,M0209,2024-04-18,Body generation hotel say right book.,Overdue
MA20391,M0256,2024-09-29,Music drug much success I cup.,Overdue
MA20392,M0253,2025-02-09,Ball again behavior word attack town.,Overdue
MA20393,M0287,2025-05-21,Industry deep top east successful south.,Scheduled
MA20394,M0151,2025-03-12,Whom teacher world sell loss support.,Scheduled
MA20395,M0045,2023-12-18,Also lose style and.,Completed
MA20396,M0096,2024-02-16,Region marriage people plant else.,Overdue
MA20397,M0182,2024-12-02,Mrs something PM.,Overdue
MA20398,M0023,2024-09-10,Smile modern certainly director yourself study.,Overdue
MA20399,M0199,2025-02-15,Everybody culture minute walk.,Overdue
MA20400,M0159,2023-10-07,Draw respond follow sign.,Completed
MA20401,M0067,2024-11-07,He nature various probably something be need.,Scheduled
MA20402,M0097,2025-02-27,Professional tonight usually coach ability no.,Scheduled
MA20403,M0121,2023-11-22,Special within real design across industry.,Overdue
MA20404,M0081,2023-09-30,Government within far our.,Completed
MA20405,M0222,2023-09-10,Message dark into us just already start.,Overdue
MA20406,M0059,2025-01-30,During raise civil none experience parent.,Overdue
MA20407,M0263,2023-12-27,Produce upon myself firm establish such election.,Completed
MA20408,M0183,2024-06-23,Chair shake blue lot ten.,Overdue
MA20409,M0001,2023-11-16,Sister join edge suddenly point in.,Completed
MA20410,M0225,2024-11-21,Door first billion leader explain partner.,Overdue
MA20411,M0059,2023-10-02,Card so raise a stay simple natural.,Overdue
MA20412,M0169,2024-07-15,People democratic beyond.,Completed
MA20413,M0155,2024-03-08,Grow member her reveal scene difference energy sense.,Overdue
MA20414,M0042,2023-10-11,Price teach full spring prove development imagine.,Overdue
MA20415,M0211,2024-12-02,Response card PM decade past.,Completed
MA20416,M0022,2025-03-10,Away budget learn strong.,Overdue
MA20417,M0204,2024-04-10,Enjoy stock institution seem amount.,Completed
MA20418,M0155,2024-11-27,Either work position course able candidate without.,Scheduled
MA20419,M0291,2025-02-28,Rise stage require black job I exist.,Completed
MA20420,M0231,2025-01-25,Worker improve commercial.,Scheduled
MA20421,M0052,2023-07-20,Possible Democrat week someone goal.,Completed
MA20422,M0080,2025-04-25,Time wish industry blood weight single local.,Completed
MA20423,M0258,2024-07-19,Dinner least open success.,Scheduled
MA20424,M0047,2023-07-09,Executive study hard part computer knowledge.,Scheduled
MA20425,M0068,2023-08-27,Whole know cell leader staff southern.,Scheduled
MA20426,M0253,2024-10-28,Over personal on mean although decade.,Overdue
MA20427,M0192,2024-09-25,Policy author fish today.,Scheduled
MA20428,M0040,2023-07-19,Herself become current charge sister.,Overdue
MA20429,M0217,2024-01-26,Lead single cell your human try.,Overdue
MA20430,M0218,2025-04-02,Write card agreement even become environment.,Overdue
MA20431,M0276,2023-08-26,Hair first authority turn positive mention parent possible.,Completed
MA20432,M0114,2024-09-03,Child about could food.,Completed
MA20433,M0083,2024-02-23,Really special player effort.,Completed
MA20434,M0152,2024-03-23,Degree skill offer way degree animal black have.,Overdue
MA20435,M0157,2024-03-03,Week star along sell half book expert.,Overdue
MA20436,M0252,2025-04-24,Many item herself.,Scheduled
MA20437,M0149,2025-01-24,Eat operation toward.,Overdue
MA20438,M0265,2024-06-11,Manager Mr life many various the establish.,Overdue
MA20439,M0145,2025-06-15,Rock outside employee writer again.,Scheduled
MA20440,M0180,2024-02-03,We middle throughout ability citizen culture decision.,Completed
MA20441,M0275,2024-02-24,Arrive though political carry.,Completed
MA20442,M0249,2023-08-02,Popular hair mouth between.,Completed
MA20443,M0035,2024-03-22,Mrs should view everything.,Scheduled
MA20444,M0094,2024-03-31,Nor paper ground hospital dog next resource character.,Overdue
MA20445,M0233,2025-02-11,Continue eight large data mouth theory anyone.,Completed
MA20446,M0049,2023-12-24,Her course wind enter.,Scheduled
MA20447,M0066,2023-10-21,Heavy claim movie spend idea live.,Scheduled
MA20448,M0123,2025-04-06,Time such hard protect.,Overdue
MA20449,M0049,2023-09-09,Those policy tough piece two.,Completed
MA20450,M0105,2025-02-27,Base child detail so within seat.,Overdue
MA20451,M0079,2025-04-24,Understand between see performance line few answer determine.,Completed
MA20452,M0030,2025-01-03,From plant fall outside black call news rate.,Scheduled
MA20453,M0171,2024-03-06,Build picture statement hear language affect build sure.,Completed
MA20454,M0184,2023-08-24,Its chance contain natural natural why especially.,Scheduled
MA20455,M0099,2024-02-27,Goal avoid break different.,Scheduled
MA20456,M0067,2024-05-27,Red administration human firm.,Completed
MA20457,M0231,2024-07-09,Doctor money center art.,Overdue
MA20458,M0135,2024-11-30,Despite light business cost couple player.,Scheduled
MA20459,M0202,2024-01-08,Professional that imagine chair wife ahead wife.,Overdue
MA20460,M0250,2023-10-24,Bed give wish throw.,Completed
MA20461,M0051,2024-05-28,Hot nearly rest others skill defense baby.,Completed
MA20462,M0091,2024-10-26,Often low week list sister discuss development.,Scheduled
MA20463,M0287,2025-01-13,Meeting exist head.,Overdue
MA20464,M0088,2023-12-31,Natural let radio ready report.,Scheduled
MA20465,M0118,2025-03-15,Air spend rule ground.,Scheduled
MA20466,M0249,2025-04-17,Picture yes song time side around mention.,Overdue
MA20467,M0059,2024-08-29,Institution health this prevent kitchen.,Overdue
MA20468,M0238,2023-07-27,Protect forget member wonder.,Completed
MA20469,M0124,2023-11-24,Standard budget type enjoy necessary.,Completed
MA20470,M0295,2025-06-15,Provide stand wish agency entire we minute.,Overdue
MA20471,M0088,2025-01-03,Outside nature image raise just.,Overdue
MA20472,M0113,2024-09-05,Task according education life.,Scheduled
MA20473,M0032,2025-04-30,Three population black yard allow item current.,Completed
MA20474,M0002,2024-11-20,Onto piece put respond leg next.,Scheduled
MA20475,M0183,2025-03-16,Century either hard campaign prevent industry.,Scheduled
MA20476,M0198,2023-09-12,Shake leave pick town join party point.,Overdue
MA20477,M0082,2024-06-07,Want investment ever.,Overdue
MA20478,M0003,2024-01-15,Music two meeting if your.,Completed
MA20479,M0077,2023-12-30,Local fill capital eat yes capital.,Overdue
MA20480,M0284,2024-04-09,Hope tonight Mr almost sign majority.,Overdue
MA20481,M0166,2025-01-17,Along or hand onto trade be discuss.,Completed
MA20482,M0257,2024-08-21,Nothing break free letter when child section option.,Overdue
MA20483,M0230,2024-10-07,Position student employee total kind high serve.,Overdue
MA20484,M0092,2024-03-16,Person involve here.,Completed
MA20485,M0037,2023-12-30,Customer form save decade people step someone.,Scheduled
MA20486,M0127,2024-04-07,Research high many he visit.,Scheduled
MA20487,M0083,2024-08-03,Charge choice Mrs forget second month assume.,Completed
MA20488,M0285,2024-04-05,Loss mother act single room including.,Completed
MA20489,M0161,2024-07-09,Simple success have administration door although again.,Overdue
MA20490,M0092,2024-10-23,Hair able thought authority nor.,Overdue
MA20491,M0135,2024-05-14,Just best stay source raise alone mind.,Scheduled
MA20492,M0293,2024-02-13,Suggest deal machine smile.,Scheduled
MA20493,M0061,2024-07-15,Participant key field property only assume expert suffer.,Completed
MA20494,M0219,2024-10-12,Increase ago fund speak society left he.,Completed
MA20495,M0059,2025-06-03,State something well your.,Completed
MA20496,M0112,2025-05-15,Development identify close high life you budget.,Scheduled
MA20497,M0262,2024-10-25,Letter piece spend increase.,Overdue
MA20498,M0115,2024-12-30,Bad leave enjoy world campaign.,Overdue
MA20499,M0249,2024-05-20,Training green later year.,Scheduled
MA20500,M0040,2024-08-23,Quite attorney they camera skin.,Overdue
MA20501,M0209,2024-04-23,If safe get water policy.,Completed
MA20502,M0073,2024-05-21,Lead evidence middle safe become phone require husband.,Completed
MA20503,M0229,2025-06-16,Field fact official fight value western.,Overdue
MA20504,M0120,2024-06-05,Son simply pretty issue statement film.,Scheduled
MA20505,M0137,2024-03-21,Market newspaper fear home positive.,Scheduled
MA20506,M0056,2023-07-21,Hope nation head.,Scheduled
MA20507,M0116,2024-12-27,Structure keep shake particular.,Completed
MA20508,M0065,2023-08-24,Rich house beautiful game arrive foot ability.,Completed
MA20509,M0021,2023-09-25,Fly moment current event example.,Completed
MA20510,M0082,2023-11-13,Structure young success history fast.,Completed
MA20511,M0037,2025-02-15,According professor feeling term effect.,Scheduled
MA20512,M0133,2025-05-21,Several tend during spend share model allow memory.,Overdue
MA20513,M0164,2024-02-18,Marriage subject my off heart.,Completed
MA20514,M0152,2025-03-10,Statement different laugh issue have every prepare civil.,Completed
MA20515,M0176,2023-10-20,Still fund allow million.,Overdue
MA20516,M0269,2024-01-26,Manager race defense work.,Completed
MA20517,M0134,2025-03-16,Number long onto ever couple campaign bed.,Overdue
MA20518,M0222,2024-10-09,Police Congress much name moment officer positive.,Completed
MA20519,M0044,2023-11-10,Home let thank phone.,Completed
MA20520,M0036,2025-02-05,Movie itself rule environment week girl.,Overdue
MA20521,M0116,2025-03-06,Interest book everything home year form affect.,Scheduled
MA20522,M0157,2023-11-18,Detail growth else member evening star player.,Scheduled
MA20523,M0073,2024-11-20,Able man next simple.,Scheduled
MA20524,M0229,2025-02-21,Note who dog right team natural week again.,Completed
MA20525,M0262,2024-03-28,Fear cut age prove.,Overdue
MA20526,M0292,2024-11-19,Marriage southern firm amount.,Completed
MA20527,M0114,2024-03-14,Again base toward admit what clear would.,Overdue
MA20528,M0085,2023-10-29,Effort father memory amount scientist source.,Scheduled
MA20529,M0295,2024-03-25,Boy plan choose.,Overdue
MA20530,M0074,2025-03-30,Early lead project ask environmental design.,Scheduled
MA20531,M0002,2025-05-03,Stay rock require moment.,Overdue
MA20532,M0018,2024-10-08,Wind without must campaign believe national home.,Completed
MA20533,M0126,2023-09-12,Side reduce take next happy attack.,Overdue
MA20534,M0020,2025-05-29,Since event door listen yourself new either.,Completed
MA20535,M0131,2023-09-14,Policy reflect culture nor.,Completed
MA20536,M0248,2024-04-19,Able sound sure safe.,Completed
MA20537,M0125,2025-04-05,Community often price painting although.,Overdue
MA20538,M0125,2024-07-05,Edge none analysis size.,Completed
MA20539,M0058,2024-11-13,Bar use white itself out spring response ball.,Scheduled
MA20540,M0260,2024-08-17,Affect relate entire probably.,Scheduled
MA20541,M0256,2024-10-28,Probably protect their recognize decide with.,Scheduled
MA20542,M0110,2024-05-28,Value sea factor the building.,Completed
MA20543,M0210,2025-05-13,Value eight agreement fill.,Scheduled
MA20544,M0060,2024-05-24,Four civil firm which his business food.,Completed
MA20545,M0298,2024-07-03,Meeting economic edge really work order.,Overdue
MA20546,M0136,2024-09-24,Itself teacher financial century six fight represent.,Scheduled
MA20547,M0249,2025-01-27,Ask public describe choose they model property fast.,Overdue
MA20548,M0052,2025-03-29,During partner feel friend discuss the.,Overdue
MA20549,M0037,2025-02-25,Today despite fish nor blue else.,Scheduled
MA20550,M0024,2024-01-04,Bad take plant task draw.,Completed
MA20551,M0205,2024-01-10,Model yes news occur special skill attorney.,Overdue
MA20552,M0007,2024-04-06,Five strong describe protect agency room consider.,Overdue
MA20553,M0097,2025-02-13,Image child happy floor day side.,Completed
MA20554,M0142,2024-03-15,Drive happy she attack.,Completed
MA20555,M0190,2023-07-18,Make marriage improve recognize black property.,Completed
MA20556,M0293,2024-05-09,Accept husband cultural son.,Completed
MA20557,M0157,2025-02-11,Institution identify notice American.,Overdue
MA20558,M0284,2023-10-07,Shake father local approach apply.,Completed
MA20559,M0126,2023-11-08,Region traditional along class too enough tax address.,Completed
MA20560,M0275,2024-10-19,Sister political the model fall them.,Scheduled
MA20561,M0277,2024-06-03,Likely former billion cell toward some instead Mrs.,Overdue
MA20562,M0182,2025-04-15,Share before stay father must.,Scheduled
MA20563,M0060,2023-08-15,Probably concern difference dog least find some.,Scheduled
MA20564,M0137,2024-10-16,Rule live police serve create because.,Scheduled
MA20565,M0172,2024-04-28,Must land network against they speak paper.,Completed
MA20566,M0195,2025-04-21,Throughout remember available bit affect card.,Scheduled
MA20567,M0288,2025-03-06,Among bar approach continue.,Scheduled
MA20568,M0027,2023-08-21,Heavy energy center member nation.,Overdue
MA20569,M0207,2024-03-21,Yes ok turn year place newspaper.,Completed
MA20570,M0248,2024-08-14,Economy wonder election term high country need.,Overdue
MA20571,M0175,2025-01-31,Forward side deep you air drive model.,Overdue
MA20572,M0260,2024-04-22,Second investment support.,Completed
MA20573,M0282,2024-04-15,Understand scientist choose.,Completed
MA20574,M0212,2024-10-08,Score audience challenge sit set significant nice clearly.,Overdue
MA20575,M0298,2024-02-09,Base detail difference skin entire forget.,Scheduled
MA20576,M0194,2024-01-15,Data everything agency.,Overdue
MA20577,M0085,2024-08-19,Modern important newspaper record success term beyond.,Overdue
MA20578,M0197,2024-07-07,Way study hope new stage will.,Completed
MA20579,M0101,2023-12-19,Benefit attention personal add.,Overdue
MA20580,M0137,2025-01-22,Pressure cover win know campaign.,Completed
MA20581,M0023,2023-10-18,Arm fund worker yeah.,Overdue
MA20582,M0122,2023-08-14,Term recent pick back.,Scheduled
MA20583,M0019,2024-01-16,Music medical room.,Completed
MA20584,M0289,2025-04-12,Cultural analysis he scientist weight.,Overdue
MA20585,M0075,2024-12-11,Act sea Congress ok similar.,Overdue
MA20586,M0209,2024-04-13,Set yard security end authority social tough.,Scheduled
MA20587,M0212,2025-05-09,Design system best all especially scene outside there.,Completed
MA20588,M0037,2025-06-14,Marriage data serve computer arm.,Completed
MA20589,M0265,2024-12-02,Head available performance lead put expect enjoy.,Scheduled
MA20590,M0282,2025-05-26,Throughout either take small painting world charge.,Scheduled
MA20591,M0123,2024-10-30,Yourself response might young lawyer sea world store.,Overdue
MA20592,M0299,2024-06-07,Mouth officer learn health today.,Overdue
MA20593,M0178,2024-03-27,Available perform worker entire.,Scheduled
MA20594,M0271,2024-12-07,Painting people rather democratic save style debate.,Scheduled
MA20595,M0241,2025-02-05,Former American organization instead do.,Completed
MA20596,M0034,2024-05-11,Two oil should class.,Overdue
MA20597,M0005,2024-07-18,Trial protect maybe little.,Scheduled
MA20598,M0102,2025-05-19,Add check above travel look.,Overdue
MA20599,M0271,2024-09-12,Serious enjoy air appear fish.,Completed
MA20600,M0168,2025-06-16,Child society economic personal similar feeling type.,Overdue
MA20601,M0298,2025-03-25,Black study although discussion mind north image.,Scheduled
MA20602,M0053,2024-05-17,Information response contain six.,Completed
MA20603,M0148,2024-01-26,Necessary reach theory.,Scheduled
MA20604,M0169,2023-09-14,Dog include detail fire suddenly.,Completed
MA20605,M0118,2023-11-11,Phone week account knowledge.,Scheduled
MA20606,M0086,2024-12-16,Surface media couple decade somebody town mean exactly.,Overdue
MA20607,M0189,2024-03-06,Life such letter soon find draw do.,Completed
MA20608,M0071,2024-09-29,One gun either determine thank environment two.,Completed
MA20609,M0024,2024-11-19,Minute far north what so teach plant.,Scheduled
MA20610,M0090,2025-05-23,Country participant move factor key possible political.,Overdue
MA20611,M0106,2024-08-25,Scientist third by common PM.,Overdue
MA20612,M0038,2023-12-23,Build teach employee your issue.,Scheduled
MA20613,M0241,2024-10-13,State close industry onto feeling approach college couple.,Overdue
MA20614,M0064,2024-09-24,Good trade argue right surface coach work.,Scheduled
MA20615,M0288,2024-02-07,Direction keep until land behavior.,Scheduled
MA20616,M0041,2023-11-23,Ask institution role doctor.,Completed
MA20617,M0073,2023-10-06,Guy spring trip college structure note form.,Completed
MA20618,M0124,2023-07-06,Oil there much evening.,Scheduled
MA20619,M0045,2024-04-18,Way television inside reveal movement.,Overdue
MA20620,M0183,2023-07-06,Add standard raise mission ever.,Scheduled
MA20621,M0014,2025-06-16,Maybe home beyond wait although against hope.,Overdue
MA20622,M0224,2025-06-12,Author painting we down.,Overdue
MA20623,M0215,2024-03-23,State should store perform officer.,Overdue
MA20624,M0237,2024-08-02,Point wife box risk.,Overdue
MA20625,M0019,2023-09-18,Soon away event business them.,Completed
MA20626,M0121,2024-02-09,Republican activity network center wish cup official.,Scheduled
MA20627,M0028,2024-09-13,Recently she hour reduce movie can finally.,Scheduled
MA20628,M0063,2023-06-22,Certain respond section least.,Scheduled
MA20629,M0232,2023-09-10,Adult focus appear car.,Scheduled
MA20630,M0203,2024-10-02,Happy yeah within conference rich statement.,Overdue
MA20631,M0205,2024-04-25,Teach her group concern condition.,Scheduled
MA20632,M0236,2024-12-10,Available arrive somebody seek tonight institution determine.,Scheduled
MA20633,M0099,2025-03-03,Hope loss early including.,Scheduled
MA20634,M0021,2024-10-21,Open between take hard kind.,Completed
MA20635,M0005,2024-10-17,Chance voice day throughout majority life.,Scheduled
MA20636,M0171,2023-08-20,Food whatever bag film better always describe.,Overdue
MA20637,M0255,2025-01-02,Matter financial grow only Republican.,Overdue
MA20638,M0024,2024-06-05,My lot court consumer join water notice.,Completed
MA20639,M0134,2024-11-09,Baby Mr feeling action health reason.,Overdue
MA20640,M0053,2023-08-26,Organization shake week next lose reach.,Scheduled
MA20641,M0027,2024-12-05,Miss onto often between.,Completed
MA20642,M0201,2024-12-10,Century system almost through.,Scheduled
MA20643,M0183,2024-03-06,Provide little born guess hotel nation.,Scheduled
MA20644,M0255,2025-03-17,Level top after ten past work might.,Scheduled
MA20645,M0024,2023-08-26,Majority leader probably type result save the.,Completed
MA20646,M0237,2024-01-19,Road within model rise nothing.,Overdue
MA20647,M0167,2025-05-05,Become check last clear eye require.,Overdue
MA20648,M0120,2024-07-27,Machine rock teach give find investment local place.,Completed
MA20649,M0011,2024-12-09,Floor answer compare responsibility choice prepare option.,Completed
MA20650,M0124,2023-10-05,Analysis final example social number daughter.,Overdue
MA20651,M0111,2024-11-16,Surface travel whether body idea.,Completed
MA20652,M0162,2024-05-19,Show past mind break sport herself discussion.,Scheduled
MA20653,M0078,2024-01-23,Nice simply child thing turn start country agreement.,Completed
MA20654,M0187,2024-06-16,He mouth land paper technology road coach.,Overdue
MA20655,M0281,2025-05-22,Tonight body soon line she trouble.,Completed
MA20656,M0037,2024-05-07,Leader upon family miss much.,Completed
MA20657,M0286,2024-11-13,Land well on task whether point choose.,Scheduled
MA20658,M0059,2023-08-02,Another goal girl cost perhaps ball.,Completed
MA20659,M0076,2024-06-03,Yes operation page media nice.,Overdue
MA20660,M0161,2024-04-12,Personal its defense study brother child carry.,Completed
MA20661,M0096,2025-02-03,Family bed direction cut practice police far.,Overdue
MA20662,M0245,2024-03-14,Trip someone daughter guy individual partner he wife.,Scheduled
MA20663,M0277,2023-08-14,Recognize myself degree process thought question.,Completed
MA20664,M0207,2023-10-13,Very science add shake couple month.,Overdue
MA20665,M0261,2024-06-11,He artist the thank attack.,Scheduled
MA20666,M0010,2024-09-30,Discover dream TV offer take.,Completed
MA20667,M0274,2025-04-27,Her color drug ability this act.,Overdue
MA20668,M0103,2023-12-28,Free set available many or.,Scheduled
MA20669,M0246,2024-11-13,Believe discuss professor effort student.,Overdue
MA20670,M0214,2023-09-24,Type sell offer financial according.,Overdue
MA20671,M0037,2024-01-23,Huge until arrive husband PM hope more.,Scheduled
MA20672,M0190,2023-11-25,Ability summer miss political difficult.,Completed
MA20673,M0279,2024-12-16,Drive government letter.,Overdue
MA20674,M0206,2024-08-20,Degree billion site to set trial.,Completed
MA20675,M0299,2023-07-10,Necessary support model some.,Completed
MA20676,M0290,2023-11-18,Account believe against operation focus increase.,Completed
MA20677,M0043,2023-12-03,Prove town friend machine agreement.,Overdue
MA20678,M0208,2025-02-07,Support enter live.,Overdue
MA20679,M0053,2024-01-14,Account then wrong character why level develop.,Overdue
MA20680,M0145,2023-10-20,Such three option.,Scheduled
MA20681,M0053,2023-12-15,Appear rate financial early couple establish activity.,Completed
MA20682,M0015,2023-10-09,Whose stage clear seek.,Overdue
MA20683,M0084,2025-05-15,Standard wall network reality imagine lay.,Overdue
MA20684,M0146,2023-10-05,Senior at Mrs nation voice.,Completed
MA20685,M0100,2024-04-21,Whom enough thought plan benefit.,Completed
MA20686,M0006,2025-05-31,Official mission reduce occur.,Overdue
MA20687,M0154,2024-02-04,Wall smile admit bring quickly small give.,Scheduled
MA20688,M0297,2025-04-10,Contain international try.,Scheduled
MA20689,M0028,2023-11-05,Election smile itself.,Overdue
MA20690,M0218,2025-05-31,Represent standard prevent send write.,Overdue
MA20691,M0020,2023-11-29,Last suffer scientist together head.,Completed
MA20692,M0255,2023-07-25,Me positive discuss he.,Completed
MA20693,M0287,2024-10-11,Others collection field off cause.,Overdue
MA20694,M0248,2023-08-02,Mind must protect.,Overdue
MA20695,M0235,2025-02-25,Price official young discover.,Completed
MA20696,M0012,2024-06-27,They leave yet these.,Scheduled
MA20697,M0012,2025-01-24,Family professor sometimes choose exactly leave seek move.,Overdue
MA20698,M0064,2023-09-22,Score ago according role star stand statement.,Scheduled
MA20699,M0037,2023-12-24,Fight sister speak major eat real.,Completed
MA20700,M0042,2025-05-12,Campaign least fast.,Scheduled
MA20701,M0278,2024-10-15,Plan wear of understand book provide recently.,Scheduled
MA20702,M0258,2024-07-20,Kind food whom for.,Completed
MA20703,M0285,2023-08-12,Safe president clearly customer.,Completed
MA20704,M0276,2024-08-23,Appear quickly much check.,Completed
MA20705,M0174,2025-02-21,Focus speak animal executive.,Completed
MA20706,M0095,2024-05-13,Go us decade myself.,Overdue
MA20707,M0046,2024-07-01,Cell listen office represent phone someone.,Scheduled
MA20708,M0046,2024-01-04,Body leave use.,Scheduled
MA20709,M0150,2025-05-15,Lawyer you road report cause little yeah.,Completed
MA20710,M0095,2023-10-06,Operation forget air buy beyond value must then.,Completed
MA20711,M0100,2024-07-02,Tough rest air order.,Overdue
MA20712,M0036,2024-09-16,Or ahead like.,Scheduled
MA20713,M0287,2024-12-19,Child close mention.,Scheduled
MA20714,M0109,2024-12-06,Response try staff choice event.,Completed
MA20715,M0018,2024-04-05,Guess issue physical market benefit agency fall.,Overdue
MA20716,M0238,2025-01-04,Mrs check chance let.,Overdue
MA20717,M0036,2025-01-12,Energy environmental two employee brother professor receive.,Overdue
MA20718,M0263,2025-02-16,Area before help.,Completed
MA20719,M0190,2023-11-26,Hundred area idea four.,Completed
MA20720,M0032,2024-04-29,Not follow customer low need rise do practice.,Scheduled
MA20721,M0053,2024-10-20,State themselves push.,Completed
MA20722,M0103,2025-02-23,Interesting interest some.,Overdue
MA20723,M0300,2023-11-29,Hit add past near idea.,Completed
MA20724,M0224,2023-12-30,Garden with bar staff couple.,Completed
MA20725,M0155,2024-02-15,Republican hour create support clearly measure their.,Scheduled
MA20726,M0157,2023-10-03,Marriage risk purpose culture song.,Completed
MA20727,M0023,2024-04-20,Where stay mention agent wide share.,Overdue
MA20728,M0040,2025-03-28,Like discuss central industry individual rest them.,Completed
MA20729,M0292,2025-01-18,Agreement line mind.,Overdue
MA20730,M0250,2024-11-07,Sell address so writer.,Overdue
MA20731,M0107,2025-05-27,Yourself check crime develop concern sell.,Scheduled
MA20732,M0152,2024-09-17,Federal especially pay figure big development force suggest.,Overdue
MA20733,M0005,2023-07-23,Notice own successful her.,Overdue
MA20734,M0200,2023-11-19,Visit force improve recently.,Scheduled
MA20735,M0204,2024-05-08,Pull group local truth seem agent.,Overdue
MA20736,M0132,2024-02-17,Wind simply court talk present.,Completed
MA20737,M0096,2024-10-17,Action eat left.,Scheduled
MA20738,M0025,2025-02-10,Society far enough party.,Overdue
MA20739,M0059,2024-07-18,Style including interview may wide.,Completed
MA20740,M0106,2024-07-04,Follow husband morning exactly.,Completed
MA20741,M0107,2024-01-29,Happen prevent the money purpose room.,Overdue
MA20742,M0243,2023-09-13,Cut whole a professional whether long across.,Completed
MA20743,M0222,2024-05-12,However shoulder air kind machine imagine manager.,Completed
MA20744,M0051,2024-07-24,Glass dinner child significant a effort talk.,Completed
MA20745,M0012,2025-05-09,Attack stay administration send baby possible.,Scheduled
MA20746,M0283,2025-05-31,Represent campaign difference learn article last.,Completed
MA20747,M0055,2024-02-14,Back police center where rich central table far.,Scheduled
MA20748,M0011,2023-11-18,Blood father ago interview.,Scheduled
MA20749,M0156,2025-06-09,These here best early wall garden.,Scheduled
MA20750,M0158,2024-08-14,Style work water owner nice.,Completed
MA20751,M0155,2023-11-16,Compare civil opportunity century national hope degree.,Scheduled
MA20752,M0006,2024-07-11,Simple view throw leader attack yourself.,Overdue
MA20753,M0230,2024-03-10,Early career behavior either year level everything.,Scheduled
MA20754,M0213,2025-02-03,Since what girl study environment green.,Overdue
MA20755,M0033,2024-12-16,Close oil itself must item civil medical.,Overdue
MA20756,M0031,2023-07-30,Usually American future resource follow.,Overdue
MA20757,M0276,2025-03-31,Surface suffer forget sing recognize become usually.,Completed
MA20758,M0130,2023-12-27,Party floor relate employee finish lose.,Overdue
MA20759,M0299,2024-02-20,Thought top less lot easy phone us.,Overdue
MA20760,M0271,2024-11-06,Model despite energy PM.,Scheduled
MA20761,M0221,2025-03-25,Lawyer than reveal service wonder.,Scheduled
MA20762,M0054,2024-05-01,Theory trouble institution over.,Overdue
MA20763,M0228,2024-04-01,Scene evening scene paper.,Overdue
MA20764,M0092,2023-11-25,Lead no model around citizen agree.,Overdue
MA20765,M0266,2023-12-04,Protect he thousand hot executive.,Scheduled
MA20766,M0001,2023-07-10,Eye team tell size professor could.,Completed
MA20767,M0128,2024-01-17,Whom deep positive follow deal make ok.,Scheduled
MA20768,M0010,2024-01-12,Himself agreement part bring control various reach.,Completed
MA20769,M0049,2024-10-24,Design focus better set for free information.,Completed
MA20770,M0115,2024-06-29,Light good name center nothing.,Overdue
MA20771,M0185,2024-06-13,First or Republican run.,Completed
MA20772,M0283,2023-08-18,Recently civil according me family throughout local attorney.,Scheduled
MA20773,M0195,2024-07-17,While response blood policy national wall.,Completed
MA20774,M0075,2023-09-22,Exist enter wrong ok social manage box.,Completed
MA20775,M0203,2025-06-09,Society window gas walk treat environmental.,Completed
MA20776,M0147,2025-06-18,History effect imagine speak.,Completed
MA20777,M0215,2025-03-19,Budget hundred by team citizen.,Overdue
MA20778,M0217,2023-12-31,Article should pass whose yet business trade.,Completed
MA20779,M0182,2023-09-23,Easy represent trial red military speak.,Scheduled
MA20780,M0081,2024-02-15,Country represent which speech sell.,Completed
MA20781,M0024,2023-07-01,Prove wrong affect area Democrat actually.,Completed
MA20782,M0057,2023-08-25,Industry that field chance throw.,Scheduled
MA20783,M0016,2024-01-25,Dinner citizen democratic discussion job about later media.,Scheduled
MA20784,M0116,2025-03-06,Environment federal let us pattern black practice which.,Completed
MA20785,M0283,2024-06-08,Reason travel bring.,Completed
MA20786,M0054,2024-06-20,Seat ability stay cause will resource spring.,Overdue
MA20787,M0027,2025-01-03,Way who seat American make those.,Completed
MA20788,M0142,2024-12-01,Truth boy Mrs.,Overdue
MA20789,M0183,2025-04-13,Contain himself pattern live step Republican truth.,Completed
MA20790,M0236,2025-03-11,Capital thus number visit.,Overdue
MA20791,M0096,2024-02-12,Interview ten energy partner cause.,Completed
MA20792,M0189,2023-10-24,Street science hand key.,Overdue
MA20793,M0105,2025-01-28,Message for happy seem father man author.,Scheduled
MA20794,M0183,2025-03-11,Coach tell mother grow set.,Completed
MA20795,M0212,2024-10-24,Pattern leader speak each involve.,Overdue
MA20796,M0033,2024-05-20,Tend measure several available.,Overdue
MA20797,M0033,2023-11-13,Role opportunity daughter catch might itself perhaps.,Completed
MA20798,M0007,2024-08-22,Information seek article foot.,Overdue
MA20799,M0038,2024-02-15,Language black risk beautiful health.,Scheduled
MA20800,M0240,2025-01-19,They computer dream to wonder side.,Overdue
