plantID,name,city,address
PL001,Franklin Inc,Andreafort,"87440 Blackwell Branch Apt. 190, Cardenaston, NE 21036"
PL002,Mills LLC,Elizabethmouth,"160 Brent Viaduct, Tonyamouth, FL 49294"
PL003,Tate Group,East Jeffreyland,"88458 Bryant Lake, South Melissaburgh, AS 73120"
PL004,Adams and Sons,Michaelchester,"481 Pratt Course, Amberburgh, NJ 28394"
PL005,Sims and Sons,East Erinburgh,"661 Cooley Mountains Apt. 794, Jasonchester, SC 84359"
PL006,Dalton-Taylor,Lake Charles,"932 King Forest, West Saraborough, OK 75775"
PL007,"Thomas, Smith and Randall",West Briantown,"23004 Alexander Glen, East Marissa, NE 41015"
PL008,Perez Inc,East Melissa,"4825 Mcguire Pass, Port Timothyside, GA 44217"
PL009,"Horne, Garza and Thompson",South Curtisbury,"29240 Woods Drives, South Sandyberg, PR 52135"
PL010,"Taylor, Thomas and Clark",East Malik,"782 Bauer Manor Suite 741, Michaelshire, PA 01398"
PL011,Salinas-Chavez,Ashleystad,"751 Wilson Meadows, Port Wayne, MS 50966"
PL012,"Sanchez, Miles and Howard",Lake Paul,"491 Figueroa Trail Suite 522, South Wanda, SC 17005"
PL013,Briggs-Williams,New Carolyn,"7743 Johnson Ways Apt. 960, South Brenda, WY 64608"
PL014,Burns-Miller,West Michael,"USNV Hoffman, FPO AP 92103"
PL015,Harrison Ltd,North Josephport,"91356 John Prairie Apt. 149, Lake Lynn, KY 77065"
PL016,Armstrong and Sons,Jonesberg,"83756 Ortega Street, Sydneybury, MI 83454"
PL017,Thompson-Petersen,Brianstad,"PSC 7820, Box 0641, APO AA 42989"
PL018,Padilla and Sons,South Davidport,"9865 Erik Street, Comptonborough, MT 38988"
PL019,"Lang, Bush and Walsh",Dwayneburgh,"4831 Kelley Fort Apt. 211, Coxtown, ID 96513"
PL020,"Rodriguez, Morris and Mahoney",South Jasmine,"40040 Holly Bridge Apt. 020, Rayview, NM 02664"
PL021,Taylor-Simpson,Joshuaport,"47658 Stewart Roads Suite 528, East Emily, PR 80062"
PL022,"Castro, Reid and Adams",Port Amanda,"78120 Stacy Knoll Apt. 506, Jenniferberg, AL 02728"
PL023,Miller-Morris,Bethport,"46447 Catherine Street, Martinezville, CT 63125"
PL024,Jackson-Stanley,Brandonchester,"817 John Valley Apt. 631, Kevinborough, MH 06530"
PL025,Lopez-Patton,West James,"45086 Jeremiah Point Suite 933, Port Ryanside, DE 68060"
PL026,Moore PLC,South Mary,"9581 Michael Roads, South Matthew, DE 96618"
PL027,"Guerrero, Sims and Johnson",Nelsonborough,"1749 Holmes Drive Suite 787, North Michelleport, MH 67414"
PL028,Price Inc,New Jessicachester,"0243 Daniel Harbors Suite 872, South Rachelberg, MT 45540"
PL029,"Miller, Rhodes and Murphy",East Carolynbury,"015 Jacobs Islands Apt. 499, Thomastown, SC 10984"
PL030,Williamson-Moore,Danielfort,"37183 Jordan Street, Angelamouth, CT 20494"
PL031,"Wise, Valencia and Kennedy",New Ryanmouth,"3153 Emma Freeway Apt. 641, Garciahaven, ND 12839"
PL032,"Jones, Martinez and Taylor",Rodriguezbury,"Unit 8722 Box 1189, DPO AA 12778"
PL033,Hernandez LLC,Turnershire,"81560 Hebert Manor Apt. 099, Theresaview, OK 97052"
PL034,Jones-Rowe,West Ernestchester,"USCGC Harris, FPO AE 86643"
PL035,Miller-Calhoun,North Jerry,"92382 Elizabeth Alley Suite 047, Lake Madison, NJ 13703"
PL036,"Baker, Jones and Franco",West Anthony,"PSC 5208, Box 0161, APO AA 84701"
PL037,"Willis, Bryant and Holland",Lake Lindamouth,"Unit 0681 Box 7055, DPO AA 41209"
PL038,Garcia LLC,Michaelview,"42521 Nancy Parkway Apt. 235, Daltonton, TN 29559"
PL039,"Gonzalez, Cohen and Burgess",East Anthony,"303 Tyrone Ridges Suite 040, Williamsport, IA 84333"
PL040,Chambers Ltd,Myerschester,"17158 Walker Mountains Apt. 407, Liuton, PW 17904"
PL041,"Grant, Thompson and Johnson",Jesseberg,"3039 Edwards Pine Suite 510, Mathisborough, IA 89065"
PL042,Conway and Sons,Lake James,"461 Zavala Harbor, South Justin, NV 85583"
PL043,"Lynch, Burgess and Jones",Sheliaview,"Unit 8005 Box 2164, DPO AA 63542"
PL044,Nelson Group,New David,"2214 Baker Lake Suite 425, New Sheila, WI 03594"
PL045,"Perry, Warren and Turner",South Johnborough,"8463 Cody Ferry, Port Brianside, SC 80961"
PL046,Bass-Ray,New Benjamin,"328 Thomas Trace Suite 829, Lake Taylor, KY 95007"
PL047,Ross-Robbins,Kaylaton,"0764 Stephen Trace Suite 252, South Philipstad, PW 82021"
PL048,Ruiz-Greer,South Jamesfurt,"3773 Allison Club, Tammyton, NE 50371"
PL049,"Brown, Frank and Gross",South Lisaton,"470 Sherry Key, East Mary, TX 64145"
PL050,"Thomas, Hobbs and Perez",Alexandriahaven,"731 Ramirez Knoll Suite 036, Ryanview, PA 73321"
