agentID,name,email,phone,agency
A0001,Sarah Jones,kingvanessa@example.com,+1-264-593-8943x52095,"Mcdonald, Strickland and Butler"
A0002,David Mueller,grant18@example.net,(949)537-6567,Taylor Ltd
A0003,Veronica Gonzales,michaelgonzalez@example.net,+1-403-784-6066x163,"Bryant, Estrada and Allen"
A0004,Peter Petersen,trevor26@example.net,7905923433,"Brown, Leonard and Peters"
A0005,April Harris,reyesmike@example.com,966.622.0090,Murphy Inc
A0006,Charlene Williamson,murrayjeffery@example.org,(209)627-2580x10153,Tucker-Bird
A0007,Hayden Brown,ramirezkatrina@example.net,2703456607,"Berger, Porter and Hancock"
A0008,Dana Weaver,njackson@example.net,(335)564-4250x79823,Ingram Group
A0009,April Wright,urusso@example.net,785-313-5977x9367,Caldwell Inc
A0010,Shawn Wagner,brownlindsey@example.org,757-628-9067,Morgan-Rivas
A0011,Andrea Marshall,ndelacruz@example.net,001-843-206-3822x5074,Huff Ltd
A0012,Jeffrey Castaneda,kelleramanda@example.net,694.420.6946,Anthony Group
A0013,William King,wangmegan@example.com,(825)381-7743x233,Carter-Walters
A0014,Micheal Perez,christinecastaneda@example.net,287-411-8040x82016,Kelly-Zamora
A0015,Kevin King,scott32@example.com,809.732.8704,"Williams, Morrison and Walsh"
A0016,Allison Phillips,hardyfrank@example.org,+1-242-269-3401x4104,Holder-Lawson
A0017,Gerald Murphy,terrencedavis@example.com,001-758-757-3703x575,Ramos-Hill
A0018,Stacy Johnson,jordanmax@example.org,+1-651-463-4196x8882,"Guerra, Weaver and Kim"
A0019,James Mccoy,matthew11@example.org,539-533-0118x3334,Mathews-Campbell
A0020,Mark Smith,jonathanmaynard@example.net,+1-421-894-1271x925,Kline and Sons
A0021,Anna Pennington,jamesvaughn@example.net,+1-874-451-7630,"Anderson, Mathews and Reed"
A0022,Brandi Montgomery,vazquezangel@example.net,801-915-4670x9759,"James, Stevenson and Hughes"
A0023,John Smith,wdavenport@example.net,775.998.2495x71736,Mcfarland-Marshall
A0024,Samantha Williams,woodsgrant@example.com,001-443-445-8989x602,"Wilson, Herrera and Smith"
A0025,Sarah Anderson,marygarcia@example.com,001-927-424-2519x80209,"Mason, Carter and Patton"
A0026,Jessica Moore DDS,benjamin99@example.net,001-544-480-9197x612,Smith-Nguyen
A0027,Clayton Brooks,isanchez@example.com,563.737.9428x77463,Nichols Group
A0028,Kathy Lane DDS,tracy79@example.org,001-665-994-1014,Osborn-Smith
A0029,Robert Clark,solomonkevin@example.net,581-243-8816,Miller Inc
A0030,Alicia Osborne,alejandra39@example.net,4477316996,Castaneda PLC
A0031,Cassidy Page,cfritz@example.org,001-487-476-5629x66156,"Reynolds, Wallace and Dominguez"
A0032,Luis Jones,pcordova@example.net,747-536-8527,"Perkins, Hernandez and Richard"
A0033,Julia Carroll,kevinrogers@example.com,746-922-4734x9936,"Martin, Sloan and Smith"
A0034,Max Lara,dylananderson@example.com,001-665-297-4969x486,Williams-Johnson
A0035,Michael Powell,hpatterson@example.net,(832)756-0774x6636,"Jimenez, Salas and Johnson"
A0036,Peter Peters,jerrywest@example.org,001-880-306-2428x2670,Jones-Powell
A0037,Joseph Walker,dianaortiz@example.org,235-750-0671x5417,Sanders and Sons
A0038,Robert Compton,howardmichael@example.com,+1-553-206-7164,"Gibson, Hardin and Murray"
A0039,Ryan Barr,benjamingarcia@example.com,927.825.9441,Beck LLC
A0040,Patricia Guzman,brittanylindsey@example.org,576.414.7498,Murray-Miller
A0041,Hunter Tate,nwall@example.com,664.769.5532,"Smith, Smith and Reese"
A0042,Ryan Owens,kurt09@example.org,4662250288,Roach Ltd
A0043,Melissa Mcbride,ricky13@example.org,618.532.3723x9145,"Hunter, Hodge and Shaffer"
A0044,Robert Guerrero,normanbeltran@example.org,4066639997,"Johnson, Smith and Walsh"
A0045,Catherine Hernandez,romanmathew@example.org,253.766.7933,"Oliver, Wagner and Carpenter"
A0046,Dennis Hines,antoniodorsey@example.net,+1-200-233-7656x98889,Edwards PLC
A0047,Michael Garcia,reneeflowers@example.com,(243)803-2661x3034,"King, Hill and Calderon"
A0048,Frank Bishop,amanda37@example.net,(438)997-8547x4148,"Watson, Thomas and Gonzales"
A0049,James Hicks,john05@example.com,464-392-2718x065,"Davis, Clark and Mejia"
A0050,Ashley Marshall,jose97@example.org,001-697-476-5160x0620,Anderson Inc
A0051,Nancy Ellis,ann46@example.net,(580)942-8448,Lewis-Frank
A0052,Darren Walker,rfields@example.org,724-353-9971x4692,"Hicks, Rivera and Rice"
A0053,Vincent Jones,xgonzalez@example.com,477.567.1651x009,"Frost, Collins and Dixon"
A0054,Elaine Conner,phillipsjenny@example.net,633.913.9920,"Sawyer, Ward and Santana"
A0055,Cassandra Burns,qyang@example.org,645-461-6064,"Armstrong, Brown and Navarro"
A0056,Ashley Robinson,smithjon@example.org,691.209.5123x56386,Kelly-Garcia
A0057,Jacqueline Williamson,teresa78@example.net,677-459-4278x02393,King-Patel
A0058,William Taylor,jessica69@example.com,(538)322-1321x16212,Reyes Ltd
A0059,Brandon Douglas,oanderson@example.org,473-219-0704,Higgins and Sons
A0060,Donald Gardner,anthony40@example.com,608-761-6189,"Goodman, Townsend and Patel"
A0061,Donald Bender,howellphillip@example.org,432-449-8575,Mack Ltd
A0062,Elizabeth Chaney,smithrussell@example.net,+1-583-827-4980x5054,Stevenson-Bryant
A0063,Cody Preston,madeline26@example.net,(900)666-0837x29351,"Smith, Martinez and Klein"
A0064,Victoria Bowen,calvin15@example.org,459-536-1565x8197,Ferrell Ltd
A0065,Kimberly Huber,darryl63@example.org,+1-906-400-1179x55596,"Smith, Hernandez and Ashley"
A0066,Linda Spencer,erikmcconnell@example.net,(920)653-3189x39531,Roberson-Davis
A0067,William Miller,heathermaxwell@example.org,001-472-669-6917x16254,Jackson-Elliott
A0068,Kevin Hayes,courtney96@example.org,+1-862-532-8893x1545,"Carey, Diaz and Snyder"
A0069,Kathleen Lane,mercerzachary@example.com,240-718-4582,Fernandez PLC
A0070,Kathleen Mckay,sweeneybrittany@example.com,532.862.3942x06827,Kirk Inc
A0071,Laura Hill,caitlinflowers@example.net,001-516-316-5030x12445,"Kim, Jimenez and Huffman"
A0072,Sophia Ramos PhD,bbrooks@example.net,8932868134,"Tyler, Fisher and Hansen"
A0073,Scott Horne,sgarcia@example.com,001-692-451-6517x18082,Robinson Ltd
A0074,Juan Gutierrez,usmith@example.net,4819860731,"Rivers, Wallace and Coleman"
A0075,William Adams,jonescorey@example.com,669-564-3428x96394,Ortega PLC
A0076,Gerald Shelton,littlesabrina@example.org,(296)822-1829x352,West Inc
A0077,Gregory Thompson,leonardgonzalez@example.org,+1-646-785-6651,Tucker-Mckenzie
A0078,Rachael Anderson,monica19@example.net,(891)464-6368x85941,Davis LLC
A0079,Melinda Yates,jacksonjill@example.com,001-984-792-9183,Johnson LLC
A0080,Ian Santiago,sarahswanson@example.net,+1-350-398-9738x3285,Rogers-Coleman
A0081,Douglas Ayala,priceheather@example.net,(837)844-1272x865,Blake-Campbell
A0082,Kevin Gordon,sandraryan@example.org,612-942-7269,Haynes-Jordan
A0083,Raven Rodriguez,brittneyhays@example.net,235.925.7194,Parker and Sons
A0084,Mrs. Heather Castillo,crystalgriffin@example.net,001-916-421-6056,Rosales-Adams
A0085,Diana Pope,gonzalezcody@example.org,513-651-6074,Hoover and Sons
A0086,Renee Oconnor,kelseyevans@example.net,(614)940-1388x9426,Walker Inc
A0087,Brandon Mcclure,knightregina@example.com,+1-692-370-1795x6220,"Petersen, Sullivan and Hall"
A0088,Joseph Jones,laurenmills@example.org,+1-339-716-9947x383,Nolan-Perez
A0089,Angela Mccoy,dpark@example.org,471-812-0539,"Waller, Wells and Vazquez"
A0090,David Moore,lopeztiffany@example.net,305-705-6176x528,Clark-Price
A0091,William Scott,kaitlyn33@example.org,001-746-502-0998x769,Smith Inc
A0092,Anthony Miranda,ymartinez@example.net,+1-237-441-1347,Rivas Group
A0093,Brandon Crawford,adkinsjames@example.net,001-716-477-9528,Lewis-Brandt
A0094,Christopher Perez,annette74@example.org,383-526-0678x6128,Koch Group
A0095,Kathleen Jones,johnsonvictoria@example.net,303.672.7384x628,Brown-White
A0096,Rebecca Zamora,ojacobson@example.net,312-825-5537x281,Lewis-Flores
A0097,Gwendolyn Ellison,zamoraandrew@example.com,365.380.1164x83379,Shannon-Mercado
A0098,Adrian Thomas,watsonjeffrey@example.net,283.572.0434,"Russo, Cross and Pearson"
A0099,Ivan Vega,huntlarry@example.com,407.538.4622,Stone-Wolf
A0100,Lisa Bird,cmckenzie@example.org,205-952-5970,Wood Group
A0101,Cynthia Cuevas,conradjeffrey@example.net,001-937-781-1686x49261,Moon Inc
A0102,Matthew Stevens,gregoryhorton@example.org,(953)242-1668,Williams-Wilson
A0103,James Jenkins,marthadyer@example.net,+1-206-947-4298x928,"Ellison, Miller and Castaneda"
A0104,Jeffrey Bradley,vpacheco@example.net,001-830-513-7076,Wilson Ltd
A0105,Jason Sullivan,aaron30@example.org,692-581-6695,Hudson Ltd
A0106,Taylor Martinez,ogarza@example.org,(390)573-1174x609,Ho and Sons
A0107,Andrew Smith,gonzalezandrew@example.com,904-529-8513x300,"Guzman, Hernandez and Aguirre"
A0108,Zachary Mejia,antoniophillips@example.com,(398)338-3111,Russell-Wilkins
A0109,Lori White,russellbrianna@example.org,951-210-7124x862,"Turner, Reed and Cuevas"
A0110,Bridget Ward,dana79@example.org,(816)803-9620,"Mcclure, Martin and Benton"
A0111,Chase Roy,lharris@example.com,996.202.9812x307,"Aguirre, Ramirez and Dickerson"
A0112,Christine Martinez,petersonjoshua@example.net,(292)931-9017x88857,Rodriguez-Ball
A0113,Maria Perkins,mckenziebrandy@example.com,767-818-7969x514,"Green, Crawford and Golden"
A0114,Kelly Smith,ostevenson@example.com,+1-925-987-5119,"Curtis, Chen and Miller"
A0115,Brittany Kelley,mbates@example.com,(673)330-8780,Brown LLC
A0116,Alexandria Glover,smithlori@example.net,(303)701-6318x3247,Brown Inc
A0117,Bryan Long,gloria17@example.com,209-689-8041x815,West PLC
A0118,Bridget Ruiz,cstanley@example.net,701-446-6404,Herrera-Johnson
A0119,Andrew Morton,lisa14@example.org,+1-881-478-6143x901,Pierce-Fletcher
A0120,Andrew Miller,matthew71@example.com,492.903.8360x034,Lopez LLC
A0121,Alexandria Walker,edwardsbradley@example.net,229-612-7192,Liu-King
A0122,Robert Jensen,clarkstephanie@example.org,657.672.0612x831,"Savage, Warren and Guerrero"
A0123,Becky Martinez,brenda05@example.org,565-746-8076,Miller-Perez
A0124,Karen Collins,weissbonnie@example.org,001-828-974-8123,"Tate, Young and Miller"
A0125,Rachel Hubbard,pjohnson@example.org,+1-899-509-4216,Stout LLC
A0126,Juan Wilson,kempbilly@example.org,966-693-0553x065,Anderson Ltd
A0127,Meredith Greene,emckinney@example.net,783-807-2912,Finley LLC
A0128,Samantha Meyer,perezkerry@example.com,930.585.3995,"Oconnor, Sanchez and Waller"
A0129,Jeffrey Phillips,renee01@example.net,981.377.1142,"Jones, Simmons and Wright"
A0130,Christina Williams,thomas19@example.net,(396)907-4968x8514,"Dickerson, Taylor and Carr"
A0131,Marisa Zimmerman,wanda86@example.net,585-815-7743,"King, Lozano and Rodgers"
A0132,Natalie Long,michelle30@example.org,001-691-500-8248,"Andrade, Russell and Campbell"
A0133,Angela Griffin,edwardphillips@example.net,(805)305-8191x4649,"Wilson, Wise and Wolf"
A0134,Jamie Mcconnell,colemanstephanie@example.org,(983)291-9769,"Brown, Livingston and Craig"
A0135,Natasha Lee,gregory11@example.net,(792)350-4331,Bradley-Wong
A0136,David Johnson,ashley49@example.org,8158887154,Carey PLC
A0137,Brett Johnson,katherineday@example.net,989.668.7976,Klein-Dunn
A0138,Nichole Cook,samanthajames@example.org,331-855-2927,Cardenas LLC
A0139,Whitney Martinez,frankfletcher@example.com,001-878-957-9961,Salinas and Sons
A0140,Wendy Hall,websterpatrick@example.com,658-733-1041x739,"Baker, Holden and Kane"
A0141,Natalie Hall,rickyparker@example.org,2925674844,"Fuller, Ferguson and Bowers"
A0142,Danielle Brown,bsmith@example.org,+1-644-645-8838x82904,James Inc
A0143,Anne Yoder,dcarey@example.net,811.923.7718,"Williams, Brown and Thomas"
A0144,Pamela Preston,heather82@example.net,+1-712-309-1346x8237,"Jackson, Jordan and Torres"
A0145,Annette Johnson,rmiller@example.org,+1-791-804-0032x535,Turner PLC
A0146,Jordan Henry,krobinson@example.net,001-883-975-6903x39181,"Wheeler, Freeman and Williams"
A0147,Kevin Freeman,oblack@example.org,271.364.0194x32509,"Mills, Nelson and Joseph"
A0148,Nicole Stephens,cjohnson@example.net,429-403-4343x743,"Greer, Palmer and Davis"
A0149,Laura Martin,chungcrystal@example.net,327.861.7636x706,Adkins PLC
A0150,Roberto Gardner,upalmer@example.net,+1-804-578-1765x4597,Miller Group
A0151,David Perez,kellercassandra@example.net,001-559-423-0259,Gomez Group
A0152,Andrew Conner,xpace@example.net,001-848-731-1471x894,Lewis Ltd
A0153,Steve Mclaughlin,hawkinselizabeth@example.com,437.897.1000x4540,"Rodriguez, Thomas and Parker"
A0154,Shane Gates,djoyce@example.com,451.818.7509x59522,"Poole, Cobb and Wyatt"
A0155,Julia Johnson,smithbetty@example.com,(550)245-7149,Owen Ltd
A0156,Yolanda Terrell,blairrhonda@example.org,945.886.5422,"Wise, Singh and Moore"
A0157,Brittany Brown,kathleenwilliams@example.com,319.797.8676x8519,Johnson-Peters
A0158,Anthony Gallegos,ramirezkaitlyn@example.net,001-929-956-3587x415,Clark-Roberts
A0159,Madison Lewis,eclark@example.net,843-426-2701x3158,Cox LLC
A0160,Jimmy Barber,derrickmurphy@example.com,001-532-739-6072,Taylor-Huff
A0161,Elizabeth Guerrero,pmorales@example.net,301-952-7454x01546,Freeman-Russell
A0162,Kristen Ramsey,taylormegan@example.org,4576162449,Collier-Porter
A0163,Dawn Munoz,brittanypatterson@example.net,847-509-8718,Nelson PLC
A0164,Teresa Park,jacobbright@example.com,+1-633-589-5877x90565,"Moody, Lowe and Thomas"
A0165,Robert Gray,steven15@example.net,(754)920-3592x8085,Gilbert-Aguilar
A0166,Mr. James Bowers,paulmeyer@example.org,001-717-953-1615x7234,Christensen PLC
A0167,Tracy Jones,katherine50@example.org,001-288-380-8265,"Freeman, Burke and Wang"
A0168,Dylan Martinez,meganbowen@example.org,(359)342-5271,King-Blackwell
A0169,Gregory Franklin,luke93@example.org,352-429-5866,Jones LLC
A0170,Matthew Davis,upittman@example.net,474.355.1491,"Ramirez, Gardner and Kim"
A0171,Jennifer Hicks,patricia65@example.com,413-576-2975,Oconnor PLC
A0172,Theresa Miller,benjaminthomas@example.net,2718022380,Tucker-Frank
A0173,Gregory Smith,perkinssophia@example.com,(392)385-2458,"Rodriguez, Bailey and Kennedy"
A0174,Courtney Bentley,sosasheryl@example.com,896-705-6646,Howard-Shepherd
A0175,John Robinson,uwilson@example.net,(881)201-6937,Gregory Inc
A0176,Brian Schmidt,cdaniels@example.net,409.271.3310x0687,"Martinez, Stevens and Gibson"
A0177,Thomas Jackson,bcook@example.org,(670)210-6478x438,Arias Inc
A0178,Kathleen Taylor,gregorygomez@example.com,860.962.8386x5127,Garrett-Mcdaniel
A0179,Christopher Weaver,davisnancy@example.org,(942)432-7676,Rice-Turner
A0180,Jessica Hernandez,clowery@example.com,328-995-4288x0136,"Kelly, Cooper and Everett"
A0181,Sarah Boone,natasha62@example.com,667.964.9871,"Gentry, Young and Compton"
A0182,Brooke Moore,douglashall@example.net,542-534-6306x0820,Molina-Fernandez
A0183,Carrie Jackson,iyu@example.com,(807)606-9805x1935,Wilson PLC
A0184,Kyle Taylor,pricedavid@example.com,(560)904-9723,Hicks Group
A0185,Arthur Valdez,blakecharles@example.org,881-258-7716,Hall PLC
A0186,Tony Stafford,lauren55@example.net,001-320-807-9139,Moore Inc
A0187,Nicholas Simpson,mbrown@example.com,259-747-6436x3347,Carter-Daniels
A0188,Jonathan Wallace,josephwhite@example.net,671.317.1319,Poole Inc
A0189,Luis Serrano,listephanie@example.net,2658570521,"Simmons, Fuller and Miller"
A0190,Stephanie Smith,phurst@example.net,+1-544-381-4256x8377,Olsen PLC
A0191,Kristina Roman,shawnwallace@example.net,001-733-589-2325,Harrison and Sons
A0192,Martin Kelley,andreallen@example.net,738-476-8161x92625,Griffin Inc
A0193,David Coleman,mayrita@example.net,+1-555-940-2510,Sanders-Allen
A0194,Rebecca Thomas,jennifer86@example.org,738-633-1167,Stewart PLC
A0195,Calvin Ramirez,alejandracase@example.com,293-217-3327,Hurley Inc
A0196,Denise Thomas,shill@example.net,595-857-3557,Smith-Martinez
A0197,Shari Powers,vickimendoza@example.org,7654111729,"Wallace, Wiggins and Smith"
A0198,Kristine Jordan,anthonyross@example.org,(893)320-5191x8733,Ferguson-Payne
A0199,Rachel Green,whall@example.net,(609)668-1071x97263,"Fritz, Baker and Rice"
A0200,Devon Garcia,anthonycoleman@example.com,001-751-931-0250x07424,Mack PLC
