outageID,city,startDate,endDate,reason
O20001,New Steven,2023-08-10,2023-08-10,Maybe can hit.
O20002,New Tyler,2024-05-15,2024-05-15,Often kid pattern play ahead social.
O20003,Martinborough,2023-06-25,,Agent before from crime.
O20004,East Andrew,2023-08-15,2023-08-15,Program those language.
O20005,Port Natalie,2025-03-12,2025-03-12,Science room civil.
O20006,Allenfurt,2024-09-23,2024-09-23,Attack space a.
O20007,Port Eriktown,2024-01-29,2024-01-29,Office true senior environment.
O20008,Shanemouth,2023-09-11,2023-09-11,Last perform attention area beat exactly.
O20009,West Courtney,2025-02-08,2025-02-08,Life policy it chance center only.
O20010,East Aprilmouth,2024-04-08,2024-04-08,Real store state act.
O20011,Carlosfurt,2023-08-07,,Responsibility learn doctor out.
O20012,Woodfort,2024-05-25,,Be trial walk.
O20013,Maciasfurt,2025-03-06,2025-03-06,Unit good available.
O20014,West Isaacside,2025-05-05,,Into spring own food.
O20015,Taylorfort,2023-11-19,2023-11-19,Wrong age to history thank.
O20016,Heatherland,2024-05-21,2024-05-21,Around allow it executive summer.
O20017,Simpsonville,2024-07-19,2024-07-19,Main property term.
O20018,North Brandontown,2025-01-16,2025-01-16,And deal dream.
O20019,Philipbury,2025-01-29,,Research property create.
O20020,Vangfurt,2024-02-08,,Season development truth seat.
O20021,Deborahport,2024-10-28,,According sister response beat half stage.
O20022,Larsonburgh,2024-09-24,2024-09-24,Forget hundred page teacher.
O20023,Lake Joseph,2024-02-05,2024-02-05,Not sea fill.
O20024,New Todd,2023-07-05,2023-07-05,Many attack father film they.
O20025,Marquezview,2025-01-28,2025-01-28,Office others very hard sound.
O20026,Millsberg,2025-03-04,,Role career which hour.
O20027,North Jessica,2024-06-12,2024-06-12,Woman bed whole major American chair.
O20028,Patrickborough,2023-11-22,2023-11-22,Think miss himself.
O20029,New Loriburgh,2023-12-13,2023-12-13,Soldier yet north.
O20030,Stevensland,2024-03-28,2024-03-28,Interview military floor network.
O20031,New Brandon,2024-06-22,,Contain bank include.
O20032,Hernandezmouth,2025-04-06,2025-04-06,Participant understand charge occur able.
O20033,Staffordmouth,2024-05-12,2024-05-12,Save type free right art charge.
O20034,Karenmouth,2024-12-25,2024-12-25,Finally respond data over.
O20035,Phillipberg,2024-09-15,2024-09-15,Fish window fall car thought.
O20036,Lake Shannon,2024-10-28,2024-10-28,Certainly financial my if like.
O20037,West Rhondafort,2023-10-15,,No always thousand daughter week.
O20038,North Donnabury,2023-12-12,,National by mother six.
O20039,Lake Jillianside,2024-03-25,2024-03-25,Chance conference agency image national.
O20040,Angelastad,2024-12-16,2024-12-16,Already film cup continue chance.
O20041,Vincentbury,2024-03-28,2024-03-28,Near world side.
O20042,Briannafurt,2023-10-07,2023-10-07,Put popular moment else.
O20043,West Bryan,2024-06-28,2024-06-28,Later off treat box herself size.
O20044,West Jason,2023-12-28,2023-12-28,Include white protect.
O20045,Davidshire,2024-03-25,2024-03-25,Herself pay authority his fine tough.
O20046,North Tiffany,2025-02-10,,Drug social food thought.
O20047,Valenciaview,2025-02-01,,This shake social forget.
O20048,Amymouth,2025-04-06,2025-04-06,Big pattern apply.
O20049,Woodsmouth,2023-09-02,2023-09-02,Knowledge article bank pretty respond put.
O20050,Hoffmanberg,2024-08-31,,Huge head author themselves.
O20051,Alvarezstad,2024-07-28,,City after usually continue.
O20052,East Michael,2024-06-01,2024-06-01,Glass building painting fill relationship.
O20053,Lake Diane,2024-06-16,2024-06-16,Traditional nor let heavy.
O20054,North Stephenfort,2024-01-15,2024-01-15,Difficult low order instead his employee.
O20055,South Karen,2023-10-11,,Although TV order likely.
O20056,Port Stevenbury,2023-11-11,2023-11-11,Natural miss eye down order.
O20057,Hughesfort,2024-06-11,2024-06-11,Its boy animal identify.
O20058,Valdezville,2024-09-23,,Still develop career yeah care.
O20059,East Joseph,2024-01-16,2024-01-16,Stock outside nice dark.
O20060,New Catherine,2025-03-21,,Foreign decision week write.
O20061,New Kevinshire,2024-09-11,2024-09-11,Finish court range certain animal produce.
O20062,Lindaborough,2023-09-19,2023-09-19,Baby growth health feel company.
O20063,Parsonsberg,2023-11-22,,Effect bill important word investment eye.
O20064,Perezburgh,2025-03-21,2025-03-21,Individual local brother authority remain around.
O20065,Carlfurt,2025-02-14,2025-02-14,Thus eye deal several check.
O20066,Mitchellport,2024-03-17,,Cause job boy wide.
O20067,Port Stephaniechester,2025-01-30,2025-01-30,Staff really night education.
O20068,Janeland,2024-09-21,2024-09-21,Its military forget sort.
O20069,South Samanthaburgh,2024-01-17,,Less art student audience process and.
O20070,Booneland,2024-09-07,2024-09-07,Then protect responsibility.
O20071,South Denniston,2023-12-03,2023-12-03,Eight everyone finally claim section.
O20072,North Garychester,2024-10-18,2024-10-18,If deal draw month.
O20073,West Bailey,2025-01-10,,Lay member reason low.
O20074,Joneston,2024-09-16,2024-09-16,Time hour sport edge successful throughout.
O20075,East Michelle,2024-05-14,,There much conference.
O20076,Malikberg,2023-12-16,2023-12-16,Will go man.
O20077,Lake Thomasview,2025-01-29,2025-01-29,Future let pattern.
O20078,East Carolynfurt,2023-11-29,2023-11-29,Usually in moment marriage.
O20079,Lake Robert,2023-12-02,2023-12-02,Kid in from decide run.
O20080,Port Lindamouth,2024-01-04,2024-01-04,Line like similar.
O20081,North Dannyport,2024-08-29,2024-08-29,Wrong TV case seat practice approach.
O20082,Keithfort,2025-03-04,2025-03-04,Rule purpose behind.
O20083,Christopherland,2024-03-13,,Author action machine treatment night bad.
O20084,East Matthew,2023-10-07,2023-10-07,Involve who color.
O20085,Baileymouth,2023-10-04,2023-10-04,Child decide window.
O20086,North Paula,2025-04-07,2025-04-07,Term produce likely mouth boy.
O20087,Brewerport,2025-05-14,2025-05-14,Still cut player rule.
O20088,Lindseymouth,2024-06-21,,Miss least perhaps bad.
O20089,Jefffurt,2024-04-17,2024-04-17,In million have.
O20090,Gabrielborough,2024-09-20,2024-09-20,Dog eye visit rule.
O20091,Joneschester,2023-10-10,2023-10-10,Ball word concern base rest though.
O20092,Marystad,2023-07-30,2023-07-30,Truth candidate respond.
O20093,North Deanborough,2024-05-22,2024-05-22,Reason such agreement senior employee sell.
O20094,Allenburgh,2024-05-01,2024-05-01,Attention project hour especially.
O20095,Fowlerfort,2024-09-13,2024-09-13,Commercial theory two experience executive property.
O20096,Port Timothy,2025-02-11,2025-02-11,Shoulder you member.
O20097,Atkinsborough,2023-11-12,2023-11-12,Writer weight front through little group.
O20098,Lake Sherishire,2024-07-28,2024-07-28,Truth upon evidence instead bit article interesting.
O20099,Batesbury,2023-08-16,2023-08-16,Thought if quality travel budget citizen.
O20100,Port Royview,2025-01-28,2025-01-28,Degree because avoid what cup.
O20101,Davidbury,2024-05-24,2024-05-24,Strategy suggest third foot final conference.
O20102,Heidiburgh,2023-07-11,2023-07-11,Person national against.
O20103,Garciabury,2023-08-25,,Stop whole just some.
O20104,Dustinburgh,2024-06-19,2024-06-19,Simple college why policy most.
O20105,Danielport,2025-01-19,,Loss day program interesting.
O20106,Lindaborough,2025-05-24,2025-05-24,Compare exist agency pretty.
O20107,East Cheryl,2024-06-02,2024-06-02,She space huge.
O20108,Schaefermouth,2024-04-15,2024-04-15,Part us child.
O20109,Sandraview,2024-12-08,2024-12-08,Former seek name guy many image.
O20110,North Michelle,2024-08-23,2024-08-23,Pattern give throw participant office.
O20111,North Julieville,2025-04-30,2025-04-30,Question or owner else worry.
O20112,Josephmouth,2025-06-12,2025-06-12,Film final general.
O20113,Lewisstad,2025-01-28,,Participant back center phone national attention.
O20114,New Jason,2024-06-23,2024-06-23,Kid food involve treatment note.
O20115,Jessicaport,2025-05-05,2025-05-05,Teacher response strategy just.
O20116,Port Robert,2024-03-07,2024-03-07,Sense author best market.
O20117,South Maryport,2024-04-20,2024-04-20,Take Congress dog do child.
O20118,Port Joshuaview,2024-02-10,2024-02-10,Prove buy it.
O20119,Jensenborough,2024-07-04,2024-07-04,Direction just its draw level.
O20120,South Bobbybury,2024-08-17,2024-08-17,Let their read.
O20121,Port Arthurberg,2024-07-18,2024-07-18,Just appear daughter language begin.
O20122,West Deborah,2023-09-13,2023-09-13,Century parent society have scientist.
O20123,Port Katelyn,2024-09-28,2024-09-28,Movement leader so.
O20124,Lake Jodi,2025-05-01,,Happen blood major could into enter.
O20125,North Michaelhaven,2024-08-05,,Possible bag support painting only.
O20126,Harveymouth,2024-04-10,2024-04-10,Station involve hotel statement produce how.
O20127,Lake Erin,2023-09-29,2023-09-29,Close front court easy cut party.
O20128,East Hannahfort,2024-08-02,2024-08-02,Finish over I cut suffer ability.
O20129,Lake Andrea,2023-06-28,2023-06-28,Accept relate claim hair.
O20130,South Jessica,2024-04-06,2024-04-06,Face room house.
O20131,Brianatown,2024-07-12,2024-07-12,Table store service.
O20132,South Aaron,2025-05-14,2025-05-14,Once large yet.
O20133,Hansenport,2024-10-29,2024-10-29,Heart leg company meet author teach.
O20134,West Kyle,2025-03-14,2025-03-14,Born reduce anything.
O20135,Port Zacharyview,2024-01-20,,Apply country financial phone.
O20136,West William,2024-03-09,2024-03-09,My do between civil.
O20137,Port Alexandra,2024-09-04,,Spend account job top determine but.
O20138,North Andreastad,2024-03-27,,Bank language available ball quality.
O20139,South Jim,2023-09-06,2023-09-06,Line especially green.
O20140,West William,2023-10-23,,Candidate result how.
O20141,Morrisonshire,2025-05-09,2025-05-09,Traditional safe argue possible clear west.
O20142,South Ronaldfurt,2025-05-19,2025-05-19,Him wife his woman small.
O20143,Crystalmouth,2025-04-24,2025-04-24,Organization about though travel myself yet.
O20144,South Brandon,2023-09-14,2023-09-14,Child reveal assume trip skill.
O20145,East Timshire,2024-05-10,2024-05-10,Eat quality man sort situation list.
O20146,New Colemouth,2023-07-01,2023-07-01,Modern make head amount.
O20147,Port Lisaside,2024-07-23,2024-07-23,Writer then whom benefit.
O20148,Delacruzbury,2023-12-14,,White have wait spring.
O20149,Port David,2024-08-03,2024-08-03,After western election fish chance.
O20150,Parkburgh,2024-08-03,2024-08-03,Against science effect imagine author ball.
O20151,Ryanberg,2024-07-06,2024-07-06,Perform chair last miss.
O20152,Lake Michael,2024-12-16,,Quality phone wife remember standard.
O20153,New Daniel,2024-12-15,2024-12-15,Special how home some.
O20154,Mcdonaldburgh,2024-07-03,,Reach tell reach letter well.
O20155,Carlafurt,2024-06-03,2024-06-03,Offer security growth she decide.
O20156,North Christinaville,2023-08-12,2023-08-12,Baby performance similar hit final market.
O20157,Nicholastown,2025-05-25,2025-05-25,Me seat expert bed best.
O20158,Port Alexa,2025-06-11,2025-06-11,Plant court offer.
O20159,Rhondaville,2024-09-21,,Authority network hold them.
O20160,Rachelport,2024-02-10,,Individual few its.
O20161,Sarahton,2024-06-08,2024-06-08,Theory though happen new production.
O20162,Lake Emily,2025-04-10,,Hundred much determine.
O20163,Lake Blakeburgh,2024-11-06,2024-11-06,Stand general tend upon personal.
O20164,New Elijah,2023-08-12,,Week be know office statement including.
O20165,New Mark,2024-11-04,2024-11-04,Generation old director wrong assume administration.
O20166,East Mark,2024-05-23,,Game Republican over picture.
O20167,Georgeport,2023-08-15,2023-08-15,Role reveal painting.
O20168,Shafferchester,2024-10-11,2024-10-11,Every foot situation member lose also.
O20169,South Janet,2023-06-20,,Office animal catch arm senior.
O20170,New Jacksonfort,2024-04-04,,Finish blue say international information choice.
O20171,East Mary,2024-02-05,,Section common room.
O20172,North Pedro,2023-10-10,2023-10-10,Decision thought system marriage.
O20173,Monicaburgh,2023-07-27,,College forward detail I trouble.
O20174,Johnsonfort,2024-10-31,2024-10-31,Try tree concern main they night.
O20175,Burgessport,2024-03-25,2024-03-25,Simple glass total animal remember.
O20176,North Brenda,2023-06-21,2023-06-21,Yes easy goal.
O20177,North Randymouth,2024-10-29,,Recently effect behavior officer activity.
O20178,Lake Jenniferport,2024-10-10,2024-10-10,Investment speak western her computer.
O20179,Port Robert,2025-02-21,,Require sort remain arm see leader.
O20180,Drakeland,2024-03-15,2024-03-15,Themselves suddenly paper rate probably be.
O20181,South Lesliebury,2025-01-26,,Look business consumer.
O20182,North Holly,2024-02-04,2024-02-04,Couple realize cold.
O20183,Westbury,2025-01-27,2025-01-27,Care wish these.
O20184,South Andrew,2024-05-14,2024-05-14,Or think single.
O20185,West Sarahborough,2025-01-20,2025-01-20,Music wrong bit.
O20186,Billborough,2025-01-06,2025-01-06,Have never dark.
O20187,West Samantha,2025-03-29,2025-03-29,Team contain television painting administration.
O20188,Tammyborough,2025-03-04,2025-03-04,Pattern ability impact assume theory.
O20189,Markhaven,2025-05-22,2025-05-22,Sea analysis several.
O20190,Ryanside,2024-01-13,2024-01-13,Best page Mrs.
O20191,Susanbury,2024-12-08,2024-12-08,Cup someone contain protect anything.
O20192,Boothburgh,2025-04-05,2025-04-05,Item situation policy meet agree.
O20193,Jacobhaven,2025-01-11,,Least know yes history meeting.
O20194,Nelsonchester,2025-05-24,,Concern all enjoy traditional data blood.
O20195,Katherineburgh,2024-10-14,2024-10-14,War imagine together.
O20196,Jonside,2025-02-07,2025-02-07,Quickly early receive civil.
O20197,Jorgeside,2024-03-03,2024-03-03,And language it cover design.
O20198,Port Derrick,2024-11-29,,Talk ever box nation animal.
O20199,South Michael,2024-05-11,,Of kind at purpose.
O20200,East Richard,2023-08-10,,Add whose add impact.
O20201,Hurstborough,2024-09-06,2024-09-06,Teach age loss.
O20202,New Michelleville,2024-10-29,,All rather appear miss we station.
O20203,East Amyport,2024-06-20,,Account usually party.
O20204,South Davidburgh,2024-12-10,2024-12-10,Buy concern begin.
O20205,East Ronaldstad,2023-10-15,,Financial local beautiful manager ability store.
O20206,Port Ginaborough,2024-07-15,2024-07-15,Sea difference quickly simply common.
O20207,Heidichester,2023-07-22,2023-07-22,Hair live organization party.
O20208,Cookshire,2025-01-29,2025-01-29,Short expect practice sister then prove.
O20209,Port Aaronmouth,2024-09-22,2024-09-22,Current film own kitchen church.
O20210,West James,2023-08-25,2023-08-25,Leg word certainly gun voice.
O20211,Ronnieville,2024-07-08,2024-07-08,Those food perform often budget.
O20212,New Thomas,2024-01-01,,Training drug actually.
O20213,East Tonytown,2025-06-09,2025-06-09,Also western day.
O20214,Port Michelle,2023-07-23,,Its other name animal add budget.
O20215,South David,2024-04-03,2024-04-03,Production international six break think ability.
O20216,Lake Anthonyberg,2023-09-16,2023-09-16,Where sign raise agent.
O20217,Port Philip,2024-06-27,2024-06-27,Be television traditional man win nor.
O20218,Lake Williammouth,2025-01-30,2025-01-30,Which yes increase.
O20219,Smithburgh,2025-03-09,,Job institution partner.
O20220,North Gina,2024-02-12,2024-02-12,Tough above thousand.
O20221,Annabury,2023-10-18,,Of own begin ahead.
O20222,New Diamondberg,2023-08-20,2023-08-20,Minute ability operation modern.
O20223,North Christopher,2025-03-03,2025-03-03,Want course manage.
O20224,New Tiffanyburgh,2023-11-11,2023-11-11,Citizen will example Republican trip.
O20225,South Samantha,2025-03-04,,Age project relationship provide.
O20226,Summerston,2023-08-14,2023-08-14,Responsibility well worry sound.
O20227,Patelland,2024-05-18,2024-05-18,Order relationship camera clear according.
O20228,Port Michellechester,2025-02-09,2025-02-09,Admit case allow military fact likely.
O20229,North Jackfort,2024-05-06,2024-05-06,Ball act career head.
O20230,Vazquezmouth,2024-06-12,2024-06-12,Sea effort land yes hotel.
O20231,Lake Shawntown,2025-01-15,2025-01-15,Single stop join.
O20232,Jenniferstad,2024-01-25,2024-01-25,Example attention claim than simply south.
O20233,New Garyberg,2024-07-19,,Ready ask executive.
O20234,Nathanchester,2024-02-24,2024-02-24,Since force ok.
O20235,East Amanda,2025-01-03,2025-01-03,Law run middle age list friend.
O20236,Craneborough,2024-09-07,2024-09-07,Size media lead trade.
O20237,Adamfurt,2025-05-31,,Enough create major movie ago.
O20238,North Nicholashaven,2023-08-04,2023-08-04,Painting civil today near run environmental.
O20239,Oneillstad,2023-06-25,2023-06-25,Look class game.
O20240,Pughton,2025-06-12,,Reality town thank.
O20241,Port David,2023-12-07,,Want speech coach protect laugh.
O20242,South Jaclyn,2023-07-25,2023-07-25,Television general toward.
O20243,West Samanthahaven,2023-11-18,2023-11-18,Attack know next.
O20244,New Justin,2024-03-19,2024-03-19,Surface discussion might lose trip.
O20245,Curtisland,2025-04-30,,Car energy example ball that law.
O20246,Millerton,2025-04-07,2025-04-07,Because hit fine better.
O20247,Wilsonberg,2024-10-02,2024-10-02,Sit summer concern ground.
O20248,Smithhaven,2023-07-04,,Third what close sing.
O20249,South Jose,2024-04-28,2024-04-28,Top door agency meet today bad.
O20250,New Monique,2025-05-06,2025-05-06,Certainly dinner nature hour modern.
O20251,Robinsonville,2025-01-08,2025-01-08,Occur health card defense indicate bank.
O20252,East Amberview,2024-07-01,,Onto administration candidate consider citizen happen.
O20253,Tiffanytown,2024-12-28,2024-12-28,Spend feeling business you law.
O20254,Port Thomas,2023-06-27,2023-06-27,Along because describe always course relate.
O20255,Port Christopherstad,2024-06-12,2024-06-12,Place final bar again can throughout.
O20256,Port Haileyland,2024-06-07,2024-06-07,Popular store professor.
O20257,Jasonfort,2023-07-07,,Old prevent lose history.
O20258,Jasmineborough,2023-10-31,,Top hundred throughout.
O20259,Ebonymouth,2024-11-15,2024-11-15,Compare language board chance else.
O20260,Mcdowellmouth,2024-11-16,2024-11-16,Agency new position.
O20261,South Alyssa,2025-03-24,2025-03-24,Often two still figure each.
O20262,Bradleymouth,2023-09-12,2023-09-12,Sell floor situation suggest nothing serious.
O20263,Hayleychester,2023-10-12,2023-10-12,Perform pretty case.
O20264,Castilloport,2024-05-06,2024-05-06,Product six group.
O20265,South Marvin,2023-10-26,,Society sure describe size raise.
O20266,Floresberg,2024-07-17,2024-07-17,Boy might south.
O20267,Woodsborough,2024-10-22,,Condition catch under wind.
O20268,Jenniferborough,2024-11-22,,Avoid break decide exist here.
O20269,Amandamouth,2024-01-31,2024-01-31,Sound near lay any child.
O20270,Shawnhaven,2023-11-19,2023-11-19,Military fill writer play foreign.
O20271,New Garrett,2024-03-26,,Available see kind son race crime.
O20272,Port Erica,2023-11-12,2023-11-12,White anything friend trade.
O20273,Cookstad,2025-01-10,2025-01-10,Mention cause write sit how.
O20274,Larryville,2024-12-13,2024-12-13,Alone run movie majority success watch.
O20275,North Williamburgh,2023-08-26,2023-08-26,Future scientist public decision fish.
O20276,Johnside,2023-11-19,2023-11-19,Either will bill clear politics million.
O20277,New Patrickshire,2024-07-20,2024-07-20,Actually democratic somebody organization.
O20278,South Sandra,2024-01-27,,Animal policy address develop money.
O20279,North Danielleton,2025-05-29,,Safe everyone reality wonder themselves crime.
O20280,South Cameronview,2024-07-29,,Modern general face article.
O20281,Reevesburgh,2024-01-08,,Themselves focus small theory.
O20282,Lake Angela,2024-01-05,,Too lot case understand I use.
O20283,Katherinemouth,2025-01-07,2025-01-07,Property give live bank sign customer total.
O20284,West Cynthiafort,2023-12-27,2023-12-27,Level country some population main.
O20285,Elizabethview,2023-11-11,,Among young agree skin.
O20286,Changmouth,2025-05-02,2025-05-02,Strategy adult per maybe main.
O20287,Byrdfurt,2024-12-11,,Every senior throw success.
O20288,Juanside,2024-07-23,,What stage job local training nor shake.
O20289,Cartershire,2025-02-22,,Whatever list appear me.
O20290,Jesseton,2023-12-12,,Hotel how huge letter part.
O20291,New Scottfurt,2025-03-31,2025-03-31,Although big painting value.
O20292,South Barbara,2024-06-24,2024-06-24,Day science real.
O20293,Zacharyborough,2025-05-14,2025-05-14,Economic middle my.
O20294,Joshuaville,2025-04-09,2025-04-09,Step within eight believe.
O20295,New Alexandraside,2025-03-19,,Need performance book.
O20296,Tinahaven,2025-02-19,2025-02-19,Whole win box.
O20297,Scottfort,2024-02-16,2024-02-16,Success else positive dog imagine.
O20298,Port Jessicaburgh,2024-05-30,,Soldier white free individual.
O20299,North Paul,2023-12-09,2023-12-09,Husband whom establish.
O20300,North Tamaraburgh,2024-09-20,2024-09-20,Beat model up type despite day.
