returnID,orderID,returnDate,reason,status
R30001,O15979,2024-09-25,Candidate billion.,Rejected
R30002,O14085,2024-11-02,Four plan performance land.,Approved
R30003,O15866,2025-04-06,Source reach prevent.,Rejected
R30004,O12773,2025-05-07,Air feel guess store.,Pending
R30005,O13470,2024-07-12,Allow surface.,Pending
R30006,O11809,2024-07-14,Cover source field.,Rejected
R30007,O14247,2024-11-08,Leave common happen.,Approved
R30008,O11035,2025-05-02,Get modern including visit address.,Rejected
R30009,O12411,2025-05-15,Any single bar decision.,Rejected
R30010,O11856,2025-05-17,My shoulder important pull.,Approved
R30011,O12203,2025-06-16,News accept business social then.,Pending
R30012,O15948,2025-03-02,Hundred gas certainly.,Approved
R30013,O10053,2025-02-16,Design arrive president arm story.,Rejected
R30014,O11836,2024-07-15,Choose site member success.,Rejected
R30015,O13786,2025-01-14,Rather character.,Approved
R30016,O14957,2025-01-29,Way forward pretty.,Pending
R30017,O10163,2024-11-03,My position three push local.,Approved
R30018,O15409,2024-10-12,Necessary teach small compare.,Approved
R30019,O16938,2025-03-18,Light Congress region.,Rejected
R30020,O10507,2025-01-01,Camera own wish.,Approved
R30021,O15153,2024-07-26,Majority ever word Mr.,Pending
R30022,O14058,2025-03-14,Fight read course six.,Rejected
R30023,O13454,2024-06-24,Market turn camera.,Approved
R30024,O13751,2024-12-20,Court such last fire.,Pending
R30025,O12572,2024-08-02,Pick manager member everything.,Pending
R30026,O11986,2024-07-16,Movie seat weight hotel might.,Rejected
R30027,O11148,2024-10-25,Just use land.,Pending
R30028,O11812,2025-03-08,Perform probably animal through when.,Rejected
R30029,O12271,2025-06-15,Later price nation.,Approved
R30030,O16010,2024-12-06,Cover appear suggest trial.,Approved
R30031,O10760,2024-11-12,Finally note reveal.,Pending
R30032,O16034,2024-11-17,Time coach bank we.,Approved
R30033,O13111,2025-03-28,Trip face affect.,Rejected
R30034,O10217,2024-12-06,Chance population.,Pending
R30035,O10192,2024-10-13,Become house year color.,Rejected
R30036,O12052,2025-06-15,Social in standard.,Pending
R30037,O10276,2024-09-22,Would else.,Rejected
R30038,O13742,2024-09-21,Within level by born.,Approved
R30039,O12204,2024-08-31,Government part region.,Pending
R30040,O10219,2025-02-05,Teacher marriage maybe father.,Approved
R30041,O10822,2025-04-03,Guess attention big true either.,Approved
R30042,O13235,2025-06-17,Affect where teacher provide forget.,Approved
R30043,O16232,2025-03-27,Clearly see record friend.,Rejected
R30044,O13418,2024-09-27,Politics role ago.,Pending
R30045,O14432,2025-04-01,Police treat face.,Pending
R30046,O15907,2024-09-28,Allow improve drive.,Approved
R30047,O10602,2024-11-26,Upon stop health dark.,Approved
R30048,O10537,2025-06-11,Thank while.,Approved
R30049,O12643,2024-08-21,Anything hotel risk kid.,Approved
R30050,O15589,2024-06-29,Parent easy sort southern.,Pending
R30051,O14401,2024-12-20,High describe account.,Rejected
R30052,O16718,2024-08-01,Police pressure gas.,Pending
R30053,O12509,2025-03-09,Carry together phone deep.,Approved
R30054,O15650,2024-11-08,Over hotel question under others.,Pending
R30055,O12610,2024-11-13,Prove worker.,Approved
R30056,O10371,2025-01-05,Light collection condition hear new.,Pending
R30057,O11799,2025-04-02,Stuff join.,Rejected
R30058,O11343,2025-01-25,City or.,Pending
R30059,O13828,2024-10-26,Camera forget building.,Pending
R30060,O14629,2024-12-06,Young any trade those.,Approved
R30061,O15223,2024-12-12,Onto course add would long.,Approved
R30062,O10239,2024-10-03,Type place.,Rejected
R30063,O13443,2024-07-26,Hand you.,Rejected
R30064,O11346,2024-08-24,Character easy sister rest single.,Approved
R30065,O16381,2025-05-27,Speech capital responsibility.,Rejected
R30066,O10321,2024-11-18,Hand top box after.,Rejected
R30067,O15717,2025-03-25,Among stay.,Approved
R30068,O13634,2024-08-09,Seat example say why material.,Pending
R30069,O12495,2024-07-31,Firm see director quality.,Rejected
R30070,O14797,2025-04-02,Father able account goal no.,Pending
R30071,O14353,2024-08-23,Manager foreign lay.,Pending
R30072,O15361,2025-04-25,Something enough she market right.,Rejected
R30073,O10198,2025-06-17,Continue media.,Approved
R30074,O14634,2024-09-15,Style forget possible focus student.,Approved
R30075,O13160,2024-06-27,Customer strong tree capital this.,Pending
R30076,O13630,2024-08-09,Ability activity paper.,Pending
R30077,O16780,2024-07-14,Way hold team economic.,Rejected
R30078,O16841,2024-09-02,Operation second reduce plant feel.,Approved
R30079,O15184,2025-04-14,Laugh plant after.,Pending
R30080,O10805,2024-10-28,Travel civil relate owner.,Pending
R30081,O15309,2024-10-19,Because break Mr difficult.,Approved
R30082,O12831,2024-08-10,Close rule.,Approved
R30083,O15552,2024-06-19,Example side cold.,Rejected
R30084,O16646,2024-06-27,Reduce population its.,Rejected
R30085,O16937,2024-10-31,Talk leave.,Rejected
R30086,O10606,2025-02-27,Pull party growth.,Approved
R30087,O14217,2025-01-15,List set.,Pending
R30088,O13104,2024-10-23,Beat north miss key.,Rejected
R30089,O15614,2024-11-17,He from how.,Pending
R30090,O16191,2024-12-03,Wear policy attorney.,Rejected
R30091,O13667,2024-12-18,Loss PM.,Pending
R30092,O11703,2025-02-26,Name home chance option despite.,Pending
R30093,O11631,2024-11-01,Whether book question.,Pending
R30094,O15681,2025-01-14,Them country scene likely practice.,Approved
R30095,O12929,2024-08-14,Team fine.,Rejected
R30096,O10394,2024-11-26,Test music both couple.,Rejected
R30097,O13329,2024-08-28,Particular serve window never.,Approved
R30098,O11951,2025-06-18,Daughter life thought build.,Rejected
R30099,O14230,2024-08-03,Develop behavior until hand.,Approved
R30100,O13861,2025-04-04,Media image perform pass force.,Pending
R30101,O11007,2025-01-07,Item feel peace ready.,Rejected
R30102,O14220,2025-02-23,Myself rich learn big magazine.,Approved
R30103,O11914,2025-03-01,Forget nature close find.,Approved
R30104,O10164,2025-04-20,Power full fear whether.,Approved
R30105,O11443,2024-12-14,Score claim world general.,Pending
R30106,O16511,2025-05-30,Employee thus.,Rejected
R30107,O15444,2025-05-01,Social less daughter price.,Approved
R30108,O10269,2024-09-08,Appear last off certain road.,Pending
R30109,O15862,2025-01-25,Understand place else.,Approved
R30110,O13970,2025-06-18,Wide their.,Rejected
R30111,O14596,2024-07-08,Spend inside man.,Rejected
R30112,O15083,2025-01-18,Catch example rest simply southern.,Rejected
R30113,O11256,2024-07-07,Year card church early.,Approved
R30114,O11231,2024-09-21,Role year.,Approved
R30115,O13857,2025-05-21,World more big.,Approved
R30116,O11739,2024-08-20,Contain hot next born.,Rejected
R30117,O13003,2025-02-25,Clear energy word themselves.,Approved
R30118,O11199,2025-05-30,Thus take wear.,Pending
R30119,O13318,2024-12-09,Yeah seat him have media.,Rejected
R30120,O14240,2025-06-09,Through eye.,Rejected
R30121,O13505,2024-06-25,Piece save.,Pending
R30122,O13320,2024-10-05,Far sort.,Approved
R30123,O11706,2024-07-18,Miss around development student of.,Pending
R30124,O12473,2025-05-12,Top yourself.,Rejected
R30125,O15415,2025-03-05,Lawyer trade analysis.,Rejected
R30126,O13378,2024-09-08,Can only loss.,Approved
R30127,O15351,2024-10-30,Practice size art process.,Approved
R30128,O14800,2024-07-29,Television throw development.,Rejected
R30129,O16616,2024-09-03,Continue idea similar they.,Approved
R30130,O10509,2025-06-01,Official give.,Rejected
R30131,O12359,2025-01-12,Site north entire act.,Approved
R30132,O16259,2024-06-27,Court prepare go black.,Rejected
R30133,O13784,2024-10-02,Against wait hot able.,Approved
R30134,O14429,2025-02-12,Effect since agree.,Approved
R30135,O16257,2025-03-20,Growth music stage.,Pending
R30136,O12739,2024-10-25,Might today government play situation.,Pending
R30137,O12723,2024-10-12,Past no across.,Approved
R30138,O10353,2024-10-27,Institution leader reality million.,Approved
R30139,O14098,2024-07-09,Onto up century think.,Pending
R30140,O14377,2024-09-26,Understand some drug.,Approved
R30141,O13209,2025-01-21,Buy court arrive production society.,Pending
R30142,O12537,2025-04-11,Vote cut type.,Pending
R30143,O11799,2025-04-23,Citizen change ball develop.,Pending
R30144,O12813,2025-02-20,Study history case describe.,Pending
R30145,O10832,2024-08-20,Science off great sometimes.,Rejected
R30146,O16288,2024-12-26,Speech force color low.,Pending
R30147,O15747,2024-09-03,Nothing magazine.,Pending
R30148,O15734,2025-05-27,No continue this.,Rejected
R30149,O14115,2024-06-27,Cell despite image already.,Approved
R30150,O15525,2025-01-30,Bill tree.,Pending
R30151,O11843,2025-05-04,Ground hard account.,Approved
R30152,O13698,2025-02-16,Modern focus authority.,Rejected
R30153,O14998,2024-10-18,Republican official.,Pending
R30154,O10223,2024-09-22,Specific hour.,Pending
R30155,O11024,2024-10-13,Top sea.,Approved
R30156,O10500,2025-05-19,Leader couple.,Approved
R30157,O10729,2025-04-03,Up career arrive.,Pending
R30158,O12466,2024-12-24,There beat woman technology.,Rejected
R30159,O12880,2024-10-15,Morning federal stage believe five.,Approved
R30160,O12679,2025-03-12,Green list those worker.,Approved
R30161,O12260,2025-06-11,This radio maybe benefit know.,Rejected
R30162,O14433,2024-09-23,Nothing benefit per institution.,Rejected
R30163,O12727,2024-07-27,International science the.,Pending
R30164,O12826,2024-10-23,Open ever party better.,Rejected
R30165,O12666,2024-07-13,Tough section again.,Approved
R30166,O11706,2024-12-11,Employee work.,Approved
R30167,O14475,2024-08-15,Probably tree television both.,Rejected
R30168,O10416,2024-08-13,Either garden phone make.,Pending
R30169,O12243,2024-10-09,Happy court fact.,Rejected
R30170,O13653,2024-11-25,Fish bad make.,Pending
R30171,O15197,2024-11-28,Eat check many thus.,Approved
R30172,O16960,2024-12-13,For with break.,Approved
R30173,O14887,2024-09-23,Focus citizen month early prove.,Approved
R30174,O16613,2024-08-27,Know her professor tax usually.,Rejected
R30175,O16445,2024-09-13,Scientist against song this.,Rejected
R30176,O16279,2025-06-10,Table along society attorney.,Pending
R30177,O11300,2025-02-05,Scientist hotel nice.,Rejected
R30178,O13403,2025-04-28,Trip manage president color front.,Rejected
R30179,O13761,2025-03-15,Decide shake ever game.,Approved
R30180,O13306,2025-05-21,Exactly mention serious.,Approved
R30181,O12263,2025-05-17,Form owner.,Rejected
R30182,O12786,2025-03-31,South whatever plant several.,Pending
R30183,O10846,2025-01-06,Newspaper throughout capital.,Approved
R30184,O12229,2025-05-19,Individual doctor certainly.,Pending
R30185,O12064,2025-01-25,Could first.,Approved
R30186,O11110,2025-02-13,Low candidate ball decade.,Rejected
R30187,O14117,2025-01-11,Drop teach figure behind.,Approved
R30188,O14144,2025-03-24,Together kid.,Pending
R30189,O16987,2025-01-19,Single customer international.,Rejected
R30190,O15542,2024-08-31,But bed because resource since.,Approved
R30191,O15380,2025-04-07,There loss science.,Pending
R30192,O10819,2024-09-04,Cut long parent each.,Pending
R30193,O14357,2024-10-13,Might recognize.,Approved
R30194,O11722,2025-06-07,Physical sister however.,Approved
R30195,O11965,2024-09-28,Agency condition response.,Rejected
R30196,O13350,2024-10-20,Every many suggest few.,Approved
R30197,O11896,2024-10-06,Rock avoid marriage fast skin.,Approved
R30198,O11405,2024-10-09,Or reach total do.,Rejected
R30199,O12910,2025-05-15,There hard easy place note.,Approved
R30200,O11656,2024-08-19,Century least myself.,Rejected
R30201,O15102,2024-07-25,Between fact he.,Approved
R30202,O10540,2024-07-28,Suddenly can push seven method.,Pending
R30203,O14561,2025-03-11,Office phone.,Rejected
R30204,O12299,2025-02-18,Situation beyond less.,Rejected
R30205,O10251,2024-10-29,Whom on sign reveal.,Pending
R30206,O10810,2024-09-12,Group into media.,Rejected
R30207,O15080,2025-05-26,Worry return past deal.,Pending
R30208,O14402,2024-07-04,Science light.,Pending
R30209,O16363,2024-06-20,Kind activity option baby.,Rejected
R30210,O10394,2025-04-07,Watch if avoid too.,Rejected
R30211,O16854,2025-06-13,So rather without meeting.,Pending
R30212,O13568,2024-10-15,True house remain last.,Approved
R30213,O13242,2025-05-04,Agency voice first.,Pending
R30214,O10820,2024-06-29,Catch now ground.,Approved
R30215,O11017,2024-06-20,Face should high.,Approved
R30216,O15535,2025-02-01,Identify short what suggest try.,Rejected
R30217,O12044,2025-01-16,Not piece either authority rather.,Approved
R30218,O14693,2024-08-08,Second nice.,Approved
R30219,O10320,2024-06-24,Cover recognize past culture.,Approved
R30220,O11662,2024-11-08,There buy should force right.,Rejected
R30221,O14663,2024-12-05,Growth main.,Rejected
R30222,O15995,2024-08-05,Kid force pay be after.,Pending
R30223,O11207,2024-07-15,Address one strong organization.,Approved
R30224,O13314,2024-08-29,Specific include two song.,Pending
R30225,O15179,2024-12-27,Piece identify build.,Approved
R30226,O12160,2025-06-11,Research all without her.,Rejected
R30227,O13077,2025-01-05,Near seek technology.,Approved
R30228,O13218,2025-01-02,Wife policy employee blue half.,Pending
R30229,O14775,2024-09-11,Many best left never.,Approved
R30230,O14322,2025-03-04,And talk specific center.,Rejected
R30231,O14534,2024-11-06,Usually couple school.,Approved
R30232,O16594,2025-06-07,Gas great effect.,Approved
R30233,O11332,2024-06-19,Man practice top key.,Pending
R30234,O15216,2025-05-29,Option condition born its treat.,Pending
R30235,O16230,2025-06-12,Bar free power house authority.,Pending
R30236,O11674,2025-06-14,Suddenly huge.,Approved
R30237,O10860,2024-06-27,Plant fight word four.,Approved
R30238,O14788,2024-11-20,Two still that.,Approved
R30239,O10331,2024-10-23,Push case you.,Approved
R30240,O15236,2024-09-01,Our focus.,Approved
R30241,O13990,2025-03-04,Upon deep.,Rejected
R30242,O12158,2025-02-11,Significant each class.,Approved
R30243,O14093,2024-10-30,Small structure.,Rejected
R30244,O15397,2025-02-20,Miss use.,Rejected
R30245,O13788,2025-01-26,Husband find.,Rejected
R30246,O13417,2025-01-01,Executive beautiful send black.,Pending
R30247,O15343,2024-09-26,Economic owner build.,Rejected
R30248,O14538,2024-08-21,Design although hundred.,Rejected
R30249,O11839,2024-10-05,Recognize future rather appear.,Approved
R30250,O15896,2025-02-03,Culture air similar stage.,Rejected
R30251,O16375,2024-11-15,Take little staff.,Rejected
R30252,O16138,2024-11-11,Hope up huge budget long.,Rejected
R30253,O10511,2024-07-11,Price before.,Pending
R30254,O14139,2024-09-26,Say real.,Pending
R30255,O13688,2024-12-05,Admit country knowledge improve.,Approved
R30256,O11978,2025-05-05,How site week entire affect.,Approved
R30257,O12028,2024-12-09,Participant level wrong several I.,Pending
R30258,O10384,2025-05-17,At adult stuff.,Pending
R30259,O10651,2024-07-06,Tend personal among hospital forget.,Pending
R30260,O10993,2025-05-21,Staff floor.,Pending
R30261,O10096,2024-07-13,Draw run nor.,Approved
R30262,O16023,2024-09-12,On by course.,Pending
R30263,O12441,2024-09-16,Drug oil.,Approved
R30264,O12620,2024-10-16,Prove couple win keep.,Rejected
R30265,O12717,2024-07-05,News method four ready.,Approved
R30266,O15814,2024-12-16,Partner Republican election.,Approved
R30267,O12530,2024-12-22,Fight fish really into.,Approved
R30268,O12734,2025-05-12,Night management.,Rejected
R30269,O15893,2025-01-02,Receive want Mrs.,Rejected
R30270,O14708,2024-07-27,Continue around with business.,Rejected
R30271,O14544,2024-10-15,Growth perhaps such boy.,Rejected
R30272,O12826,2024-06-27,Game example also.,Approved
R30273,O15384,2025-04-12,Beat successful product.,Pending
R30274,O12963,2025-01-15,Goal important voice seat notice.,Approved
R30275,O14137,2025-05-02,Prevent alone reveal.,Approved
R30276,O16751,2024-08-26,Foot democratic.,Approved
R30277,O13822,2024-06-21,Meeting hundred garden.,Pending
R30278,O10724,2025-02-20,Night forget black list.,Rejected
R30279,O13360,2024-07-27,Really federal.,Pending
R30280,O16499,2025-05-17,Factor audience world want.,Rejected
R30281,O12919,2025-01-31,Protect family need garden.,Rejected
R30282,O14309,2024-06-24,Detail listen every a.,Rejected
R30283,O16490,2025-01-14,Admit different season.,Approved
R30284,O15865,2025-05-15,Activity up.,Rejected
R30285,O12720,2025-01-10,Professional forward.,Rejected
R30286,O13034,2025-04-26,Floor hotel item.,Approved
R30287,O10921,2025-03-31,Industry shake follow.,Approved
R30288,O12577,2025-01-07,Finally woman tax international.,Rejected
R30289,O15039,2024-12-27,Budget still ability.,Pending
R30290,O11209,2025-04-06,Prevent common hard picture hotel.,Pending
R30291,O12318,2024-08-26,Put poor strategy glass close.,Rejected
R30292,O11571,2024-09-08,Best mind list research event.,Pending
R30293,O15974,2024-08-19,Majority call short need skill.,Approved
R30294,O16327,2025-02-16,Respond bit.,Rejected
R30295,O13557,2024-06-28,Plant end expect.,Approved
R30296,O10122,2025-04-14,Imagine world agreement.,Rejected
R30297,O10624,2024-10-30,Window drop white.,Approved
R30298,O13321,2024-10-16,Language picture upon maintain.,Approved
R30299,O15457,2025-02-15,Senior space claim democratic where.,Rejected
R30300,O14323,2024-08-08,Election offer finally.,Pending
R30301,O16772,2024-08-29,Heavy sell answer theory.,Approved
R30302,O12984,2024-09-03,Put position use return.,Rejected
R30303,O13322,2025-05-23,Here point agreement.,Rejected
R30304,O12055,2025-01-10,Part theory represent civil.,Pending
R30305,O15139,2025-01-15,College already present.,Pending
R30306,O10541,2024-09-05,Its heart statement really.,Pending
R30307,O14417,2025-02-17,Better almost teacher.,Pending
R30308,O16624,2024-10-13,Stage travel stage.,Rejected
R30309,O15167,2025-05-13,Fill billion concern.,Approved
R30310,O10230,2024-11-06,Daughter whose peace exactly.,Approved
R30311,O13518,2024-09-10,Better artist relationship view.,Pending
R30312,O10680,2024-11-20,Current who exactly discuss perform.,Pending
R30313,O12225,2024-08-29,Star position seem.,Approved
R30314,O15955,2025-02-15,Tonight herself door cost per.,Approved
R30315,O13656,2025-01-21,Information single customer another.,Rejected
R30316,O16760,2025-04-09,Physical near today politics thought.,Pending
R30317,O15202,2025-05-28,About theory business city author.,Rejected
R30318,O12734,2025-01-27,Painting budget perform adult oil.,Pending
R30319,O14188,2025-03-10,Father can some.,Approved
R30320,O10314,2025-04-17,Wish painting.,Rejected
R30321,O15562,2024-06-24,Hold very will.,Pending
R30322,O14024,2024-12-02,Keep center.,Approved
R30323,O16323,2025-04-30,Worry establish energy.,Approved
R30324,O10164,2024-09-23,Quite time land.,Pending
R30325,O16077,2024-07-19,Piece important responsibility medical.,Approved
R30326,O14901,2025-04-01,Mission that nature.,Pending
R30327,O14137,2025-06-01,Be serious baby term government.,Rejected
R30328,O15121,2024-07-20,So lead inside.,Pending
R30329,O13616,2025-02-14,Somebody good us see machine.,Approved
R30330,O10068,2025-04-30,Research marriage itself sister child.,Pending
R30331,O11959,2025-04-01,High candidate hit.,Rejected
R30332,O11429,2024-09-25,Always now assume tough.,Pending
R30333,O16192,2025-05-14,Health reduce.,Approved
R30334,O15132,2025-06-10,Benefit hear throw practice community.,Rejected
R30335,O13346,2024-06-25,Push though.,Pending
R30336,O11980,2025-03-08,Thought return sea final government.,Pending
R30337,O13522,2024-11-27,Main throughout.,Approved
R30338,O14549,2025-01-25,Any why these Congress happen.,Pending
R30339,O14827,2024-11-02,Arm region step himself we.,Approved
R30340,O10083,2024-07-29,Theory most save house.,Pending
R30341,O14773,2024-06-24,Hour decide.,Approved
R30342,O10870,2024-07-15,Down future.,Rejected
R30343,O14408,2024-08-06,Play its drop yeah body.,Rejected
R30344,O11979,2025-03-13,Role civil yard trouble.,Approved
R30345,O12912,2024-12-04,Some understand theory where how.,Pending
R30346,O10056,2025-04-14,During remain.,Rejected
R30347,O16050,2025-02-24,Reason choice south move.,Rejected
R30348,O15454,2025-03-10,Center common business as.,Pending
R30349,O15306,2024-11-25,Meeting attack.,Rejected
R30350,O13713,2024-07-27,Election offer establish.,Approved
R30351,O15630,2024-10-24,Everyone today want thought.,Approved
R30352,O14892,2024-07-10,Evidence that letter.,Rejected
R30353,O16676,2025-04-08,Much billion whole father.,Approved
R30354,O11210,2024-06-24,Deep against experience treatment.,Rejected
R30355,O12761,2025-04-02,Enough arm.,Approved
R30356,O10052,2025-05-02,Later agreement improve personal.,Approved
R30357,O10602,2024-12-10,Education per executive.,Approved
R30358,O12766,2024-10-29,Page them interesting.,Pending
R30359,O11920,2024-10-18,Summer add building media someone.,Pending
R30360,O15225,2024-12-12,White nothing.,Rejected
R30361,O14801,2024-11-19,Really late teach seven.,Pending
R30362,O13333,2024-12-11,Her affect study lose.,Rejected
R30363,O13715,2025-02-10,Time see where woman four.,Pending
R30364,O13109,2025-02-02,Take follow.,Pending
R30365,O14209,2025-05-14,Cell wrong order professor.,Rejected
R30366,O11433,2025-01-25,Know technology worry enough hundred.,Approved
R30367,O12488,2025-05-18,Anything soon.,Approved
R30368,O14773,2025-01-24,Certain manage.,Pending
R30369,O12117,2025-03-15,Likely glass building.,Pending
R30370,O10504,2024-08-23,It drive six.,Pending
R30371,O11570,2024-07-10,Instead hair example.,Pending
R30372,O13074,2024-12-03,Act little country piece son.,Pending
R30373,O12587,2025-03-01,Really he society.,Rejected
R30374,O16219,2024-10-22,One camera.,Approved
R30375,O11033,2025-05-31,Pull spring street out.,Rejected
R30376,O12793,2024-10-08,Give center care.,Pending
R30377,O11914,2025-06-09,Within push service.,Rejected
R30378,O10146,2024-09-19,Single forward test third.,Pending
R30379,O12040,2024-08-07,Sort system body base key.,Rejected
R30380,O12689,2025-05-28,Ten main teacher become.,Approved
R30381,O12549,2024-10-04,Off Democrat usually food.,Pending
R30382,O16667,2025-06-05,Bar important consumer land.,Pending
R30383,O16211,2024-08-05,Within road out budget.,Rejected
R30384,O10782,2024-07-27,Reach race I.,Pending
R30385,O15071,2025-04-28,Member line assume skin.,Pending
R30386,O14508,2024-10-02,Bed report school.,Approved
R30387,O16932,2025-03-16,Focus star live wall.,Approved
R30388,O10624,2024-10-10,Rise Republican change star.,Pending
R30389,O12375,2025-02-27,Anyone worry.,Rejected
R30390,O14239,2025-05-07,Write respond sit strategy.,Approved
R30391,O11031,2024-10-23,Include explain just.,Rejected
R30392,O11422,2024-08-18,Brother pass send.,Approved
R30393,O11978,2025-06-03,Through physical of represent.,Rejected
R30394,O15691,2024-10-09,At book clear glass spend.,Approved
R30395,O15622,2025-01-29,Reach actually.,Pending
R30396,O13801,2024-09-08,Live level budget arm central.,Approved
R30397,O13267,2024-10-05,Attorney board election wrong.,Pending
R30398,O11400,2024-12-08,Clearly on rock.,Pending
R30399,O11081,2025-03-27,Improve plan exist around.,Pending
R30400,O16799,2024-10-24,Admit follow.,Rejected
R30401,O13432,2025-01-27,Administration green board why.,Approved
R30402,O13612,2025-03-08,Door other least civil.,Pending
R30403,O14634,2025-04-18,Why believe and.,Pending
R30404,O15769,2025-06-03,Soon entire five a.,Rejected
R30405,O14741,2024-09-21,Position truth anything whom.,Pending
R30406,O14028,2024-10-31,Role so everything.,Approved
R30407,O11012,2024-08-04,Month choice land upon.,Rejected
R30408,O15156,2024-09-13,Their quickly side energy send.,Pending
R30409,O14050,2025-02-09,Social continue Congress first deal.,Rejected
R30410,O14475,2024-12-19,International her allow get.,Pending
R30411,O11921,2025-05-10,Season side stop nation in.,Approved
R30412,O11899,2025-05-05,Interview kid western.,Pending
R30413,O16348,2024-12-02,Performance start least.,Pending
R30414,O10083,2024-07-22,Beautiful stay floor different.,Pending
R30415,O11253,2024-10-26,Scientist still even clearly.,Rejected
R30416,O16716,2024-10-31,Hold speech begin.,Approved
R30417,O10370,2025-01-15,Speech run while benefit.,Approved
R30418,O10293,2025-02-15,Walk newspaper collection.,Pending
R30419,O12947,2025-04-20,Pick media eight huge.,Rejected
R30420,O16421,2024-09-10,Here law.,Rejected
R30421,O11006,2024-10-05,Interest board study cover line.,Rejected
R30422,O14128,2024-09-01,Network newspaper onto.,Rejected
R30423,O11634,2025-04-27,Consumer off.,Approved
R30424,O12460,2024-07-31,Be couple offer.,Pending
R30425,O15265,2024-09-08,Mother look money read I.,Rejected
R30426,O14791,2024-11-11,Race almost fine scene firm.,Pending
R30427,O10964,2024-08-24,Agency for indicate cup.,Rejected
R30428,O14894,2024-06-23,Land write.,Pending
R30429,O14956,2025-03-24,Alone school.,Pending
R30430,O15891,2024-12-08,Positive edge defense.,Approved
R30431,O16901,2024-07-21,Board make movie north.,Approved
R30432,O14300,2024-06-23,Man over.,Pending
R30433,O13879,2024-07-26,Sometimes yourself my ground.,Pending
R30434,O12118,2024-07-30,Edge water.,Approved
R30435,O13504,2025-02-13,Produce enjoy two throughout available.,Rejected
R30436,O14008,2025-02-13,Policy apply central relate protect.,Approved
R30437,O11177,2024-11-18,List paper.,Pending
R30438,O12243,2025-02-10,His modern civil.,Pending
R30439,O13992,2025-03-01,Least paper.,Pending
R30440,O12393,2025-02-15,Baby available poor know old.,Pending
R30441,O15950,2024-11-30,Exist else actually game more.,Approved
R30442,O16802,2025-03-17,Human international good.,Approved
R30443,O11298,2024-09-08,Nearly still security.,Pending
R30444,O16571,2024-10-20,Let small forward.,Pending
R30445,O12463,2024-12-10,Race cost really career give.,Pending
R30446,O16608,2025-01-14,Operation key history room.,Rejected
R30447,O13216,2025-04-10,Open stop few approach.,Approved
R30448,O12394,2024-06-21,Politics inside cause design.,Approved
R30449,O13933,2025-03-19,Movement outside capital southern.,Pending
R30450,O15781,2024-10-23,Suddenly current.,Rejected
R30451,O13991,2024-12-19,Agree door recent lead.,Rejected
R30452,O10104,2024-10-05,Because stop true.,Rejected
R30453,O13756,2025-04-18,Peace low wide year.,Approved
R30454,O11875,2024-10-05,Loss attorney.,Pending
R30455,O14082,2025-01-30,Physical send.,Rejected
R30456,O12039,2025-03-05,Themselves knowledge computer.,Approved
R30457,O11081,2025-05-09,President have sometimes vote.,Rejected
R30458,O12345,2024-10-11,Fear now right black community.,Rejected
R30459,O15912,2025-02-09,Including listen spend daughter generation.,Pending
R30460,O14977,2024-12-25,Politics top specific whether.,Rejected
R30461,O13742,2025-02-06,Something theory.,Pending
R30462,O11178,2024-09-16,Similar color.,Pending
R30463,O14374,2024-12-06,You find glass food.,Approved
R30464,O10606,2024-07-16,Maintain listen north.,Approved
R30465,O13886,2025-02-16,Fast none home head.,Rejected
R30466,O10256,2024-12-03,Lay these avoid edge evidence.,Pending
R30467,O15724,2025-06-02,Health success.,Pending
R30468,O15920,2024-09-27,Himself him late position hard.,Approved
R30469,O15200,2024-12-27,Job road eat appear week.,Approved
R30470,O10410,2025-06-18,Score want anything.,Rejected
R30471,O14284,2025-02-26,Win national prepare site.,Pending
R30472,O16863,2025-06-03,None fish human radio.,Rejected
R30473,O11626,2025-06-05,More ask discover.,Approved
R30474,O15921,2024-09-08,Mouth happen dream.,Pending
R30475,O15383,2024-11-24,Technology former.,Rejected
R30476,O16738,2024-07-18,Meeting begin.,Pending
R30477,O13425,2024-12-01,Purpose despite stand ability gun.,Approved
R30478,O10413,2024-08-11,Way let stuff road.,Approved
R30479,O11559,2024-10-16,Doctor position wait such.,Approved
R30480,O10582,2025-05-27,Remain close explain.,Approved
R30481,O15103,2025-04-19,Door north else.,Pending
R30482,O13662,2024-08-17,Year Congress start.,Pending
R30483,O16144,2025-04-22,Industry person mind area.,Rejected
R30484,O14521,2025-03-07,Its pass.,Rejected
R30485,O10253,2025-04-17,Through left window million six.,Pending
R30486,O14797,2024-08-23,Special have about.,Approved
R30487,O15968,2024-07-28,Suffer always.,Approved
R30488,O10681,2024-08-12,Sort half ago watch.,Pending
R30489,O13007,2024-12-10,Indicate career little beautiful.,Pending
R30490,O15585,2025-03-31,New check card happen.,Rejected
R30491,O11244,2025-06-17,Minute beautiful.,Approved
R30492,O15909,2025-02-17,Require human professional main street.,Approved
R30493,O16204,2025-05-07,War operation box.,Pending
R30494,O15096,2024-08-16,Look strategy.,Rejected
R30495,O12372,2024-09-15,Cut stand benefit second.,Rejected
R30496,O13589,2024-12-06,Open drive far.,Pending
R30497,O10089,2024-08-01,Participant leave address.,Approved
R30498,O12799,2025-05-01,Specific reason even.,Rejected
R30499,O15349,2024-07-03,Shoulder win fight continue.,Rejected
R30500,O10014,2024-09-22,Let lay memory.,Pending
R30501,O11676,2024-10-19,Eight fear.,Pending
R30502,O10850,2024-09-13,Beat finish require receive.,Pending
R30503,O15899,2024-08-26,Tell space.,Rejected
R30504,O15060,2025-02-21,Never write.,Rejected
R30505,O13162,2025-02-20,Data agreement series issue minute.,Rejected
R30506,O15795,2024-07-10,Top expect catch price.,Pending
R30507,O15121,2025-01-26,Force must appear kind.,Approved
R30508,O13565,2024-10-11,Item lot open someone.,Pending
R30509,O16542,2025-01-03,Walk we during whatever marriage.,Pending
R30510,O10958,2025-03-07,Nature decide big.,Pending
R30511,O16977,2025-05-21,Style author free.,Pending
R30512,O10985,2024-09-22,Notice some child.,Pending
R30513,O15142,2025-03-21,Share chair heart determine.,Approved
R30514,O10645,2025-01-02,Share face south hundred.,Approved
R30515,O13855,2024-10-30,Sense bring.,Approved
R30516,O12454,2024-06-30,Change white wear role.,Pending
R30517,O10271,2025-03-27,Glass movie.,Pending
R30518,O14574,2025-02-02,Read popular pull show.,Approved
R30519,O15448,2024-11-16,Security relate if.,Pending
R30520,O14363,2024-09-22,And guess political Mr church.,Pending
R30521,O14138,2024-10-17,Minute rate view condition and.,Rejected
R30522,O16375,2024-09-03,Eight early rest.,Pending
R30523,O12709,2024-10-11,Pattern dream type score bag.,Pending
R30524,O16214,2025-03-05,Country time face last.,Rejected
R30525,O15867,2025-02-05,Attorney bag.,Pending
R30526,O11835,2025-05-19,Only away artist building once.,Rejected
R30527,O11324,2024-07-16,Book a she music.,Rejected
R30528,O14603,2024-10-13,No site edge growth.,Pending
R30529,O16451,2025-03-20,Attack positive piece.,Approved
R30530,O12798,2025-05-26,Dog purpose.,Pending
R30531,O14627,2024-08-11,Much stage likely.,Rejected
R30532,O16879,2024-11-18,Eye throughout wide sound push.,Pending
R30533,O13133,2024-09-25,Hard wonder head.,Rejected
R30534,O15381,2025-01-09,Chance special blood give.,Rejected
R30535,O16593,2024-06-19,Different serve break society while.,Approved
R30536,O10543,2025-02-16,By avoid federal.,Approved
R30537,O15129,2024-09-30,Short design skill hair.,Pending
R30538,O15668,2024-07-26,Generation most.,Pending
R30539,O12608,2024-07-10,Kitchen including red again.,Rejected
R30540,O14065,2024-09-19,Father course father break.,Pending
R30541,O11710,2024-09-01,Bed ground paper.,Rejected
R30542,O12769,2024-09-05,Democratic save garden.,Pending
R30543,O12639,2024-10-20,Necessary once.,Pending
R30544,O16676,2024-12-31,Add though hour own easy.,Pending
R30545,O16300,2024-10-09,Health win occur clearly sometimes.,Approved
R30546,O16422,2024-10-06,Small woman staff.,Pending
R30547,O12514,2025-06-08,Real month back same.,Pending
R30548,O11634,2024-10-16,Include discover this hard marriage.,Rejected
R30549,O13888,2025-02-26,Cover bed marriage available.,Rejected
R30550,O14401,2024-12-27,Of safe.,Approved
R30551,O11644,2024-10-08,Time really.,Pending
R30552,O12264,2025-06-05,Character vote represent if player.,Approved
R30553,O16275,2025-02-19,Majority suggest direction.,Approved
R30554,O13132,2025-04-05,Avoid spend.,Approved
R30555,O11945,2025-03-28,Relate thus able.,Pending
R30556,O14258,2024-06-23,Nearly but.,Approved
R30557,O10467,2024-10-01,Personal move stuff perform blue.,Approved
R30558,O10993,2024-11-10,Somebody couple approach.,Pending
R30559,O15959,2025-02-18,Strategy allow miss dark call.,Rejected
R30560,O13320,2025-04-21,Opportunity material chance political.,Pending
R30561,O14382,2024-07-18,Share despite.,Approved
R30562,O13516,2024-09-23,Several owner edge.,Rejected
R30563,O10355,2025-04-13,Section some let doctor return.,Pending
R30564,O12649,2024-12-14,Old would number without daughter.,Pending
R30565,O10287,2024-07-02,Rest draw.,Rejected
R30566,O14193,2025-04-13,Blood four price property.,Approved
R30567,O16252,2025-01-17,Local four camera nature number.,Approved
R30568,O11711,2024-09-28,Full agreement letter.,Rejected
R30569,O15914,2025-03-08,Voice memory official.,Pending
R30570,O13581,2024-09-15,Sister child physical argue almost.,Rejected
R30571,O16114,2024-08-20,Prove where.,Rejected
R30572,O13862,2024-12-13,International man we generation their.,Pending
R30573,O15114,2025-03-14,Serious professor camera social so.,Rejected
R30574,O14524,2024-09-17,Call note bank.,Rejected
R30575,O10119,2025-01-28,Poor full probably.,Pending
R30576,O14119,2024-09-02,Along student impact share.,Pending
R30577,O13831,2025-02-20,Expect still inside.,Approved
R30578,O14043,2024-10-12,Level shake teacher.,Rejected
R30579,O14282,2024-10-22,Stay animal where.,Pending
R30580,O12271,2024-10-22,Explain official catch.,Approved
R30581,O15520,2024-10-25,Chair popular find direction education.,Approved
R30582,O15459,2025-02-18,Condition audience add.,Rejected
R30583,O14105,2025-01-05,Health adult affect.,Rejected
R30584,O12484,2024-09-03,Buy treatment.,Pending
R30585,O13431,2024-11-16,Support do rather down so.,Approved
R30586,O11708,2024-09-29,Former already.,Pending
R30587,O13309,2024-12-18,Professional general enter future.,Approved
R30588,O16532,2025-04-20,True who center.,Approved
R30589,O14372,2024-07-12,Total wait across.,Rejected
R30590,O14761,2024-06-26,Could support.,Approved
R30591,O12732,2024-09-16,Million maintain know change.,Rejected
R30592,O10985,2024-07-20,Low reason sell television win.,Pending
R30593,O12629,2024-07-26,Hand vote.,Rejected
R30594,O11082,2024-10-14,Question society.,Rejected
R30595,O16905,2024-12-08,Public throughout her particular.,Rejected
R30596,O16844,2024-07-16,Item along.,Approved
R30597,O13087,2024-12-21,Fly may short.,Approved
R30598,O11032,2024-07-15,Offer certainly see.,Rejected
R30599,O10434,2024-12-05,Red structure stand summer.,Pending
R30600,O10253,2025-01-07,Pick ask generation table physical.,Rejected
R30601,O13510,2024-07-23,Reason during condition.,Rejected
R30602,O16649,2024-11-06,Billion above fine which.,Approved
R30603,O16454,2025-01-01,Peace physical end.,Pending
R30604,O14093,2024-09-11,Police teach listen do.,Rejected
R30605,O11112,2024-08-18,Congress enough believe here future.,Pending
R30606,O16575,2025-04-10,Answer can kid during.,Pending
R30607,O10525,2025-01-29,Over continue along hand would.,Rejected
R30608,O11882,2024-12-04,Meet single event.,Pending
R30609,O14228,2024-12-22,Let direction west attack control.,Pending
R30610,O14368,2024-10-30,Couple fill traditional economic.,Pending
R30611,O12059,2024-12-13,Spring bar among Mrs.,Rejected
R30612,O12934,2025-04-05,Care beat realize card.,Approved
R30613,O15960,2025-01-15,At charge however agreement decide.,Pending
R30614,O10501,2025-01-09,Forward lawyer begin.,Pending
R30615,O13859,2024-11-02,Sister news imagine whose.,Pending
R30616,O15930,2025-01-27,Fish including traditional ago.,Rejected
R30617,O14078,2025-03-26,Environment its back decision.,Pending
R30618,O14422,2024-10-01,Her account billion four write.,Rejected
R30619,O13632,2024-06-28,Exist pattern.,Rejected
R30620,O13307,2024-09-02,Teach here six ask.,Approved
R30621,O16125,2024-07-12,Just happen.,Approved
R30622,O13164,2024-10-06,Cut left left.,Approved
R30623,O16037,2024-09-15,Write imagine past life particularly.,Approved
R30624,O11738,2024-07-19,Paper find lose book.,Rejected
R30625,O15098,2025-06-04,Kitchen amount three enjoy meet.,Approved
R30626,O13474,2024-12-25,Often expert rather soldier.,Pending
R30627,O14206,2025-04-20,Improve sing high such.,Rejected
R30628,O16353,2025-01-23,Front situation different truth man.,Pending
R30629,O10010,2025-02-16,Clearly significant senior interest.,Approved
R30630,O10017,2024-08-08,Find exactly number plan.,Rejected
R30631,O12776,2025-02-26,Property great.,Rejected
R30632,O13329,2025-02-13,Huge idea him table else.,Rejected
R30633,O16556,2024-09-09,Information job field pattern.,Rejected
R30634,O13683,2025-04-02,Start magazine management.,Pending
R30635,O11469,2024-10-19,Law exactly herself.,Pending
R30636,O16048,2025-02-13,Individual production institution enjoy everything.,Pending
R30637,O11894,2024-07-30,Become institution spend.,Approved
R30638,O16407,2024-08-11,Fact name cup.,Pending
R30639,O12946,2025-03-28,Imagine be type.,Rejected
R30640,O14284,2025-04-18,Board state.,Rejected
R30641,O14002,2025-05-03,Central quality.,Pending
R30642,O12556,2024-08-13,Mrs card watch visit show.,Approved
R30643,O14669,2024-08-28,Open value time fear.,Pending
R30644,O16319,2025-06-02,Technology action war.,Pending
R30645,O12249,2025-05-12,Stop town week.,Approved
R30646,O11479,2025-05-10,Itself must.,Pending
R30647,O12782,2024-08-11,Throw girl.,Pending
R30648,O13012,2024-08-04,Watch perform among throw.,Rejected
R30649,O15464,2024-07-22,Dark deal policy exactly.,Rejected
R30650,O13568,2025-02-20,Sing control tough produce exist.,Rejected
R30651,O10962,2024-07-02,Get effort economy.,Rejected
R30652,O14077,2025-04-20,Expert series son memory left.,Pending
R30653,O12582,2025-04-13,Project event.,Pending
R30654,O15884,2024-11-05,Court particular hit different truth.,Rejected
R30655,O13387,2025-06-01,Be term structure election kind.,Rejected
R30656,O14552,2025-03-03,Become station determine worry.,Approved
R30657,O15743,2025-03-14,Occur small nature.,Pending
R30658,O12439,2025-03-16,Bed describe work at north.,Approved
R30659,O13805,2024-07-27,Girl executive break friend.,Pending
R30660,O11611,2025-03-12,Action fight would or.,Approved
R30661,O12118,2024-11-07,Within raise.,Approved
R30662,O16846,2025-03-27,Begin present term.,Rejected
R30663,O15383,2024-11-15,Break pass green class claim.,Pending
R30664,O10322,2025-04-22,Season green action sure.,Pending
R30665,O11778,2025-03-15,Only do general.,Pending
R30666,O14280,2024-09-17,Box course prevent.,Rejected
R30667,O10333,2025-06-01,Eat head successful rate away.,Approved
R30668,O13333,2024-09-21,News one next.,Approved
R30669,O12830,2025-02-23,Half into memory.,Rejected
R30670,O12255,2024-12-09,Ask past experience.,Approved
R30671,O15201,2024-12-15,South ground must wall.,Rejected
R30672,O16154,2025-02-24,Win letter be paper one.,Rejected
R30673,O12821,2025-05-05,Student along local board work.,Pending
R30674,O14232,2024-12-06,Throw still our.,Rejected
R30675,O15809,2024-10-14,Adult once similar follow.,Approved
R30676,O11354,2024-09-15,Question institution agree memory.,Pending
R30677,O12924,2025-01-08,Suffer product actually item executive.,Approved
R30678,O11558,2024-12-15,Like car wonder.,Rejected
R30679,O13420,2024-08-31,World friend this debate between.,Pending
R30680,O15422,2025-02-02,Factor first a age.,Rejected
R30681,O13777,2025-05-05,Contain that can southern support.,Rejected
R30682,O16947,2024-07-07,Perform choose range other.,Rejected
R30683,O14153,2025-01-01,What inside author.,Approved
R30684,O10676,2024-10-13,Organization politics physical they ball.,Pending
R30685,O10745,2024-11-24,Consider respond.,Rejected
R30686,O14819,2024-08-24,Within well resource movement.,Rejected
R30687,O15788,2025-03-29,Turn cost dark.,Approved
R30688,O13414,2024-07-22,Both we by.,Pending
R30689,O15972,2025-03-03,Left fact remain police.,Rejected
R30690,O12383,2025-02-17,Finish professor.,Rejected
R30691,O10674,2025-03-21,Simple trial environment enjoy situation.,Rejected
R30692,O12357,2024-09-28,Take improve peace season drive.,Pending
R30693,O15181,2025-02-15,Light senior kind political.,Pending
R30694,O15590,2024-10-26,Attention long garden protect with.,Rejected
R30695,O12188,2024-07-22,Prevent structure.,Pending
R30696,O10226,2025-03-13,Statement approach score interesting.,Rejected
R30697,O14776,2024-09-11,Over through.,Approved
R30698,O11806,2025-03-22,Pattern reduce floor would.,Approved
R30699,O13277,2024-07-20,Necessary tend fish.,Rejected
R30700,O16038,2024-12-15,Modern however able.,Pending
R30701,O12622,2025-05-15,Remain each.,Pending
R30702,O15852,2024-07-26,Performance that push nor little.,Rejected
R30703,O16473,2024-12-20,Under nation.,Rejected
R30704,O15300,2025-04-01,Late eight.,Rejected
R30705,O15816,2025-02-26,Teach peace.,Pending
R30706,O13398,2024-09-20,Size fire.,Rejected
R30707,O13845,2024-11-18,Word rule board.,Pending
R30708,O14108,2024-10-21,Time officer drive model.,Approved
R30709,O13873,2024-10-27,Without explain card.,Approved
R30710,O16991,2025-04-11,Model both under.,Approved
R30711,O16515,2024-08-01,Despite good nation.,Pending
R30712,O15510,2024-10-31,Suggest thank provide.,Approved
R30713,O12886,2024-07-14,Wide car successful actually assume.,Rejected
R30714,O14824,2025-05-07,Activity method article personal.,Approved
R30715,O12325,2024-07-17,They enough attack nature.,Rejected
R30716,O12643,2024-07-28,Need exist every writer.,Approved
R30717,O13983,2024-09-01,Lose surface.,Approved
R30718,O15044,2024-08-20,Win war laugh.,Pending
R30719,O16387,2024-11-16,Fund important available.,Approved
R30720,O14255,2025-03-30,Suffer discussion family work.,Pending
R30721,O10722,2024-12-28,Stay question idea life.,Approved
R30722,O15688,2024-11-21,Rich serve voice must.,Rejected
R30723,O11807,2025-05-24,Arrive history management the difference.,Rejected
R30724,O12005,2024-12-05,Do federal represent beautiful.,Pending
R30725,O13023,2024-10-27,Our cost director generation.,Rejected
R30726,O16518,2024-08-27,Hand I military first.,Rejected
R30727,O10228,2024-09-26,Account media chance.,Pending
R30728,O10797,2024-09-07,Any far summer public.,Approved
R30729,O13074,2024-10-26,Movie key late involve guy.,Approved
R30730,O15354,2025-05-04,Sure available.,Rejected
R30731,O14885,2024-09-14,House perhaps visit two.,Pending
R30732,O10683,2024-07-20,Standard president of keep position.,Rejected
R30733,O10889,2024-07-02,None respond.,Approved
R30734,O14995,2025-04-30,Practice blue.,Approved
R30735,O12943,2025-04-04,Cause structure or sport line.,Pending
R30736,O11845,2025-02-18,Management teach act husband almost.,Approved
R30737,O14107,2025-05-23,Close matter.,Approved
R30738,O15990,2025-06-16,Catch senior.,Rejected
R30739,O13551,2024-12-24,Million deep.,Rejected
R30740,O15674,2025-05-08,Any employee pressure view.,Pending
R30741,O16952,2024-08-11,Serious certainly magazine.,Approved
R30742,O15388,2024-11-15,Look spring tax.,Approved
R30743,O16527,2025-03-24,Everybody person pick.,Approved
R30744,O12865,2024-11-03,Black nearly inside coach.,Pending
R30745,O14993,2024-12-01,Which sure.,Rejected
R30746,O12386,2025-04-28,Cup father high dog cost.,Approved
R30747,O11533,2024-10-10,Discover local change.,Rejected
R30748,O15520,2024-10-21,Example large son.,Approved
R30749,O11409,2024-12-04,Hundred south hotel.,Approved
R30750,O10547,2025-05-21,Deal plant draw.,Approved
R30751,O15540,2024-12-27,Rather line direction.,Rejected
R30752,O16391,2024-09-26,Blood interview decade serious.,Approved
R30753,O16687,2025-06-17,A imagine.,Approved
R30754,O10466,2024-11-22,Tree discussion.,Pending
R30755,O12153,2025-02-14,Education strategy describe.,Approved
R30756,O15794,2025-05-04,Stand evidence president happen.,Rejected
R30757,O12222,2024-11-04,Now fine heart political similar.,Rejected
R30758,O14112,2025-01-23,Maintain store particular ahead.,Pending
R30759,O14333,2024-12-06,Nor coach.,Pending
R30760,O10400,2024-09-30,Note look provide.,Pending
R30761,O12300,2024-10-12,Know land clearly information big.,Pending
R30762,O15925,2024-10-05,Single color old.,Approved
R30763,O15646,2024-07-31,Finish walk to.,Rejected
R30764,O10219,2025-04-26,Listen decide hold onto.,Approved
R30765,O15363,2024-12-04,Adult but carry feel last.,Rejected
R30766,O13037,2024-09-07,Lose sort.,Rejected
R30767,O11427,2024-09-17,Group sign successful.,Approved
R30768,O15841,2024-09-08,Step condition me.,Rejected
R30769,O12903,2024-12-23,Candidate her.,Pending
R30770,O13808,2025-02-25,Defense begin.,Rejected
R30771,O10819,2025-05-20,Painting pressure adult.,Pending
R30772,O14515,2024-12-27,Say security see use.,Pending
R30773,O13964,2025-03-20,Administration likely.,Rejected
R30774,O15313,2025-03-18,Letter she.,Approved
R30775,O14537,2025-04-14,Sit yourself find style experience.,Pending
R30776,O14092,2024-09-26,Understand hospital democratic base result.,Rejected
R30777,O16713,2024-08-30,Could including week himself.,Rejected
R30778,O12480,2024-12-01,Give shoulder news development physical.,Pending
R30779,O12067,2025-04-29,People lose responsibility job operation.,Pending
R30780,O13952,2025-02-20,Another stuff to late responsibility.,Approved
R30781,O13612,2024-09-23,Position figure recently.,Pending
R30782,O12730,2025-05-15,Item economy.,Rejected
R30783,O16484,2024-06-28,Paper fire arm read.,Rejected
R30784,O15692,2024-12-31,Visit fact almost.,Rejected
R30785,O11689,2024-10-13,Land both later chair.,Pending
R30786,O16538,2024-07-03,Better mouth production page.,Pending
R30787,O12236,2025-01-18,Guess can cover.,Rejected
R30788,O12552,2025-02-06,Section throw vote not go.,Rejected
R30789,O11769,2025-02-07,Fight here heart administration.,Pending
R30790,O13694,2025-02-22,Ability current.,Approved
R30791,O14925,2024-07-21,Tax technology.,Pending
R30792,O14692,2024-10-07,List red eye pull production.,Pending
R30793,O15763,2025-01-09,Who customer sport.,Approved
R30794,O13477,2025-01-08,Offer official seem itself security.,Pending
R30795,O11178,2024-11-13,Top item method.,Approved
R30796,O13597,2024-09-18,Into report.,Pending
R30797,O15048,2024-07-28,Role assume rate speak.,Pending
R30798,O11482,2025-03-25,Sell put information.,Rejected
R30799,O15615,2025-03-19,Various goal choose.,Pending
R30800,O11214,2024-12-08,Car add state trouble.,Approved
R30801,O13617,2024-11-14,Account environmental book require.,Rejected
R30802,O12902,2025-05-02,Mission base hair.,Approved
R30803,O11064,2024-07-07,Foot expert box she.,Rejected
R30804,O10624,2024-08-31,Black fine use Mrs.,Approved
R30805,O13974,2024-11-29,Statement game.,Rejected
R30806,O11279,2024-07-01,Writer business campaign.,Pending
R30807,O13199,2025-03-05,Child race four foot.,Pending
R30808,O12039,2024-07-01,Fight himself animal draw itself.,Pending
R30809,O15529,2025-05-20,Bill southern no.,Approved
R30810,O11358,2025-05-08,Item finally TV.,Rejected
R30811,O13492,2024-12-06,Four catch wonder interesting.,Pending
R30812,O16152,2024-12-29,Top wish mother people.,Approved
R30813,O10701,2024-10-18,Suffer suddenly carry car.,Rejected
R30814,O12297,2024-11-01,Administration give public start.,Approved
R30815,O15612,2024-08-21,Ready can.,Pending
R30816,O12985,2024-08-31,West American.,Rejected
R30817,O14720,2025-04-24,Listen off receive.,Rejected
R30818,O15074,2025-01-05,Lawyer such.,Approved
R30819,O12460,2024-12-25,Cell consider that real.,Pending
R30820,O13675,2024-08-20,Concern allow need.,Rejected
R30821,O11699,2024-08-30,Manager night those what coach.,Rejected
R30822,O16514,2025-06-07,Floor south unit space impact.,Pending
R30823,O11801,2025-01-27,Toward lead news bad.,Rejected
R30824,O10298,2025-01-15,Relate before.,Pending
R30825,O10181,2024-07-24,Pretty prove.,Pending
R30826,O14414,2025-06-04,Onto support ago.,Approved
R30827,O10598,2024-11-12,Road career through mind.,Pending
R30828,O16097,2025-03-03,Mr why.,Rejected
R30829,O14779,2024-06-18,Heavy west ask of federal.,Rejected
R30830,O15790,2025-01-11,Fact success every challenge.,Approved
R30831,O15060,2025-02-17,Reduce bad strategy event real.,Approved
R30832,O15042,2024-08-02,Especially adult budget.,Approved
R30833,O16762,2024-06-26,Third we weight sure billion.,Pending
R30834,O16425,2024-10-14,Hundred cost network.,Rejected
R30835,O14366,2024-07-30,Well meet these.,Pending
R30836,O16777,2025-05-25,Administration item cover personal.,Approved
R30837,O14876,2024-08-15,Available different.,Pending
R30838,O16591,2025-03-07,Open response should.,Pending
R30839,O15090,2025-02-12,Style student dinner.,Approved
R30840,O10055,2025-04-11,Medical so.,Rejected
R30841,O11081,2024-07-10,Than write teach.,Rejected
R30842,O16353,2024-10-14,Drop treatment condition.,Pending
R30843,O16515,2025-04-13,Young child cold happy.,Rejected
R30844,O13030,2025-01-23,Impact beat fast stock office.,Approved
R30845,O16014,2024-11-07,Create nothing would forget.,Pending
R30846,O11999,2025-04-17,Someone ahead wish.,Approved
R30847,O15367,2024-07-17,Painting worker admit eight national.,Approved
R30848,O12751,2024-10-27,Alone represent.,Rejected
R30849,O13983,2025-01-23,Discuss pick art order.,Rejected
R30850,O11958,2024-07-20,Significant movie upon cold.,Approved
R30851,O11909,2025-02-10,Interest child democratic.,Approved
R30852,O11819,2024-08-23,Bit future tell think.,Pending
R30853,O12382,2025-05-29,Tell collection candidate.,Approved
R30854,O15483,2025-04-16,Commercial only director avoid.,Rejected
R30855,O15593,2025-04-20,Act benefit issue down.,Approved
R30856,O16995,2025-05-09,Eat court indicate expect.,Rejected
R30857,O16199,2024-10-26,Month imagine over now.,Approved
R30858,O14475,2024-12-15,Campaign machine window goal.,Approved
R30859,O13177,2025-06-12,Water south though find.,Pending
R30860,O14835,2024-10-24,Weight idea off happen sell.,Approved
R30861,O13742,2025-06-07,Defense now white son information.,Pending
R30862,O15054,2024-12-31,Think tend.,Pending
R30863,O12406,2024-08-21,Run policy stage physical fact.,Pending
R30864,O12093,2024-12-27,Eat today last reveal.,Rejected
R30865,O12991,2025-04-06,Must role rise evening.,Pending
R30866,O14123,2025-05-02,Knowledge city call leave.,Pending
R30867,O16770,2025-05-08,Pay wait maybe.,Pending
R30868,O12299,2025-01-29,Paper ten edge discussion senior.,Approved
R30869,O10238,2024-09-25,Summer term there yeah beautiful.,Approved
R30870,O13525,2025-05-26,Relationship exist baby.,Rejected
R30871,O12847,2024-07-13,Choice camera analysis and.,Approved
R30872,O11166,2025-02-23,Garden charge nature speech read.,Approved
R30873,O13568,2025-02-04,Past source employee indicate item.,Pending
R30874,O16078,2025-01-25,Wrong show quality everyone.,Approved
R30875,O14952,2024-07-19,Difference senior opportunity.,Rejected
R30876,O13706,2025-04-08,Reason only beyond discussion represent.,Approved
R30877,O14619,2024-08-29,Turn policy class.,Pending
R30878,O10094,2025-05-03,Relationship morning check agree.,Approved
R30879,O15106,2025-03-14,Look worry prepare political.,Rejected
R30880,O16316,2024-07-24,Conference nearly crime.,Approved
R30881,O11024,2024-10-06,Development player movie improve employee.,Approved
R30882,O11637,2024-10-17,Wife customer.,Pending
R30883,O16637,2025-03-03,Sort create shake born science.,Pending
R30884,O12856,2025-01-28,Anything away memory.,Rejected
R30885,O11272,2025-05-26,Program energy establish act.,Rejected
R30886,O15389,2024-08-16,New that bed.,Pending
R30887,O14029,2025-05-12,Why suddenly personal.,Approved
R30888,O16521,2025-04-01,Recently pressure four.,Approved
R30889,O16333,2024-10-25,Table simply ok.,Approved
R30890,O10511,2025-06-16,Use skin face make western.,Approved
R30891,O16763,2024-09-23,Project common while stock.,Approved
R30892,O16352,2025-04-23,High baby owner politics.,Pending
R30893,O16295,2024-12-28,Including anything sport.,Approved
R30894,O11050,2025-05-13,Standard serious find.,Pending
R30895,O10971,2025-02-15,Affect turn.,Rejected
R30896,O10429,2024-07-16,Value leave kitchen budget effect.,Approved
R30897,O13228,2024-11-16,Man quite.,Rejected
R30898,O12508,2024-12-17,Marriage radio wish.,Pending
R30899,O11097,2024-10-19,Finally receive themselves inside try.,Approved
R30900,O11925,2025-04-26,Mother as space.,Rejected
R30901,O10072,2025-05-09,Dream these customer anything land.,Pending
R30902,O11620,2025-01-10,System position leave.,Rejected
R30903,O15755,2024-08-01,Experience role.,Approved
R30904,O14533,2024-08-24,Long talk.,Approved
R30905,O15705,2024-07-04,Offer record.,Rejected
R30906,O14073,2025-05-25,Right suddenly region.,Approved
R30907,O11561,2024-10-05,Night become order.,Pending
R30908,O10792,2024-11-21,Room describe happy attack.,Approved
R30909,O12200,2024-10-15,Event alone.,Rejected
R30910,O15093,2024-07-19,Piece anything sound including.,Approved
R30911,O16560,2024-07-28,Beautiful majority role.,Pending
R30912,O15312,2025-06-05,Mr dream not.,Rejected
R30913,O10342,2025-02-03,Election strong thousand safe.,Pending
R30914,O15148,2024-06-23,Let position become clear yourself.,Approved
R30915,O11804,2025-01-12,Late thank.,Pending
R30916,O15987,2024-07-23,Themselves fish cause safe network.,Rejected
R30917,O11705,2025-03-27,Will recent develop weight.,Pending
R30918,O12566,2025-05-30,Which individual wife away.,Approved
R30919,O15561,2024-08-21,Bank throw management.,Rejected
R30920,O13671,2024-11-25,Reveal full admit.,Pending
R30921,O10725,2025-03-01,Card issue possible.,Pending
R30922,O16942,2025-03-15,Yourself fly well wish.,Rejected
R30923,O13038,2024-11-08,Who window design.,Pending
R30924,O13179,2024-09-04,Computer rise now every operation.,Approved
R30925,O10317,2025-05-15,Civil way.,Rejected
R30926,O14194,2024-07-15,Method standard quite.,Pending
R30927,O12767,2024-10-03,Morning contain success sister case.,Pending
R30928,O12532,2024-09-06,Case serious yet science.,Pending
R30929,O16238,2025-04-20,West plant increase.,Rejected
R30930,O13609,2025-05-27,Push include big put loss.,Approved
R30931,O12647,2024-11-22,Now there performance he.,Rejected
R30932,O13690,2025-04-04,Hair these.,Rejected
R30933,O13796,2024-12-13,Thousand ten bag.,Pending
R30934,O15579,2024-09-03,Between same within.,Rejected
R30935,O12959,2025-06-07,Recently fill simple.,Pending
R30936,O12945,2024-11-28,Manage rise let six.,Pending
R30937,O14845,2024-07-17,For could middle development during.,Rejected
R30938,O11508,2025-06-12,Participant between recent.,Pending
R30939,O15051,2025-01-13,All child enough new house.,Rejected
R30940,O15166,2025-02-10,Son high.,Approved
R30941,O10233,2025-01-13,Treat well prepare weight similar.,Approved
R30942,O13821,2025-03-24,Close grow weight technology ok.,Rejected
R30943,O11713,2024-11-07,Behind if guess man.,Approved
R30944,O16051,2025-01-23,Recognize off per campaign.,Approved
R30945,O14483,2025-03-08,Manage likely clear.,Approved
R30946,O16681,2024-06-28,Husband option garden.,Rejected
R30947,O15494,2024-12-29,Father be important main.,Pending
R30948,O13592,2025-04-06,Clear capital notice.,Approved
R30949,O10544,2024-07-02,Western nice when fly it.,Pending
R30950,O12036,2024-12-20,Quite rock rich message population.,Approved
R30951,O12646,2024-11-03,Order keep sign.,Approved
R30952,O13309,2024-12-20,Former current feeling bed.,Pending
R30953,O13157,2025-05-05,Film company positive each because.,Pending
R30954,O13265,2025-04-21,Race exactly three.,Rejected
R30955,O13401,2024-11-17,Attention make available.,Rejected
R30956,O10428,2024-09-21,Within big doctor serious.,Rejected
R30957,O13144,2024-12-18,Film sense today party because.,Pending
R30958,O13086,2024-12-04,Their ask other office manager.,Pending
R30959,O11092,2025-01-06,Owner marriage animal practice risk.,Pending
R30960,O12746,2024-08-06,Plan director throughout card.,Pending
R30961,O12211,2024-08-10,System yes live strategy power.,Approved
R30962,O13811,2024-10-13,Since them front political.,Rejected
R30963,O11656,2025-05-28,Door attorney.,Pending
R30964,O15416,2024-07-30,Represent point.,Pending
R30965,O10070,2024-06-21,Style issue huge compare.,Pending
R30966,O13030,2024-07-07,Others best remember agent common.,Rejected
R30967,O13823,2025-03-30,Wide join science any.,Approved
R30968,O10011,2024-09-22,Stand forward store.,Approved
R30969,O11590,2024-12-12,Job budget bed reach reach.,Pending
R30970,O16895,2024-08-05,Clear establish throughout system.,Pending
R30971,O11603,2024-06-22,Mention speech pressure.,Rejected
R30972,O16836,2025-04-03,Chair vote.,Approved
R30973,O12060,2024-08-20,Enjoy who shoulder.,Rejected
R30974,O14165,2024-07-19,Spring across south police memory.,Pending
R30975,O13890,2024-09-07,State however save.,Rejected
R30976,O16992,2024-10-01,See international.,Pending
R30977,O10256,2025-03-19,Him head score dark.,Approved
R30978,O10454,2024-11-19,Back total house trade significant.,Approved
R30979,O13499,2024-09-27,Score until by hundred wait.,Pending
R30980,O11641,2024-10-16,What leader simply.,Rejected
R30981,O16218,2024-09-20,Once issue occur.,Approved
R30982,O13658,2025-01-25,Door partner.,Pending
R30983,O13853,2025-06-07,Day another way along.,Rejected
R30984,O13855,2025-05-21,Deep project only protect.,Approved
R30985,O10016,2025-06-08,Serve sing purpose mission.,Rejected
R30986,O12960,2025-04-01,Push smile us.,Rejected
R30987,O15396,2024-07-18,Song stock stop should whole.,Rejected
R30988,O10554,2025-02-08,Major cell those word.,Rejected
R30989,O13036,2024-11-15,Each sea indeed recently blue.,Pending
R30990,O11458,2025-04-13,Commercial customer plant.,Rejected
R30991,O16297,2025-04-25,Foreign us play.,Approved
R30992,O10867,2025-01-26,Cover again success street success.,Approved
R30993,O13708,2025-06-05,Son oil be traditional hope.,Approved
R30994,O16006,2024-07-09,Trip site.,Rejected
R30995,O10053,2024-06-21,Sit scientist.,Approved
R30996,O12656,2025-02-09,Technology door fact.,Approved
R30997,O12960,2025-03-23,Them agency source.,Rejected
R30998,O13741,2024-11-21,Yeah world.,Approved
R30999,O10601,2024-06-23,Find almost whom agree.,Pending
R31000,O11398,2025-05-07,Race customer while.,Rejected
