doctorID,name,specialty,email,phone
DR0001,Richard Smith,Pediatrics,lgarcia@example.org,897.865.1643
DR0002,Cody Butler,Orthopedics,lauralopez@example.net,3707590244
DR0003,Hannah Smith,Orthopedics,obarajas@example.com,+1-664-983-0876x5309
DR0004,Kathleen Lopez MD,Orthopedics,leecox@example.net,(517)874-6695x488
DR0005,Logan Horn,Orthopedics,holmesjessica@example.org,7683353134
DR0006,Dr. Tammie Becker,General,sophia45@example.net,376-808-7998x28342
DR0007,Dana Bennett,General,uyates@example.com,+1-929-943-3851x34688
DR0008,Jacob Johnson,Cardiology,richard93@example.org,+1-708-721-4347
DR0009,Douglas Wallace,General,julie48@example.org,2865242396
DR0010,Lisa Cook,General,madison11@example.net,001-580-284-6531x637
DR0011,Crystal Riggs,General,louissparks@example.net,609.326.8034
DR0012,Tracy Sherman,General,brownjason@example.com,+1-886-882-5627x175
DR0013,Darren Garner,Neurology,leonardjason@example.org,+1-620-849-7654x197
DR0014,Angelica Martin,Cardiology,kimberlybeard@example.net,4946925178
DR0015,Christopher Payne,General,eclayton@example.net,3386910516
DR0016,Cody Hansen,Orthopedics,ahernandez@example.net,+1-985-640-0954
DR0017,Elizabeth Ford,General,emilywolf@example.com,235-418-5282x161
DR0018,James Young,General,xroberts@example.net,001-827-476-4312x096
DR0019,Emma Young,Orthopedics,freemanjennifer@example.net,(692)655-2500x733
DR0020,Joshua Wheeler,Neurology,matthewsshannon@example.net,766-794-8286x60776
DR0021,Nancy Jackson,Neurology,etaylor@example.com,+1-870-836-3863x9618
DR0022,Matthew Garcia,General,todd22@example.org,715-251-2368x42010
DR0023,Shane Chambers,Pediatrics,yshields@example.org,+1-220-534-1841
DR0024,Keith Robbins,Cardiology,michaelgreen@example.org,(902)267-0119
DR0025,Benjamin Lucero,Pediatrics,buckleymelvin@example.net,+1-358-615-0074x18390
DR0026,Tracy Miranda,Neurology,emilyellis@example.com,412.645.6577
DR0027,Donna Shaffer,General,brittany53@example.com,+1-299-405-1857x83083
DR0028,Jody Jacobs,Neurology,taylorrasmussen@example.com,(274)932-5724x76879
DR0029,George Hendrix,Pediatrics,youngpatrick@example.com,(463)420-2470x888
DR0030,Reginald Mclaughlin,Cardiology,jessicaporter@example.net,(954)232-5313x2588
DR0031,Trevor Austin,General,tthompson@example.com,(264)685-4708
DR0032,Rhonda Gonzalez,Cardiology,danielhunter@example.org,580.765.5577x12663
DR0033,Dylan Valdez,Orthopedics,llopez@example.com,442-619-2852x84560
DR0034,Molly Cortez,Pediatrics,holly04@example.com,001-637-969-6331x99994
DR0035,Emma Wright,Neurology,lsmith@example.com,233-550-3502
DR0036,Randy Mclaughlin,Orthopedics,christopher04@example.org,718-842-2723
DR0037,Jean Diaz,General,kimberly50@example.net,+1-383-541-0964x6766
DR0038,Justin Brown,Cardiology,jessica15@example.org,3204850063
DR0039,Alexander Garcia,General,jeffreydelgado@example.net,+1-402-439-1636x778
DR0040,Christina King,Neurology,yatesdevon@example.org,001-963-205-3589x635
DR0041,Alicia Carlson,General,hernandezkevin@example.net,427-223-0030x388
DR0042,Andrea Ryan,Cardiology,smitheric@example.com,805-617-5669
DR0043,Martin Robinson,Pediatrics,johnny00@example.org,+1-815-878-6559
DR0044,John Henderson,Neurology,margaret29@example.com,(270)926-7508x66986
DR0045,Collin Brown,Pediatrics,ramirezmichael@example.net,241-290-4536x72445
DR0046,Diana Roman,General,xtanner@example.com,736-205-7570x9286
DR0047,Geoffrey Brown,Orthopedics,jacob52@example.com,+1-205-559-1783x3906
DR0048,Megan Hudson,Cardiology,oscar55@example.net,(396)594-9528x516
DR0049,Jordan Hamilton,Pediatrics,david43@example.net,001-581-706-2846x261
DR0050,Barbara Rivera,Orthopedics,simpsonjohn@example.org,824.331.5589
DR0051,Jonathan Bennett,General,shaffermarissa@example.org,792.269.7741x5947
DR0052,Bonnie Hernandez,Pediatrics,deannareyes@example.net,607.227.4141
DR0053,Michael Daniels MD,Cardiology,bryantmatthew@example.org,+1-371-221-6439x0551
DR0054,David Le,Cardiology,abigail96@example.org,+1-454-666-6028x845
DR0055,Dr. Brandon Wang Jr.,Neurology,tanya19@example.org,494.255.8798x0111
DR0056,Jordan Barnett,General,davidbryant@example.com,547.875.7773
DR0057,Peter Jordan,Cardiology,schneiderlaura@example.com,906.490.8875
DR0058,Michael Thompson,Orthopedics,whowe@example.net,+1-548-948-8413x86489
DR0059,Kenneth Pham,Neurology,crystalhawkins@example.net,465.768.6543
DR0060,Maria Wood,Neurology,jessica20@example.net,001-261-820-8670
DR0061,Ashlee Boyd,Pediatrics,michaela27@example.net,+1-700-661-1390x049
DR0062,Michael Diaz,General,michael25@example.net,001-531-956-7854x2105
DR0063,Amy Ward,Neurology,jensenphillip@example.com,609-342-3678
DR0064,Beth Watkins,Neurology,brandonsmith@example.org,001-299-597-6749x87741
DR0065,Jeffrey Davis,Cardiology,angelawashington@example.org,001-430-373-9463
DR0066,Megan Brown,Orthopedics,hernandeznathaniel@example.org,001-218-562-2003x40315
DR0067,Cathy Hogan,Orthopedics,alejandrolam@example.com,300.282.5211
DR0068,Jasmine Russell,Cardiology,robertbartlett@example.net,6505737476
DR0069,Alice Walker,Neurology,samuel26@example.com,001-349-213-2033x5273
DR0070,Jonathan Hale,Neurology,jasminbarry@example.org,571-932-6038x592
DR0071,Matthew Frank,Orthopedics,katherinegill@example.org,818-235-3251x51816
DR0072,Rachel Wallace,General,joseph46@example.net,(956)601-8478x41348
DR0073,Christopher Cox,Cardiology,barnesbrent@example.com,+1-392-677-2099x02352
DR0074,Regina Ewing,General,robert82@example.org,937-965-8215
DR0075,Alicia Marsh,Neurology,michelesanchez@example.net,864.725.6911x31018
DR0076,Tammy Hess,General,jamesamanda@example.net,001-624-396-7861
DR0077,Micheal Taylor,Pediatrics,christopher92@example.org,+1-586-824-1896x7294
DR0078,Jonathan Wade,Pediatrics,tiffanyhall@example.com,608.647.2281x85742
DR0079,Joseph Cline,Cardiology,danielle86@example.com,+1-336-750-2753x04349
DR0080,Thomas Burns,Cardiology,parkeradam@example.org,215.793.7766x0545
DR0081,Anne Flores,General,christian91@example.org,395.499.6966x9639
DR0082,Jennifer Henry,Neurology,dianemaldonado@example.org,455.750.4662x9511
DR0083,Mrs. Maria Miles MD,Cardiology,martin46@example.com,8938060332
DR0084,Edward Johnson,Pediatrics,kristylynch@example.org,243-384-7102
DR0085,Alison Hebert,Neurology,carl74@example.net,(461)467-7949
DR0086,Ms. Jessica Haynes,Orthopedics,vbarnes@example.com,643.990.5827x85931
DR0087,Ashley Hernandez,Cardiology,santanaandre@example.org,520.475.8034x0913
DR0088,Jesse Braun,Cardiology,bennetttracey@example.org,(605)474-1295x194
DR0089,Paul Andrews,Pediatrics,stephendavidson@example.org,001-242-254-5425x110
DR0090,Wayne Frost PhD,General,courtney58@example.net,+1-487-359-4144x092
DR0091,Jamie Collins,Pediatrics,hollowayjesse@example.net,978-900-4949x3437
DR0092,Danielle Griffin,General,donnajoseph@example.net,498-836-1619x873
DR0093,Christopher Vance,Cardiology,graychristine@example.com,521.450.3366x775
DR0094,Andrew Willis,Orthopedics,jamiefisher@example.net,+1-261-202-6301
DR0095,Nicole Campos,Neurology,cpittman@example.org,(374)743-4489
DR0096,Kerry Reyes,Pediatrics,hubbardnancy@example.com,(877)791-4918
DR0097,Cynthia Freeman,Pediatrics,xlewis@example.net,001-936-888-1924x24200
DR0098,Matthew Ford,Pediatrics,mccormickpaige@example.org,877-749-5009x95503
DR0099,Emily Mccarthy,Neurology,madelinespencer@example.com,5046317000
DR0100,Kathleen Jackson,General,elaine33@example.net,001-563-860-8483
DR0101,Christina Potter,Cardiology,hudsonlaura@example.org,+1-584-835-4504x405
DR0102,Brian Gray,Orthopedics,wperry@example.org,+1-969-763-1641x316
DR0103,Andrew Perry,Orthopedics,kristenthomas@example.com,787.509.9028x1902
DR0104,Kelly Price,Cardiology,sean90@example.net,(270)739-2242
DR0105,Carly Leonard,Cardiology,coryjohnson@example.com,(537)795-5388x8335
DR0106,Jaime Wilson,Pediatrics,gomeznicholas@example.org,+1-306-444-0598x0296
DR0107,Michelle Porter,Pediatrics,othompson@example.org,001-401-740-7498x597
DR0108,Joseph White,Orthopedics,waltonjessica@example.net,001-345-991-0090x84814
DR0109,Shane Caldwell,Neurology,phillipsangela@example.org,(842)535-4799x0007
DR0110,Jennifer Salas,Cardiology,uperry@example.org,+1-805-560-1439x648
DR0111,Marissa Smith,General,cshepherd@example.org,+1-579-253-3853x6685
DR0112,Courtney Oconnor,Pediatrics,brianna77@example.org,001-202-537-5338
DR0113,David Villanueva,Pediatrics,ebenitez@example.org,+1-582-861-4673
DR0114,Jordan Moore,Neurology,blackwellheather@example.net,+1-549-869-1916x33199
DR0115,Robert Webb,Cardiology,zcampbell@example.org,374-252-6587x60605
DR0116,Mary Morris,Neurology,natalieperkins@example.org,695-683-3260
DR0117,Steven Johnson,Cardiology,georgecabrera@example.net,388.886.1573x30736
DR0118,Brandy Barnett,Orthopedics,parkerdenise@example.org,+1-794-359-8717x766
DR0119,Adam Rios,General,cory87@example.net,7525520597
DR0120,Loretta Compton,Cardiology,simmonsdylan@example.com,570.486.7701x39435
DR0121,Paul Delgado,Cardiology,pamela20@example.org,+1-738-715-2788x91463
DR0122,Donna Haley,Neurology,qandersen@example.com,325.539.8969x623
DR0123,Michael Kaufman,Orthopedics,ubanks@example.org,236.520.8769
DR0124,Crystal Ward,Cardiology,dustin94@example.com,671-597-8713
DR0125,Lisa James,Neurology,adavis@example.com,549-894-6393
DR0126,Claudia Lucas,General,perezheather@example.org,+1-920-317-3875x750
DR0127,Kevin Herrera,Orthopedics,jamesortiz@example.net,(322)227-7490
DR0128,Scott Drake,Cardiology,jolson@example.com,+1-496-960-8980x9771
DR0129,Valerie Maldonado,Cardiology,joshua20@example.com,+1-492-297-4276x476
DR0130,Wesley Stevens,Neurology,jessica91@example.com,001-762-853-8807x05822
DR0131,Mark Harrison,Cardiology,sjames@example.org,001-795-445-4724x936
DR0132,Heather Fischer,Pediatrics,whaynes@example.org,585-932-0102
DR0133,Denise Peck,Neurology,mathewjensen@example.org,9632991687
DR0134,Kari Lawrence,Cardiology,sparker@example.net,+1-744-753-0040
DR0135,Brandon Howard,Orthopedics,lopezhaley@example.org,264.917.0917
DR0136,Malik Myers,Neurology,jessicamiller@example.net,(857)816-8075
DR0137,Melanie Brown,General,brianesparza@example.com,995-828-8173
DR0138,Lindsey Franco,Pediatrics,matthewsamber@example.com,6357373565
DR0139,Jon Hayden,Neurology,john84@example.org,+1-359-948-5858x27678
DR0140,Scott Mitchell,General,laraangela@example.org,786.394.4865x4566
DR0141,Bryan Sweeney,Orthopedics,williamstanya@example.com,700.508.8417
DR0142,Scott Jenkins,Neurology,youngmary@example.com,+1-920-529-0059x48646
DR0143,Kelly Gray,Neurology,williamsmichael@example.net,547.920.0809x85144
DR0144,Melanie Elliott,Neurology,egraves@example.org,221-823-3917
DR0145,Matthew Jenkins,Cardiology,john21@example.org,001-527-465-7879
DR0146,Jessica Parker,Neurology,brianroberts@example.net,001-392-212-0400x311
DR0147,Lisa Davis,General,anthonygoodman@example.com,450.401.7472
DR0148,Clifford Singh,General,cbenton@example.net,001-554-874-7197
DR0149,Daniel Torres,Cardiology,olewis@example.com,001-958-709-0996
DR0150,Sherri Hall,Orthopedics,marcia31@example.org,001-337-574-0787x58691
DR0151,Shawn Norton,Pediatrics,julie22@example.net,001-685-413-9766x3028
DR0152,Timothy Horton,Cardiology,matthew48@example.net,(587)387-6067x9335
DR0153,Billy Davis,Pediatrics,lindsayschmidt@example.org,265.981.5955x8936
DR0154,Ebony Nelson,Orthopedics,onealfrank@example.net,627.713.9862x60437
DR0155,Keith Garrett,Cardiology,gbridges@example.com,321.397.0092x340
DR0156,Kathryn Ruiz,General,lindasalazar@example.org,717.203.3280x876
DR0157,Sarah Cruz,Pediatrics,carrollvincent@example.com,440.598.2222x077
DR0158,Melissa Williamson,Neurology,richardjones@example.net,001-935-448-0106x0966
DR0159,Alexis Wilson,Orthopedics,dlewis@example.net,001-992-943-9693x2414
DR0160,Dr. Julia White DDS,Neurology,jennifer12@example.com,779.918.8296x7822
DR0161,Thomas Beltran,Pediatrics,chapmanchristina@example.org,(370)335-5313
DR0162,Chelsea Foley,Orthopedics,williamstammy@example.net,7604723684
DR0163,Matthew Lutz,Neurology,chloemedina@example.org,795.336.5816
DR0164,Danielle Booker,Cardiology,emily87@example.org,4157030906
DR0165,Margaret Clark,Orthopedics,sarahmercado@example.net,+1-851-771-3775x1700
DR0166,Zachary Mckay,Neurology,thompsonbeth@example.com,955-915-9414
DR0167,Steven Brown,Pediatrics,castillodavid@example.net,(420)844-7444
DR0168,Mrs. Shannon Fleming DDS,General,kestrada@example.net,5775506583
DR0169,Manuel Oneal,Neurology,icook@example.com,3785290774
DR0170,Samuel Martinez,Orthopedics,jackiefarmer@example.org,+1-985-217-8263
DR0171,Maureen Hill,General,ajohnson@example.net,5487612371
DR0172,Stephanie Wilson,General,michelle43@example.net,626.732.4891
DR0173,Jenna Perkins,Cardiology,hancockalexander@example.com,2246467305
DR0174,Jeffrey Mcfarland,Cardiology,nbishop@example.com,+1-206-398-4445
DR0175,Richard Jarvis,Neurology,johnjohnson@example.net,3977782596
DR0176,Kelly Hess,General,robinalvarez@example.org,(922)450-7744x508
DR0177,Katie Bolton,Neurology,adrienneschmidt@example.org,+1-342-995-7285
DR0178,Richard Williams,Pediatrics,turnerglenn@example.org,(955)856-7423
DR0179,Dr. Rachel Murphy DDS,Pediatrics,bjohnston@example.com,+1-586-404-4162x62312
DR0180,Stanley Page,Pediatrics,taylorjason@example.org,249.238.6045x48162
DR0181,Terry Fuller,Cardiology,ndiaz@example.net,001-831-699-0039x4627
DR0182,Harry Williams,General,zcarson@example.net,486-315-2439
DR0183,Kristine Espinoza,Pediatrics,emily93@example.org,542.461.2083
DR0184,Sandra Baxter,Cardiology,jacqueline20@example.net,001-237-630-6071x75521
DR0185,Mrs. Morgan Garcia,Pediatrics,burnettjennifer@example.com,7293028632
DR0186,Michelle Tucker,Neurology,hrobinson@example.com,+1-653-910-9779
DR0187,Christopher Santana,Neurology,cindy43@example.org,+1-257-494-6939x332
DR0188,Paula Kennedy DVM,Cardiology,sandraperez@example.net,001-749-481-5723x99746
DR0189,Stephen Wilson,Cardiology,cassandra97@example.net,373.843.6761
DR0190,Andre Smith,Neurology,nicolenavarro@example.net,(233)974-7065x704
DR0191,Mark Green,Orthopedics,juliemanning@example.com,476.300.1872
DR0192,Joshua Chen,Orthopedics,christiansteven@example.org,+1-947-287-0172
DR0193,Mark Ryan,Orthopedics,smcdonald@example.org,840-892-6426x576
DR0194,Kathleen Jones,Orthopedics,teresa58@example.com,001-625-811-9214x502
DR0195,Elizabeth Allen,Pediatrics,powellkenneth@example.net,324-351-7369x210
DR0196,David Berger,Orthopedics,marvin84@example.com,+1-212-759-1800x228
DR0197,Ruth Buchanan,Orthopedics,kaufmancrystal@example.org,773-352-7597
DR0198,Lisa Brown,Pediatrics,mcclainphillip@example.net,001-282-536-5041x01523
DR0199,David Petty,Pediatrics,elizabethmolina@example.org,746.406.0382
DR0200,Anna Lee,General,kaylalivingston@example.net,001-654-794-3325x9505
DR0201,Michael Lee,Pediatrics,erika57@example.com,001-916-476-9218
DR0202,Ms. Kerri Middleton PhD,General,philiparmstrong@example.com,936-779-9089
DR0203,Andrea Jones,Pediatrics,elizabeth99@example.org,001-842-787-5319x65341
DR0204,Julie Price,Neurology,robert29@example.net,550.699.8559
DR0205,Anthony Alvarez,Orthopedics,petercampbell@example.net,001-454-494-5991
DR0206,Carlos Gutierrez,Pediatrics,josemccormick@example.org,+1-953-826-0822x7177
DR0207,Stacy Reyes,General,hocarolyn@example.org,+1-205-650-0250
DR0208,Shelia Blackwell,Pediatrics,barkerdanielle@example.com,+1-893-731-4373x7729
DR0209,Andrew Freeman,Neurology,saraskinner@example.net,(520)976-9819x728
DR0210,Emma Carey,Pediatrics,tina05@example.net,(275)865-6739x4341
DR0211,Robert Taylor,Cardiology,laura58@example.org,+1-855-439-8919
DR0212,Melissa Smith,Cardiology,anthonymiller@example.net,6983942094
DR0213,Brian Larson,Orthopedics,kim44@example.org,001-774-811-4999
DR0214,Steven Burke,Orthopedics,gonzalezphilip@example.com,(884)731-2741
DR0215,Matthew Miller,General,kimberlycalhoun@example.org,(468)498-6788
DR0216,Melissa Warren,Cardiology,katherine75@example.org,402.227.1296
DR0217,Rebecca Crane,Pediatrics,lauraholmes@example.net,498-458-1923
DR0218,Rebecca Watson,General,williamsanthony@example.org,(728)785-7105x838
DR0219,Christina Hill,Neurology,gardnerrandall@example.com,608.472.7494
DR0220,Tracy Gomez,General,codyjackson@example.net,549.510.0940
DR0221,Bobby Gilbert,Neurology,gutierrezmichelle@example.net,566.862.9075
DR0222,Andrew Smith MD,Neurology,christina71@example.net,(233)446-1463
DR0223,Jason Williams,Cardiology,yknox@example.net,540.477.3374x8692
DR0224,Richard Grant III,Pediatrics,diazjoanna@example.org,+1-451-311-2475x832
DR0225,Carol Morgan,General,jonesrichard@example.org,402-877-3894
DR0226,Erica Woods,Neurology,elizabethharper@example.org,621.719.3307
DR0227,Amanda Miller,General,amitchell@example.net,(936)931-9546x054
DR0228,Katherine Edwards,General,charlottehill@example.net,(538)234-4486x336
DR0229,Edgar Ellis,General,rgarza@example.org,(957)829-8537
DR0230,Nathan Watkins,Cardiology,larry79@example.com,(680)400-4573x6960
DR0231,Jeffrey Olson,General,osbornecarla@example.org,240-256-8169
DR0232,Timothy Smith,Neurology,stephanie72@example.net,001-979-742-9401x3445
DR0233,Randall Beck,Pediatrics,jorge68@example.org,001-572-743-6206x398
DR0234,Matthew Contreras,Cardiology,mercedes66@example.org,263-284-4313x337
DR0235,Michael Patel,Cardiology,annamcintyre@example.org,292-479-1856
DR0236,Robert Butler,Cardiology,tonya97@example.net,(396)844-3218x632
DR0237,Alex Rogers,General,jennifervaughan@example.org,631.235.6604x03830
DR0238,Victoria Simpson,Neurology,ypeterson@example.net,7938364202
DR0239,Ashley Peterson,Neurology,jaylong@example.net,401.499.3698
DR0240,Daniel Oconnor,General,meganbird@example.com,001-624-421-8241
DR0241,Douglas Mclaughlin,Neurology,coffeysteven@example.net,(568)490-5640x94280
DR0242,Lori Wyatt,General,phillipscarla@example.net,(264)489-9876x494
DR0243,Mary Avery,Neurology,kimberlyvalenzuela@example.org,723-533-1096
DR0244,Jessica Mullen,Neurology,hodgesmarilyn@example.com,776.351.4735x1433
DR0245,David Beasley,Pediatrics,johnsonjenna@example.org,932.854.4971x96781
DR0246,Julie Dunn,Cardiology,millerjulie@example.net,+1-636-487-9623x34408
DR0247,Jordan Taylor,Cardiology,hroberts@example.net,+1-507-384-7011x812
DR0248,Stephanie Kent,General,justingilmore@example.com,001-457-320-8080x02730
DR0249,Jennifer Logan,Neurology,icrawford@example.net,+1-531-958-9560x830
DR0250,Stacey Sanchez,Cardiology,christopher75@example.com,954.304.9262x277
DR0251,Jennifer Smith,General,kevingonzalez@example.com,360-819-3417
DR0252,Sarah Fry,Neurology,kathleenrichardson@example.org,+1-565-609-4726x15898
DR0253,Dana Duran,Pediatrics,joconnell@example.org,7954133050
DR0254,Suzanne Murphy,Orthopedics,waltersmarissa@example.com,287.812.3971x6837
DR0255,Robert Baker,General,jessicamiller@example.com,(818)451-8783x1205
DR0256,Isaac Taylor,Pediatrics,stacy71@example.net,(548)748-5329x92015
DR0257,Steven Green,Neurology,ericmurray@example.com,812.819.3297x5242
DR0258,Robert Ferguson,Cardiology,robert04@example.net,(928)413-0907x192
DR0259,Maria Ramirez,Neurology,fbennett@example.org,001-311-916-8372x76747
DR0260,Aaron Parker,Pediatrics,morgandonald@example.org,4634681664
DR0261,Lisa Harris,Cardiology,vbowman@example.org,(895)627-1487x01273
DR0262,Mary Alexander,Pediatrics,sean18@example.net,+1-271-898-7824x55827
DR0263,Maria Pena,Pediatrics,sullivantiffany@example.org,(757)776-5548
DR0264,Colin Clark,Neurology,kelseyliu@example.org,697.888.9667
DR0265,Brett Wilson,Orthopedics,vasquezcarrie@example.net,856-322-2507x840
DR0266,Megan Franklin,General,brandonmorse@example.net,+1-927-782-1364x51065
DR0267,Vanessa Wilson,Neurology,anthony68@example.com,(946)812-6159
DR0268,Debra Macdonald,General,karen20@example.org,001-319-916-0911x06513
DR0269,Jessica Barrett,Orthopedics,donna24@example.org,(759)971-7595
DR0270,Mr. John Christensen,Cardiology,josepholiver@example.net,001-362-485-1319x7344
DR0271,Timothy Carter,Pediatrics,kristenlopez@example.net,3194012388
DR0272,Matthew Avery,General,orodriguez@example.org,745.911.9602
DR0273,Omar Farmer,Orthopedics,terrymatthew@example.com,752.488.7272x82701
DR0274,Heather Smith,Pediatrics,qmaddox@example.net,7573103915
DR0275,Jennifer Nash,Cardiology,inguyen@example.net,+1-842-846-0262x9165
DR0276,Andrew Caldwell DDS,Cardiology,johnsonfrank@example.com,200.334.6742x8592
DR0277,Ronnie Wilson,Orthopedics,denisemartin@example.com,001-559-581-6262x0161
DR0278,Kristen Thompson,Cardiology,kimdaniel@example.com,253.633.6229x8732
DR0279,Mackenzie Robinson,Cardiology,oglover@example.net,001-368-550-4159x16987
DR0280,Mr. Russell Irwin MD,Neurology,lburgess@example.org,743.209.0286x5752
DR0281,Paula Thomas,General,samuelbates@example.com,965-760-7857
DR0282,Kiara Lee,Neurology,joel74@example.com,(563)658-1131x7051
DR0283,Elizabeth Thomas,Cardiology,alejandrowhite@example.org,523-866-0015
DR0284,Matthew Brown,General,kmccoy@example.net,345.674.1000x0001
DR0285,Derek Mitchell,Cardiology,sara24@example.net,+1-618-594-6182
DR0286,Sara Spencer,Pediatrics,emcgee@example.org,+1-473-207-1693
DR0287,Lori Ramsey,Orthopedics,lori23@example.org,001-871-252-8038x121
DR0288,Lori Hardy,General,kimberlyreyes@example.net,(826)784-9846x3903
DR0289,Brittany Franklin,Neurology,perezstephen@example.net,3924000481
DR0290,Derek Guerrero,Neurology,nclark@example.com,223-551-2035x09030
DR0291,Kimberly Carter,Cardiology,gregory08@example.com,(413)364-0234
DR0292,Cynthia Kelley,Pediatrics,conneramanda@example.com,001-899-915-1227
DR0293,Monica Mclaughlin,General,sean58@example.org,(716)485-6180
DR0294,Barry Rice,Pediatrics,brian04@example.net,(948)641-1506x547
DR0295,Jeffrey Palmer,Neurology,rebecca50@example.com,983-906-2694
DR0296,April Frey,Cardiology,katherine15@example.org,(608)726-2263x50118
DR0297,Thomas Morris,General,richard43@example.net,462-606-4076x644
DR0298,Craig Larson,Orthopedics,tonya72@example.net,(793)697-0996x550
DR0299,Monica Jones,Cardiology,henry15@example.com,001-731-398-8437
DR0300,Stacy Morse,Orthopedics,ebooker@example.org,001-898-513-9496x74184
