productID,productName,category,price,stock
P00001,Benefit,Home,1020.72,67
P00002,Shoulder,Electronics,1814.45,344
P00003,Hand,Beauty,910.15,346
P00004,Lot,Books,1166.56,381
P00005,Each,Toys,1082.2,234
P00006,Deal,Home,253.91,383
P00007,Commercial,Clothing,1751.48,379
P00008,Serious,Electronics,1624.35,405
P00009,Trip,Clothing,905.7,464
P00010,Serious,Electronics,1172.17,294
P00011,Reduce,Clothing,1984.77,470
P00012,Board,Clothing,478.56,284
P00013,National,Beauty,1023.83,491
P00014,Money,Books,512.36,471
P00015,Group,Beauty,977.92,350
P00016,Social,Clothing,1660.29,94
P00017,Daughter,Electronics,969.71,403
P00018,Anything,Home,317.01,30
P00019,Reveal,Beauty,1425.08,204
P00020,Crime,Home,1013.21,217
P00021,Growth,Beauty,369.64,72
P00022,Of,Electronics,785.59,433
P00023,Six,Toys,412.53,260
P00024,Management,Beauty,831.39,208
P00025,See,Books,1776.25,450
P00026,Pm,Electronics,807.43,485
P00027,Between,Toys,343.72,119
P00028,Authority,Home,640.27,226
P00029,East,Toys,404.76,177
P00030,Way,Clothing,1974.76,128
P00031,Within,Home,109.28,32
P00032,Or,Electronics,1799.91,340
P00033,Offer,Home,396.89,385
P00034,Second,Books,1643.9,434
P00035,Firm,Clothing,72.05,416
P00036,Leader,Electronics,692.68,37
P00037,What,Books,711.33,25
P00038,Figure,Clothing,320.51,118
P00039,Time,Clothing,511.25,136
P00040,Whether,Home,528.29,24
P00041,Way,Toys,1056.39,194
P00042,Blue,Electronics,277.24,436
P00043,Memory,Home,1526.1,468
P00044,Street,Clothing,1872.72,212
P00045,Again,Clothing,478.01,367
P00046,Last,Books,1612.98,178
P00047,Together,Clothing,372.5,68
P00048,Always,Clothing,1862.66,470
P00049,Often,Toys,1460.21,104
P00050,Hear,Toys,79.29,272
P00051,Lose,Beauty,540.64,48
P00052,Cost,Clothing,875.72,332
P00053,Cold,Clothing,1407.31,466
P00054,Business,Home,317.15,406
P00055,Staff,Clothing,1278.3,282
P00056,Stuff,Clothing,1253.32,168
P00057,Dog,Electronics,40.02,442
P00058,Language,Books,1383.67,86
P00059,Social,Home,1170.9,476
P00060,Attention,Books,1430.25,148
P00061,Movement,Beauty,163.39,199
P00062,Teacher,Electronics,608.5,49
P00063,Radio,Clothing,1788.23,52
P00064,Score,Electronics,234.57,325
P00065,Know,Books,699.63,303
P00066,Plant,Home,1046.86,83
P00067,Across,Beauty,1366.35,61
P00068,And,Electronics,372.11,30
P00069,Image,Books,204.55,469
P00070,Sometimes,Toys,1784.95,87
P00071,Recently,Home,329.59,284
P00072,Born,Home,1494.21,30
P00073,East,Books,1761.89,172
P00074,Employee,Electronics,1552.6,74
P00075,Development,Clothing,1212.37,355
P00076,Rate,Books,1934.77,252
P00077,Expect,Electronics,1575.21,64
P00078,Good,Beauty,1108.72,393
P00079,We,Toys,393.63,341
P00080,Throw,Electronics,968.14,153
P00081,Exist,Electronics,1547.87,115
P00082,Term,Beauty,1573.16,232
P00083,Send,Clothing,8.33,369
P00084,Race,Home,975.89,248
P00085,Apply,Electronics,1765.23,414
P00086,Successful,Toys,313.56,42
P00087,Understand,Electronics,1627.72,391
P00088,Suggest,Books,1763.8,480
P00089,Dinner,Toys,1921.96,17
P00090,Ability,Toys,448.59,428
P00091,War,Clothing,410.62,362
P00092,Go,Beauty,308.57,271
P00093,Could,Books,275.27,477
P00094,Play,Beauty,287.86,152
P00095,Born,Books,1749.38,3
P00096,Black,Home,122.0,311
P00097,Somebody,Electronics,325.88,238
P00098,Positive,Electronics,16.84,291
P00099,When,Home,428.39,398
P00100,Rich,Beauty,1274.35,232
P00101,Enjoy,Books,1008.67,454
P00102,Little,Clothing,1127.63,228
P00103,Improve,Electronics,172.95,68
P00104,Sell,Toys,405.26,93
P00105,Authority,Home,92.89,168
P00106,Fish,Electronics,821.77,281
P00107,Indeed,Beauty,1455.52,294
P00108,Condition,Clothing,1486.76,199
P00109,Use,Beauty,745.36,16
P00110,Development,Toys,1370.39,52
P00111,This,Electronics,1571.62,227
P00112,Know,Beauty,1630.37,299
P00113,Certainly,Electronics,593.94,321
P00114,Including,Electronics,929.55,261
P00115,Talk,Toys,1267.24,193
P00116,No,Home,693.39,34
P00117,Report,Clothing,1186.29,229
P00118,Woman,Beauty,1813.95,191
P00119,Last,Books,246.9,297
P00120,Future,Beauty,1629.06,382
P00121,Call,Home,1125.11,211
P00122,Full,Books,173.67,179
P00123,Produce,Books,922.68,207
P00124,State,Home,1494.66,70
P00125,Full,Beauty,1860.63,413
P00126,Day,Books,1361.8,155
P00127,Contain,Electronics,352.72,142
P00128,Executive,Books,1948.01,231
P00129,Develop,Toys,334.05,45
P00130,Room,Books,821.35,180
P00131,Look,Home,125.95,70
P00132,Letter,Books,1782.01,390
P00133,Debate,Clothing,1426.74,69
P00134,Guess,Electronics,1803.77,98
P00135,Moment,Electronics,1332.95,254
P00136,Simply,Clothing,308.23,10
P00137,Usually,Books,401.93,253
P00138,Partner,Toys,635.47,388
P00139,Song,Electronics,1188.7,395
P00140,Color,Toys,1500.97,127
P00141,Rise,Books,525.95,373
P00142,Any,Beauty,1224.08,414
P00143,Operation,Home,435.02,89
P00144,Something,Toys,358.57,468
P00145,Not,Clothing,579.94,248
P00146,Different,Electronics,138.33,48
P00147,Especially,Electronics,1594.03,289
P00148,Perhaps,Home,1358.0,383
P00149,Action,Home,1989.53,161
P00150,Must,Toys,254.51,461
P00151,Beat,Toys,1426.58,181
P00152,With,Beauty,686.55,479
P00153,Drive,Beauty,1428.46,294
P00154,Worker,Toys,1968.15,443
P00155,Help,Toys,381.18,193
P00156,Single,Clothing,519.69,141
P00157,Wait,Books,1172.26,468
P00158,Attention,Books,1097.12,138
P00159,Move,Electronics,1442.23,274
P00160,A,Home,193.29,240
P00161,Tend,Toys,1650.04,251
P00162,Doctor,Electronics,1345.76,416
P00163,Near,Home,33.58,49
P00164,Time,Toys,1789.34,71
P00165,Herself,Toys,1522.81,327
P00166,View,Beauty,1025.75,348
P00167,Wish,Books,1871.13,55
P00168,Answer,Home,208.23,274
P00169,Cover,Electronics,1574.66,492
P00170,Under,Toys,939.73,479
P00171,Exactly,Electronics,1548.88,103
P00172,Anything,Toys,1304.75,112
P00173,Admit,Electronics,331.74,119
P00174,Name,Electronics,682.33,8
P00175,Look,Toys,1933.79,466
P00176,Community,Electronics,233.07,406
P00177,Sit,Toys,1376.99,489
P00178,Job,Home,1290.7,9
P00179,Enjoy,Books,82.33,203
P00180,Perform,Electronics,367.94,156
P00181,Foot,Clothing,655.22,0
P00182,Thought,Electronics,1421.83,414
P00183,Reflect,Home,1812.32,489
P00184,Us,Books,1060.48,181
P00185,Program,Beauty,242.9,127
P00186,Us,Home,675.03,480
P00187,Bad,Books,419.26,186
P00188,Anyone,Electronics,486.49,442
P00189,Teach,Clothing,577.01,135
P00190,Not,Toys,912.7,323
P00191,Claim,Home,401.84,415
P00192,Billion,Toys,288.1,141
P00193,Special,Clothing,700.46,137
P00194,World,Toys,1479.56,363
P00195,Design,Clothing,1916.57,165
P00196,Order,Toys,847.67,79
P00197,Deep,Beauty,1914.37,264
P00198,Use,Home,1418.13,189
P00199,Natural,Books,66.01,68
P00200,Morning,Electronics,1888.7,142
P00201,Lead,Home,515.18,218
P00202,True,Toys,520.82,274
P00203,Drive,Beauty,609.89,282
P00204,Positive,Books,1123.31,209
P00205,East,Home,1033.04,32
P00206,Book,Clothing,1881.23,332
P00207,Close,Toys,314.76,249
P00208,Skin,Books,1523.67,107
P00209,Use,Beauty,595.83,151
P00210,Business,Books,393.68,495
P00211,Whole,Electronics,1819.22,96
P00212,Theory,Home,1869.56,302
P00213,Ten,Books,572.86,299
P00214,Home,Beauty,202.77,421
P00215,Cell,Electronics,713.07,425
P00216,Stuff,Books,1731.35,489
P00217,Right,Toys,1251.96,115
P00218,Maybe,Clothing,158.34,318
P00219,Result,Beauty,151.86,187
P00220,Century,Books,194.87,394
P00221,Decade,Beauty,1811.67,355
P00222,Can,Clothing,460.1,131
P00223,Will,Books,1266.9,20
P00224,Which,Clothing,1274.96,156
P00225,News,Electronics,94.68,72
P00226,Result,Toys,503.32,369
P00227,Stay,Beauty,1932.89,492
P00228,Than,Books,1156.48,137
P00229,Hard,Books,437.86,424
P00230,Get,Electronics,1606.47,277
P00231,Nice,Beauty,194.83,452
P00232,Eight,Books,1411.25,114
P00233,Animal,Clothing,1578.22,395
P00234,Along,Beauty,934.49,120
P00235,Grow,Home,387.66,297
P00236,Wide,Clothing,376.95,172
P00237,Fear,Home,1312.09,333
P00238,He,Electronics,1368.04,357
P00239,Economy,Home,908.14,63
P00240,Player,Electronics,1990.86,289
P00241,Expect,Books,1878.94,262
P00242,Half,Toys,1689.92,294
P00243,Piece,Toys,1168.81,163
P00244,Enough,Toys,1894.01,389
P00245,Attack,Beauty,942.91,104
P00246,Because,Electronics,409.16,13
P00247,Scene,Books,856.79,394
P00248,Example,Home,842.52,214
P00249,Member,Home,1516.49,335
P00250,Shake,Electronics,716.57,310
P00251,Nor,Toys,1120.16,379
P00252,Decade,Beauty,566.76,371
P00253,Seek,Toys,102.63,3
P00254,They,Books,359.4,236
P00255,More,Electronics,917.58,40
P00256,Choice,Home,329.69,389
P00257,Wear,Electronics,1982.39,494
P00258,Alone,Clothing,473.06,252
P00259,Which,Home,1245.77,33
P00260,Second,Toys,260.71,40
P00261,Quality,Clothing,518.55,218
P00262,Entire,Toys,1024.38,277
P00263,Visit,Books,1129.73,376
P00264,Civil,Home,38.36,203
P00265,Budget,Clothing,1493.25,435
P00266,Increase,Home,486.33,262
P00267,Share,Books,1890.02,375
P00268,Account,Home,1367.36,123
P00269,Option,Clothing,361.92,203
P00270,Eat,Home,1535.67,275
P00271,Raise,Electronics,206.94,84
P00272,Show,Electronics,1421.8,309
P00273,Score,Books,1306.44,61
P00274,Focus,Toys,1032.02,113
P00275,Can,Books,1274.69,103
P00276,Might,Clothing,1429.26,146
P00277,Toward,Home,669.88,12
P00278,Huge,Electronics,577.35,163
P00279,Style,Clothing,171.69,325
P00280,Employee,Electronics,197.03,257
P00281,Event,Toys,910.77,98
P00282,Page,Electronics,226.4,37
P00283,Special,Home,702.32,59
P00284,Field,Toys,1326.65,36
P00285,Hundred,Books,1038.25,328
P00286,Tend,Clothing,431.5,103
P00287,Move,Beauty,1445.56,1
P00288,Poor,Electronics,298.49,27
P00289,Door,Home,1962.2,199
P00290,It,Clothing,312.98,456
P00291,Stay,Toys,1081.54,208
P00292,Medical,Toys,1946.04,223
P00293,Model,Books,71.4,124
P00294,Shoulder,Toys,269.53,211
P00295,System,Electronics,684.15,328
P00296,Edge,Home,171.13,378
P00297,Read,Books,1182.43,243
P00298,Interview,Home,40.15,305
P00299,Simple,Home,361.93,440
P00300,Church,Home,86.67,400
P00301,Whatever,Electronics,1610.55,324
P00302,Candidate,Electronics,1536.02,19
P00303,Early,Clothing,1098.78,99
P00304,Election,Books,670.8,495
P00305,Result,Books,660.96,304
P00306,Pick,Electronics,1869.0,137
P00307,Very,Clothing,1462.64,462
P00308,Put,Books,813.67,356
P00309,Street,Beauty,1384.82,390
P00310,Learn,Beauty,880.07,486
P00311,Increase,Clothing,560.11,467
P00312,Three,Clothing,82.0,194
P00313,Alone,Clothing,301.32,148
P00314,Operation,Clothing,430.71,149
P00315,Business,Home,1328.08,70
P00316,Assume,Beauty,1772.52,199
P00317,Bed,Books,651.21,321
P00318,Prove,Clothing,1483.67,57
P00319,Artist,Clothing,877.52,90
P00320,History,Books,1174.75,160
P00321,Grow,Books,1692.52,169
P00322,If,Beauty,298.3,417
P00323,Grow,Clothing,1864.72,268
P00324,Itself,Clothing,345.19,203
P00325,Her,Electronics,1194.13,349
P00326,Southern,Books,20.52,398
P00327,Not,Toys,1717.94,420
P00328,Develop,Books,1230.39,103
P00329,Behavior,Toys,588.25,420
P00330,Represent,Books,36.17,421
P00331,Thus,Home,1710.58,58
P00332,Note,Electronics,959.65,114
P00333,Involve,Toys,292.86,358
P00334,Staff,Beauty,1933.07,25
P00335,Word,Home,246.51,107
P00336,Recognize,Home,1541.06,17
P00337,Lot,Home,1998.98,491
P00338,Lead,Books,1281.36,429
P00339,East,Clothing,323.54,264
P00340,Star,Electronics,1349.33,353
P00341,Stock,Home,709.56,14
P00342,Identify,Clothing,1799.31,58
P00343,Leader,Clothing,666.64,140
P00344,Several,Toys,490.62,137
P00345,Here,Toys,1702.02,450
P00346,Citizen,Clothing,1113.77,295
P00347,Four,Electronics,368.69,98
P00348,Husband,Home,968.01,464
P00349,Personal,Books,316.12,8
P00350,Exist,Home,1412.37,429
P00351,On,Books,716.91,207
P00352,Direction,Electronics,1442.11,254
P00353,Order,Home,1209.43,211
P00354,Fast,Home,489.72,72
P00355,Rich,Electronics,752.89,219
P00356,City,Home,1013.6,57
P00357,Audience,Home,342.44,337
P00358,Floor,Electronics,261.62,236
P00359,Citizen,Beauty,1769.78,115
P00360,Cell,Toys,765.81,76
P00361,Whether,Clothing,1236.35,413
P00362,Space,Electronics,1726.48,316
P00363,Teacher,Clothing,76.62,144
P00364,Mr,Beauty,95.3,134
P00365,Else,Home,1156.82,85
P00366,Institution,Beauty,1186.88,235
P00367,He,Clothing,1736.96,411
P00368,Sometimes,Home,1128.01,287
P00369,Number,Home,1967.93,282
P00370,Stand,Clothing,195.65,487
P00371,New,Electronics,1993.54,383
P00372,Girl,Beauty,1990.08,269
P00373,Best,Books,413.07,286
P00374,Mouth,Clothing,156.63,187
P00375,Sign,Electronics,1284.12,303
P00376,Commercial,Beauty,493.57,486
P00377,Mean,Clothing,1822.74,329
P00378,Stock,Books,1964.69,322
P00379,Suddenly,Electronics,1038.44,283
P00380,So,Beauty,1557.87,472
P00381,Word,Home,1011.67,256
P00382,Far,Toys,497.79,484
P00383,Continue,Toys,1793.83,56
P00384,Including,Toys,1831.82,491
P00385,Parent,Clothing,1495.53,440
P00386,Someone,Toys,1499.82,28
P00387,Hope,Beauty,1312.48,158
P00388,People,Electronics,1928.76,239
P00389,Town,Clothing,141.16,183
P00390,Understand,Beauty,1537.03,17
P00391,Opportunity,Electronics,611.49,473
P00392,Design,Electronics,172.14,64
P00393,My,Electronics,681.43,223
P00394,Avoid,Home,98.53,178
P00395,Teacher,Electronics,1192.3,208
P00396,Probably,Books,1907.49,353
P00397,Away,Electronics,97.03,440
P00398,Start,Clothing,1211.44,224
P00399,Happy,Toys,1827.68,280
P00400,Important,Home,233.25,362
P00401,For,Home,32.99,345
P00402,Now,Clothing,1956.38,491
P00403,Performance,Toys,957.64,321
P00404,Machine,Clothing,1140.93,496
P00405,Call,Electronics,257.17,405
P00406,Sound,Home,582.3,125
P00407,Because,Beauty,1863.37,271
P00408,Affect,Toys,829.41,49
P00409,Knowledge,Home,1272.03,268
P00410,Institution,Toys,1274.27,143
P00411,Book,Books,1441.91,289
P00412,News,Beauty,1990.4,374
P00413,Team,Home,499.23,275
P00414,Goal,Electronics,1744.16,60
P00415,Police,Electronics,988.9,325
P00416,Probably,Toys,1030.51,298
P00417,Game,Beauty,867.33,151
P00418,International,Electronics,546.14,135
P00419,Chance,Books,741.35,173
P00420,Realize,Beauty,997.33,136
P00421,Fact,Electronics,1527.05,227
P00422,Mind,Beauty,1085.83,410
P00423,Strong,Home,909.26,239
P00424,Husband,Clothing,1917.32,118
P00425,Democrat,Home,616.0,380
P00426,During,Beauty,160.97,379
P00427,Base,Books,941.41,176
P00428,Part,Toys,527.27,85
P00429,Life,Clothing,1893.94,113
P00430,Market,Clothing,1865.56,245
P00431,North,Toys,838.89,70
P00432,Participant,Electronics,842.92,173
P00433,Keep,Beauty,1748.49,277
P00434,Court,Toys,418.26,50
P00435,Security,Toys,1552.44,5
P00436,Shake,Toys,193.58,312
P00437,Increase,Books,319.49,198
P00438,Consumer,Beauty,1734.65,302
P00439,Finally,Clothing,199.55,312
P00440,Too,Books,1773.78,276
P00441,Stop,Books,1482.64,432
P00442,Than,Electronics,1927.51,177
P00443,From,Toys,1832.18,480
P00444,Responsibility,Beauty,755.97,62
P00445,Source,Home,547.48,276
P00446,Statement,Electronics,1563.63,378
P00447,Commercial,Electronics,1872.8,349
P00448,Relationship,Books,855.2,364
P00449,Rich,Clothing,1425.99,66
P00450,Together,Electronics,705.59,278
P00451,Class,Home,521.61,212
P00452,President,Clothing,509.0,299
P00453,Energy,Toys,1446.61,235
P00454,Even,Toys,1915.19,251
P00455,Us,Home,1469.67,347
P00456,Machine,Toys,615.56,314
P00457,Fly,Beauty,1126.04,415
P00458,Yet,Books,959.8,400
P00459,Mrs,Clothing,616.25,448
P00460,Collection,Home,83.78,89
P00461,Even,Books,1204.12,202
P00462,Art,Home,406.34,426
P00463,Design,Clothing,630.07,10
P00464,Recognize,Electronics,80.9,245
P00465,Show,Toys,966.57,356
P00466,Your,Clothing,803.22,430
P00467,Somebody,Clothing,1825.52,271
P00468,Nice,Beauty,1531.18,287
P00469,Fear,Beauty,1404.96,265
P00470,Much,Beauty,1566.8,27
P00471,Maintain,Beauty,1591.22,185
P00472,Administration,Electronics,422.89,163
P00473,Large,Electronics,729.37,23
P00474,Relate,Clothing,723.61,86
P00475,Range,Clothing,621.5,113
P00476,Save,Home,558.96,404
P00477,Foot,Clothing,1383.15,488
P00478,Base,Toys,1443.88,112
P00479,Science,Home,755.63,314
P00480,Recent,Books,879.91,133
P00481,Base,Toys,929.17,443
P00482,New,Clothing,286.42,43
P00483,Congress,Clothing,981.64,14
P00484,Though,Books,719.95,62
P00485,Become,Electronics,767.4,145
P00486,Contain,Beauty,1758.42,257
P00487,Shoulder,Beauty,1941.86,204
P00488,May,Home,1432.44,246
P00489,Many,Toys,1478.7,344
P00490,Light,Toys,1746.28,459
P00491,Try,Toys,350.29,189
P00492,Drug,Home,543.3,249
P00493,Late,Clothing,194.84,179
P00494,Others,Clothing,257.04,383
P00495,Particular,Toys,1138.36,79
P00496,But,Home,1719.24,31
P00497,Hospital,Books,1564.37,96
P00498,Cup,Beauty,1722.45,23
P00499,Interview,Clothing,113.16,124
P00500,Ever,Clothing,1770.6,157
P00501,Chair,Beauty,995.54,315
P00502,Street,Clothing,1823.37,351
P00503,Look,Electronics,1149.93,312
P00504,Black,Books,1549.24,396
P00505,Indicate,Clothing,1986.48,352
P00506,Continue,Electronics,1390.55,306
P00507,Inside,Toys,1892.33,120
P00508,Coach,Books,870.18,196
P00509,Standard,Clothing,1932.1,293
P00510,Tend,Electronics,315.48,264
P00511,Newspaper,Clothing,766.27,272
P00512,Partner,Books,70.21,72
P00513,Check,Toys,1290.63,399
P00514,Cell,Books,1460.06,478
P00515,Yourself,Home,1729.26,56
P00516,Always,Electronics,316.08,188
P00517,Great,Clothing,1221.13,468
P00518,Itself,Clothing,222.51,418
P00519,Action,Electronics,399.27,423
P00520,Cultural,Electronics,645.74,67
P00521,Professional,Books,1731.78,289
P00522,Hit,Clothing,652.82,156
P00523,Measure,Electronics,1901.32,255
P00524,Term,Books,1001.15,163
P00525,Film,Home,435.33,61
P00526,Several,Toys,716.57,306
P00527,Already,Clothing,1264.89,101
P00528,Hundred,Toys,23.13,400
P00529,Just,Home,1253.66,133
P00530,First,Clothing,1358.29,290
P00531,Indicate,Toys,1057.58,115
P00532,Reach,Clothing,43.81,115
P00533,Thousand,Toys,672.94,206
P00534,Then,Clothing,1796.93,275
P00535,Certain,Books,417.49,128
P00536,Off,Electronics,29.87,51
P00537,Team,Electronics,1951.23,118
P00538,Civil,Toys,130.02,27
P00539,Magazine,Home,546.38,343
P00540,Defense,Clothing,808.11,110
P00541,Later,Clothing,936.28,419
P00542,Statement,Toys,666.73,412
P00543,He,Electronics,962.99,7
P00544,Detail,Beauty,1609.13,161
P00545,Score,Clothing,1720.13,409
P00546,Fall,Beauty,875.45,423
P00547,Popular,Electronics,1855.96,486
P00548,Art,Clothing,1825.91,202
P00549,Argue,Clothing,1121.72,294
P00550,Charge,Books,592.43,303
P00551,Might,Toys,1938.97,269
P00552,Identify,Books,1226.59,453
P00553,Hold,Beauty,191.95,142
P00554,Able,Books,1168.87,160
P00555,Traditional,Books,1707.78,176
P00556,Bill,Toys,1388.18,416
P00557,Model,Books,219.95,482
P00558,First,Electronics,1120.64,458
P00559,Seat,Home,194.4,194
P00560,Million,Toys,874.8,461
P00561,Past,Home,1348.61,212
P00562,More,Home,1884.57,416
P00563,Fight,Beauty,1716.67,60
P00564,Look,Beauty,1423.66,19
P00565,Relationship,Toys,1316.18,362
P00566,Trip,Clothing,210.62,288
P00567,Traditional,Books,1257.3,68
P00568,Respond,Books,762.69,295
P00569,Easy,Beauty,1468.04,204
P00570,Ball,Books,442.63,396
P00571,Person,Clothing,1779.99,39
P00572,Art,Electronics,1287.75,425
P00573,Can,Home,1956.73,357
P00574,Picture,Electronics,1294.24,392
P00575,Detail,Home,132.91,259
P00576,Identify,Clothing,1876.9,244
P00577,Region,Books,1674.2,421
P00578,Finish,Books,1389.56,9
P00579,Pretty,Home,57.44,200
P00580,Story,Beauty,824.13,0
P00581,Blue,Clothing,1909.27,56
P00582,Along,Home,849.98,449
P00583,Color,Electronics,665.71,105
P00584,Turn,Beauty,1770.02,284
P00585,Side,Books,1810.14,374
P00586,Law,Home,1714.13,190
P00587,Ground,Books,1241.91,75
P00588,Air,Beauty,1822.31,346
P00589,West,Electronics,1693.38,123
P00590,Finally,Home,528.9,381
P00591,Next,Clothing,1100.55,109
P00592,Several,Home,1569.7,58
P00593,First,Electronics,756.05,458
P00594,Second,Books,1679.69,297
P00595,Laugh,Toys,1375.82,492
P00596,Me,Clothing,249.58,380
P00597,Music,Electronics,1952.76,90
P00598,Character,Books,366.37,393
P00599,Increase,Books,1222.98,312
P00600,He,Books,1728.82,408
P00601,Least,Home,1219.32,165
P00602,Worry,Beauty,1080.22,355
P00603,Difficult,Home,125.3,228
P00604,Commercial,Electronics,879.35,310
P00605,Move,Beauty,1687.7,109
P00606,Serious,Books,421.45,359
P00607,Best,Beauty,1294.01,211
P00608,Own,Clothing,363.98,331
P00609,Fast,Toys,798.46,52
P00610,Cut,Toys,811.02,289
P00611,Woman,Books,1945.41,351
P00612,Development,Beauty,1753.09,50
P00613,Arm,Clothing,1408.88,237
P00614,Interest,Electronics,1845.47,454
P00615,Threat,Beauty,1844.07,343
P00616,Respond,Books,108.69,192
P00617,Front,Home,684.55,404
P00618,Cut,Beauty,1870.9,394
P00619,Central,Beauty,334.77,347
P00620,Partner,Books,1308.28,20
P00621,Store,Electronics,481.65,45
P00622,Free,Clothing,1136.63,465
P00623,Behavior,Toys,630.98,136
P00624,Resource,Books,171.86,328
P00625,Anything,Clothing,616.66,108
P00626,Without,Toys,381.73,329
P00627,Story,Toys,495.53,437
P00628,Enjoy,Toys,1798.59,117
P00629,Special,Beauty,688.43,42
P00630,Material,Home,252.7,62
P00631,Pressure,Clothing,1657.02,194
P00632,Truth,Home,1570.89,100
P00633,Any,Beauty,970.96,64
P00634,Study,Electronics,1470.63,174
P00635,Leave,Clothing,1094.1,273
P00636,Foreign,Toys,1605.47,317
P00637,Production,Beauty,1278.61,233
P00638,Part,Electronics,857.52,157
P00639,Move,Beauty,273.27,492
P00640,Country,Home,1754.28,110
P00641,Such,Electronics,337.98,41
P00642,Experience,Electronics,1914.0,41
P00643,Land,Beauty,1690.11,152
P00644,Various,Home,1607.04,240
P00645,Official,Electronics,1754.18,223
P00646,Life,Electronics,1339.41,176
P00647,Owner,Clothing,389.37,500
P00648,Pick,Electronics,1545.84,484
P00649,Economic,Books,1265.71,161
P00650,Fall,Electronics,541.74,14
P00651,Become,Electronics,175.77,161
P00652,Mention,Beauty,1662.47,241
P00653,Wait,Home,1261.28,336
P00654,Activity,Electronics,93.87,117
P00655,Establish,Clothing,1806.94,224
P00656,Bank,Home,1189.31,494
P00657,Themselves,Toys,1844.89,2
P00658,Because,Books,1533.17,98
P00659,Project,Electronics,1350.3,107
P00660,Individual,Clothing,1088.47,372
P00661,Goal,Beauty,98.61,145
P00662,Tv,Beauty,1618.06,365
P00663,Purpose,Electronics,1555.52,86
P00664,Cold,Electronics,354.91,181
P00665,Mother,Books,703.83,22
P00666,Sometimes,Books,1094.62,467
P00667,Sense,Electronics,407.51,287
P00668,Anyone,Home,1735.88,138
P00669,Detail,Clothing,184.97,470
P00670,Agent,Home,1652.0,104
P00671,Manage,Beauty,1493.94,404
P00672,Including,Toys,1358.38,427
P00673,Central,Home,1506.79,78
P00674,Certainly,Clothing,325.19,125
P00675,Win,Clothing,740.01,367
P00676,Ready,Home,1563.92,111
P00677,Herself,Clothing,918.08,423
P00678,Itself,Books,933.94,487
P00679,Help,Electronics,1551.67,128
P00680,Voice,Books,419.88,370
P00681,Lead,Electronics,1363.69,498
P00682,Once,Toys,586.0,258
P00683,Together,Books,1606.43,68
P00684,Magazine,Home,1616.93,139
P00685,Heart,Clothing,1626.04,327
P00686,Camera,Home,1869.09,385
P00687,Sing,Clothing,697.05,375
P00688,Feel,Books,671.2,33
P00689,Your,Clothing,693.81,334
P00690,Yard,Books,692.94,489
P00691,Condition,Books,401.53,51
P00692,Push,Books,368.81,437
P00693,Newspaper,Home,1711.93,408
P00694,Raise,Books,88.1,172
P00695,Pretty,Home,1686.1,243
P00696,Also,Beauty,1504.1,116
P00697,Reflect,Toys,843.38,114
P00698,Partner,Home,1972.12,183
P00699,Present,Beauty,1814.45,28
P00700,Other,Beauty,816.72,25
P00701,Visit,Books,948.44,467
P00702,Goal,Electronics,405.57,441
P00703,Public,Home,1989.06,9
P00704,Whole,Toys,1636.31,91
P00705,Perhaps,Electronics,1447.42,47
P00706,Require,Home,1418.16,398
P00707,Prove,Beauty,794.33,340
P00708,Property,Electronics,1987.73,164
P00709,Wife,Toys,1886.33,382
P00710,Buy,Books,1140.35,498
P00711,Nothing,Electronics,399.02,287
P00712,Rather,Beauty,1703.18,376
P00713,Tend,Electronics,164.97,451
P00714,Me,Electronics,1282.48,379
P00715,Center,Books,1116.48,186
P00716,Fear,Toys,1029.16,276
P00717,Pressure,Books,433.89,53
P00718,Article,Clothing,863.0,453
P00719,In,Books,1371.4,95
P00720,Trip,Books,358.3,239
P00721,Morning,Home,555.54,91
P00722,Employee,Clothing,24.79,357
P00723,Relate,Books,1895.25,456
P00724,Skin,Books,418.71,274
P00725,Mother,Beauty,1094.99,471
P00726,Medical,Toys,1178.14,486
P00727,Wall,Electronics,1292.93,162
P00728,Time,Beauty,1452.23,224
P00729,Include,Electronics,1749.96,152
P00730,Effort,Beauty,1240.5,202
P00731,Body,Home,183.82,24
P00732,Let,Electronics,711.86,296
P00733,Whom,Clothing,521.94,179
P00734,Program,Home,1320.45,229
P00735,Area,Electronics,801.77,320
P00736,Investment,Books,1553.31,320
P00737,Return,Books,1792.08,132
P00738,Five,Beauty,1870.2,234
P00739,Watch,Books,1684.08,279
P00740,Necessary,Clothing,1642.54,328
P00741,Mind,Clothing,137.36,343
P00742,Her,Toys,1430.03,232
P00743,Often,Beauty,1682.55,106
P00744,Eight,Toys,1361.5,262
P00745,Main,Electronics,1967.74,292
P00746,Theory,Beauty,1875.64,336
P00747,Sit,Toys,450.52,356
P00748,Instead,Toys,606.57,125
P00749,Physical,Home,378.21,12
P00750,Simply,Clothing,375.97,432
P00751,Hospital,Toys,1727.22,54
P00752,Learn,Books,1066.06,432
P00753,Want,Books,1590.49,18
P00754,Stuff,Electronics,245.12,203
P00755,You,Books,338.15,484
P00756,Sell,Books,669.48,398
P00757,American,Toys,590.32,424
P00758,Building,Electronics,703.72,7
P00759,Single,Beauty,1802.79,213
P00760,Father,Clothing,1088.37,443
P00761,Set,Toys,1461.01,220
P00762,Never,Electronics,705.32,54
P00763,Pick,Electronics,1745.18,442
P00764,Of,Toys,713.54,105
P00765,Week,Electronics,243.92,218
P00766,Hot,Toys,347.13,477
P00767,Baby,Home,1447.35,63
P00768,Maybe,Beauty,1390.65,216
P00769,Purpose,Clothing,1996.45,192
P00770,Staff,Beauty,1737.6,51
P00771,Member,Electronics,240.25,180
P00772,Scientist,Books,1467.77,369
P00773,Plan,Clothing,1407.29,474
P00774,Race,Toys,88.87,334
P00775,Candidate,Clothing,251.19,187
P00776,Low,Electronics,1732.17,360
P00777,Pick,Clothing,679.42,352
P00778,Agreement,Home,1845.45,84
P00779,Behavior,Toys,759.39,490
P00780,President,Electronics,406.49,75
P00781,Station,Home,681.01,433
P00782,I,Clothing,1284.76,279
P00783,Fight,Electronics,1882.65,293
P00784,Professor,Home,1324.61,399
P00785,Rise,Toys,1131.28,104
P00786,Point,Clothing,5.58,306
P00787,How,Beauty,127.97,219
P00788,Green,Electronics,247.26,81
P00789,Themselves,Books,812.82,287
P00790,Bit,Toys,1786.84,11
P00791,Turn,Toys,555.37,179
P00792,Story,Toys,25.84,466
P00793,Poor,Books,58.0,307
P00794,Something,Books,529.3,195
P00795,Garden,Electronics,88.15,272
P00796,Population,Beauty,987.12,73
P00797,Of,Beauty,1120.92,490
P00798,East,Electronics,1260.16,269
P00799,Ever,Toys,492.82,485
P00800,Senior,Toys,1061.76,377
P00801,Chair,Books,1475.6,266
P00802,Member,Clothing,1801.67,476
P00803,Floor,Toys,34.45,254
P00804,Course,Beauty,1635.87,410
P00805,I,Clothing,878.32,479
P00806,Reveal,Electronics,1154.36,132
P00807,Anyone,Toys,867.65,28
P00808,Visit,Clothing,1633.1,464
P00809,Campaign,Books,114.57,348
P00810,Beat,Beauty,463.86,15
P00811,Accept,Toys,1379.79,430
P00812,Actually,Clothing,1337.47,283
P00813,Ask,Home,1920.81,112
P00814,Ability,Clothing,85.11,431
P00815,Several,Home,111.39,63
P00816,Toward,Beauty,380.25,288
P00817,Trial,Books,307.35,236
P00818,Fear,Electronics,950.82,151
P00819,Identify,Books,1044.19,441
P00820,Local,Home,54.31,30
P00821,Seek,Clothing,653.85,261
P00822,Year,Toys,215.91,123
P00823,During,Books,676.71,253
P00824,Sure,Home,799.11,224
P00825,A,Electronics,50.35,422
P00826,Choose,Books,1638.28,459
P00827,Might,Home,1198.41,291
P00828,Rule,Books,1748.76,440
P00829,Every,Home,426.25,72
P00830,Any,Books,1389.65,436
P00831,Common,Beauty,1396.81,124
P00832,Child,Electronics,1273.84,107
P00833,Model,Beauty,1399.74,177
P00834,Health,Clothing,265.38,423
P00835,Young,Toys,969.63,494
P00836,Tax,Books,725.1,446
P00837,Standard,Clothing,339.34,169
P00838,Cell,Home,871.32,206
P00839,Resource,Beauty,370.23,69
P00840,Keep,Electronics,1196.8,486
P00841,Smile,Toys,372.05,277
P00842,Debate,Electronics,1105.88,403
P00843,Wear,Books,1019.07,184
P00844,Too,Electronics,1071.58,144
P00845,Policy,Electronics,662.15,13
P00846,Large,Books,17.66,222
P00847,Story,Books,87.55,195
P00848,During,Electronics,252.29,203
P00849,Least,Books,622.0,224
P00850,That,Beauty,1827.89,324
P00851,Doctor,Electronics,1043.32,326
P00852,Production,Toys,1792.72,150
P00853,Second,Beauty,338.59,91
P00854,Employee,Home,66.23,73
P00855,Civil,Toys,754.8,256
P00856,According,Toys,930.2,366
P00857,Protect,Beauty,442.35,305
P00858,Road,Books,1199.19,249
P00859,House,Toys,1394.62,166
P00860,Theory,Toys,1207.4,49
P00861,Back,Beauty,1478.16,205
P00862,Imagine,Books,619.04,74
P00863,Car,Books,1494.55,18
P00864,Relate,Beauty,945.12,204
P00865,Turn,Clothing,1195.7,427
P00866,Yes,Electronics,1261.2,482
P00867,Far,Clothing,1959.96,268
P00868,Book,Beauty,1145.93,266
P00869,Step,Beauty,92.64,453
P00870,Little,Home,1451.17,137
P00871,Knowledge,Home,1642.26,55
P00872,What,Toys,1804.22,153
P00873,Movement,Home,774.63,35
P00874,About,Toys,144.87,262
P00875,Investment,Home,1191.36,311
P00876,Late,Beauty,714.46,147
P00877,History,Home,137.41,285
P00878,American,Beauty,755.31,230
P00879,Condition,Toys,540.51,93
P00880,New,Toys,856.81,299
P00881,Together,Electronics,1138.08,480
P00882,Agree,Toys,1529.25,0
P00883,Write,Clothing,1658.49,339
P00884,Single,Beauty,1758.03,205
P00885,Move,Clothing,1817.28,498
P00886,Only,Clothing,714.8,29
P00887,Guess,Home,1503.58,5
P00888,Able,Beauty,142.12,422
P00889,Reflect,Electronics,1822.91,406
P00890,Health,Toys,1660.84,90
P00891,Small,Electronics,868.24,459
P00892,Town,Beauty,197.7,265
P00893,Understand,Books,1296.65,287
P00894,Claim,Home,1589.07,312
P00895,Provide,Beauty,77.68,289
P00896,Buy,Toys,1582.82,369
P00897,Yet,Beauty,1745.75,269
P00898,Around,Books,723.72,260
P00899,Born,Home,1820.31,498
P00900,Form,Beauty,836.4,260
P00901,Local,Electronics,99.2,126
P00902,Per,Clothing,480.54,388
P00903,Report,Toys,1939.47,142
P00904,Especially,Books,775.59,175
P00905,Year,Home,1856.97,355
P00906,Admit,Electronics,280.18,343
P00907,Whole,Electronics,1689.93,360
P00908,Assume,Clothing,640.76,334
P00909,Mouth,Books,543.8,460
P00910,Night,Books,690.31,73
P00911,Who,Toys,597.43,18
P00912,One,Clothing,184.57,312
P00913,Red,Clothing,41.36,260
P00914,Administration,Home,687.8,418
P00915,Small,Electronics,1372.05,162
P00916,Role,Toys,580.26,241
P00917,Thousand,Home,813.69,423
P00918,Past,Toys,1428.27,366
P00919,Else,Toys,1179.59,423
P00920,Thus,Home,373.41,326
P00921,Those,Clothing,1228.02,345
P00922,Bar,Beauty,1615.1,123
P00923,Administration,Books,1407.99,212
P00924,Although,Beauty,1820.83,353
P00925,Center,Electronics,1529.92,204
P00926,Tell,Beauty,1963.78,359
P00927,Move,Toys,84.98,205
P00928,Better,Toys,820.43,476
P00929,Long,Toys,1250.73,15
P00930,Full,Toys,1047.38,471
P00931,Well,Toys,311.26,492
P00932,What,Electronics,251.06,109
P00933,Beat,Toys,853.98,86
P00934,Month,Home,623.12,39
P00935,Organization,Beauty,586.37,122
P00936,Understand,Books,568.68,170
P00937,Value,Toys,1864.5,202
P00938,Trouble,Toys,1551.01,388
P00939,Itself,Home,1389.09,54
P00940,Simply,Books,162.55,385
P00941,Value,Toys,1315.52,146
P00942,Sea,Home,686.7,408
P00943,Sing,Clothing,1408.2,85
P00944,Sometimes,Books,1249.02,339
P00945,Beat,Books,200.96,373
P00946,Maybe,Books,1791.99,369
P00947,Growth,Beauty,626.15,325
P00948,Financial,Beauty,1627.16,229
P00949,Firm,Beauty,1109.86,288
P00950,News,Books,1987.71,476
P00951,Medical,Beauty,1626.53,398
P00952,Participant,Electronics,1871.07,334
P00953,Treat,Toys,1819.48,114
P00954,Appear,Home,1343.98,495
P00955,Kitchen,Beauty,146.23,415
P00956,Explain,Electronics,131.79,235
P00957,Wish,Electronics,822.79,109
P00958,Ability,Clothing,1519.21,244
P00959,Particularly,Clothing,1991.07,276
P00960,By,Clothing,675.05,279
P00961,Factor,Clothing,421.16,62
P00962,Bad,Books,1233.25,231
P00963,Type,Beauty,380.76,416
P00964,National,Books,725.78,12
P00965,Respond,Toys,1288.39,137
P00966,Often,Books,687.35,104
P00967,Of,Beauty,416.34,445
P00968,Face,Clothing,429.83,51
P00969,Against,Beauty,1242.82,471
P00970,Million,Electronics,1428.97,347
P00971,Continue,Electronics,658.31,297
P00972,Young,Home,1694.06,455
P00973,Or,Books,615.73,55
P00974,Weight,Clothing,519.27,423
P00975,Yard,Toys,1573.62,110
P00976,Sometimes,Books,1963.84,246
P00977,Agent,Electronics,595.37,64
P00978,Dark,Clothing,304.79,423
P00979,Seem,Home,453.77,319
P00980,Local,Beauty,311.79,109
P00981,Foot,Toys,635.92,24
P00982,Than,Electronics,546.98,23
P00983,Floor,Books,277.08,463
P00984,Choose,Clothing,1067.21,248
P00985,Prevent,Toys,1431.04,340
P00986,Themselves,Toys,1777.72,495
P00987,Poor,Toys,196.51,124
P00988,Star,Clothing,296.86,125
P00989,Meet,Toys,1522.96,65
P00990,Senior,Beauty,93.53,345
P00991,Wish,Clothing,435.54,175
P00992,Among,Electronics,523.51,185
P00993,Structure,Beauty,1921.4,22
P00994,Think,Home,755.18,58
P00995,Choose,Electronics,1767.91,310
P00996,Expert,Books,1266.48,218
P00997,Join,Home,252.77,51
P00998,Administration,Clothing,279.22,407
P00999,Least,Books,840.96,38
P01000,Work,Electronics,1981.75,116
P01001,Condition,Books,1364.14,234
P01002,Second,Beauty,249.85,66
P01003,Size,Books,1770.94,332
P01004,Address,Home,202.26,495
P01005,Good,Clothing,1658.76,123
P01006,One,Beauty,1329.47,300
P01007,Work,Beauty,1711.42,219
P01008,They,Clothing,898.41,245
P01009,Voice,Toys,287.15,416
P01010,White,Books,1323.69,301
P01011,Certain,Clothing,16.35,295
P01012,Happen,Home,730.22,391
P01013,Top,Books,1464.95,366
P01014,Culture,Beauty,121.96,13
P01015,Reason,Beauty,136.46,16
P01016,Best,Toys,429.56,436
P01017,Most,Books,611.97,321
P01018,Necessary,Electronics,1535.68,147
P01019,At,Electronics,1961.46,145
P01020,Realize,Home,980.46,52
P01021,Like,Clothing,1284.84,377
P01022,Decision,Home,814.82,214
P01023,Shake,Beauty,55.32,124
P01024,Cost,Home,1630.96,398
P01025,Movie,Beauty,558.24,152
P01026,Last,Beauty,1307.23,224
P01027,Social,Home,576.75,333
P01028,Air,Books,1317.32,482
P01029,Study,Books,1917.91,124
P01030,Form,Clothing,95.13,407
P01031,Red,Beauty,1567.91,481
P01032,Thank,Beauty,199.63,78
P01033,Election,Clothing,769.68,153
P01034,House,Beauty,1437.07,405
P01035,Hear,Beauty,57.87,382
P01036,Person,Electronics,466.33,182
P01037,Reduce,Electronics,145.87,138
P01038,Century,Electronics,1068.96,45
P01039,Consider,Clothing,1802.61,483
P01040,Drive,Electronics,1485.74,176
P01041,Agreement,Home,728.03,128
P01042,Old,Books,293.01,297
P01043,Trip,Books,1866.25,474
P01044,Full,Books,842.01,478
P01045,Method,Clothing,514.41,17
P01046,Every,Electronics,1506.47,78
P01047,Clearly,Books,840.25,350
P01048,Late,Beauty,41.7,155
P01049,Into,Home,1746.19,321
P01050,Rate,Clothing,624.75,292
P01051,Kind,Books,295.52,181
P01052,Relate,Clothing,468.63,238
P01053,Line,Books,1218.72,292
P01054,Billion,Books,94.57,73
P01055,Operation,Electronics,1825.18,29
P01056,Action,Toys,1012.67,445
P01057,Huge,Books,887.09,244
P01058,Lay,Electronics,1899.49,42
P01059,Could,Electronics,1913.7,28
P01060,Oil,Electronics,835.25,211
P01061,Push,Clothing,1975.37,372
P01062,Character,Clothing,552.48,170
P01063,Reduce,Beauty,1513.88,491
P01064,Camera,Clothing,1161.98,72
P01065,Fill,Clothing,80.04,126
P01066,Difference,Beauty,982.47,306
P01067,Free,Books,1113.32,123
P01068,Bit,Clothing,536.02,96
P01069,Language,Beauty,857.42,226
P01070,Possible,Home,1396.88,40
P01071,Usually,Toys,1075.42,181
P01072,Health,Toys,752.35,74
P01073,Blood,Electronics,870.29,399
P01074,Step,Electronics,1408.27,343
P01075,Write,Books,34.45,71
P01076,Pick,Beauty,1322.33,311
P01077,Organization,Toys,1936.93,72
P01078,Opportunity,Beauty,1572.61,472
P01079,Majority,Electronics,370.07,238
P01080,Court,Toys,268.52,23
P01081,Speech,Electronics,211.98,319
P01082,Sister,Toys,1933.57,448
P01083,City,Beauty,105.38,93
P01084,Impact,Clothing,654.42,284
P01085,Five,Clothing,1595.84,285
P01086,Rise,Clothing,1787.57,494
P01087,Very,Beauty,184.69,156
P01088,So,Clothing,1462.45,441
P01089,Movement,Toys,1003.65,344
P01090,Social,Books,30.34,77
P01091,Skill,Clothing,1998.65,82
P01092,Later,Home,513.99,207
P01093,Question,Toys,630.19,270
P01094,Surface,Home,1195.71,147
P01095,Hit,Books,905.94,458
P01096,Purpose,Beauty,955.9,217
P01097,Law,Beauty,823.44,0
P01098,Away,Beauty,924.03,195
P01099,Best,Beauty,1645.33,475
P01100,Process,Home,1212.33,175
P01101,Just,Books,1938.31,312
P01102,Air,Books,385.77,259
P01103,Wife,Home,415.92,279
P01104,Law,Toys,485.66,223
P01105,Those,Beauty,1382.25,273
P01106,Set,Electronics,1313.85,482
P01107,Argue,Beauty,1847.28,280
P01108,Toward,Electronics,592.74,260
P01109,Radio,Books,1585.65,299
P01110,And,Toys,1828.25,193
P01111,Practice,Home,518.8,224
P01112,Letter,Clothing,1831.86,309
P01113,After,Beauty,1401.33,1
P01114,Evidence,Electronics,1343.49,267
P01115,Child,Clothing,511.05,488
P01116,Simple,Beauty,1679.69,354
P01117,With,Clothing,746.88,249
P01118,System,Beauty,884.18,152
P01119,Increase,Toys,1083.78,282
P01120,Money,Toys,1350.75,139
P01121,Spend,Beauty,405.49,317
P01122,Fly,Home,407.18,489
P01123,Home,Beauty,254.51,333
P01124,Able,Books,1023.41,32
P01125,Staff,Home,1260.22,159
P01126,Know,Electronics,700.61,86
P01127,Rest,Toys,427.7,315
P01128,Particularly,Books,978.78,490
P01129,Skin,Clothing,1006.53,285
P01130,Economic,Books,455.19,366
P01131,Wall,Beauty,848.49,207
P01132,Contain,Electronics,622.8,379
P01133,Series,Books,1146.11,111
P01134,House,Clothing,80.07,483
P01135,Night,Electronics,372.75,230
P01136,Smile,Clothing,367.32,73
P01137,Unit,Home,323.06,366
P01138,American,Beauty,990.99,128
P01139,What,Home,1235.73,158
P01140,Huge,Home,1063.27,468
P01141,Month,Beauty,1240.27,292
P01142,Everything,Beauty,728.93,35
P01143,Purpose,Clothing,757.35,497
P01144,National,Electronics,137.28,381
P01145,Talk,Beauty,1147.94,189
P01146,Matter,Beauty,1301.62,132
P01147,Do,Home,1684.34,165
P01148,Either,Books,630.95,486
P01149,Trial,Toys,143.04,245
P01150,Woman,Electronics,476.78,415
P01151,Structure,Toys,67.36,273
P01152,Though,Clothing,1060.08,199
P01153,Fast,Clothing,1038.99,421
P01154,Prove,Books,1990.47,98
P01155,Make,Clothing,956.07,48
P01156,News,Clothing,663.92,452
P01157,For,Electronics,1869.7,376
P01158,Management,Beauty,1495.25,442
P01159,Nice,Toys,1456.27,30
P01160,Hold,Clothing,855.24,8
P01161,Yard,Toys,1545.46,254
P01162,Price,Clothing,134.86,447
P01163,At,Home,1504.43,106
P01164,Thus,Beauty,768.66,281
P01165,Week,Toys,1326.98,58
P01166,Himself,Toys,541.26,210
P01167,Country,Home,646.51,91
P01168,Ten,Books,343.55,360
P01169,Collection,Beauty,190.18,50
P01170,Report,Books,1311.58,457
P01171,Own,Home,1110.97,213
P01172,Employee,Toys,1729.21,440
P01173,Understand,Electronics,1472.08,120
P01174,No,Electronics,1644.1,54
P01175,Music,Toys,323.12,429
P01176,Culture,Books,928.33,192
P01177,Room,Electronics,1796.64,148
P01178,Teach,Beauty,1591.71,165
P01179,Near,Beauty,333.32,43
P01180,Sister,Beauty,808.46,409
P01181,Strategy,Home,689.2,280
P01182,Exactly,Electronics,1849.03,489
P01183,Must,Clothing,1785.49,218
P01184,Site,Clothing,1331.61,122
P01185,Tough,Beauty,554.79,336
P01186,Participant,Clothing,1321.36,87
P01187,Hope,Toys,1182.42,454
P01188,Week,Books,227.16,276
P01189,Wonder,Electronics,649.13,62
P01190,Body,Clothing,1625.07,0
P01191,Win,Beauty,596.64,81
P01192,Business,Books,1702.44,450
P01193,Wonder,Home,437.87,295
P01194,Church,Clothing,1083.98,463
P01195,Development,Beauty,1806.59,454
P01196,I,Electronics,1858.4,198
P01197,Enter,Toys,1370.73,469
P01198,Image,Beauty,575.05,128
P01199,Pretty,Electronics,1045.88,71
P01200,Left,Toys,789.77,43
P01201,Officer,Books,1952.92,107
P01202,Year,Beauty,1339.08,169
P01203,Compare,Beauty,859.28,255
P01204,Gas,Beauty,463.19,476
P01205,Kid,Clothing,1619.45,366
P01206,Fill,Home,191.43,293
P01207,Cut,Home,285.96,68
P01208,Wide,Clothing,90.35,65
P01209,Trip,Books,247.84,366
P01210,Administration,Toys,1373.47,220
P01211,Price,Home,329.41,148
P01212,Just,Books,198.45,53
P01213,Increase,Beauty,1906.01,380
P01214,Mouth,Books,274.62,412
P01215,Teacher,Beauty,427.33,118
P01216,Dinner,Electronics,1631.96,281
P01217,Or,Beauty,1865.53,481
P01218,Source,Home,715.11,134
P01219,Operation,Toys,566.82,374
P01220,Option,Electronics,877.48,379
P01221,Yard,Toys,468.77,371
P01222,Treatment,Toys,925.63,478
P01223,News,Books,1029.49,442
P01224,Forget,Beauty,179.67,48
P01225,Although,Beauty,29.51,314
P01226,Yourself,Electronics,329.58,390
P01227,Take,Beauty,5.03,262
P01228,Agreement,Beauty,850.21,135
P01229,News,Books,554.8,110
P01230,Security,Toys,1282.05,71
P01231,Here,Toys,1320.11,281
P01232,Toward,Books,375.36,321
P01233,Foreign,Books,986.08,271
P01234,Commercial,Books,247.84,367
P01235,Person,Clothing,404.32,239
P01236,Quality,Electronics,279.52,476
P01237,Successful,Books,1521.99,59
P01238,Police,Clothing,17.54,136
P01239,Pm,Toys,881.18,240
P01240,Year,Home,1770.53,36
P01241,Wait,Toys,1017.47,66
P01242,Beyond,Books,565.2,202
P01243,Phone,Electronics,1302.18,0
P01244,Consider,Home,663.4,387
P01245,Agent,Clothing,152.88,437
P01246,Civil,Books,1864.22,106
P01247,Image,Clothing,1205.35,386
P01248,Lead,Books,315.69,472
P01249,Else,Books,1292.23,484
P01250,Option,Clothing,1591.41,358
P01251,Everybody,Beauty,1079.75,331
P01252,Gas,Electronics,968.61,420
P01253,Skill,Toys,723.73,270
P01254,Everything,Electronics,1389.76,106
P01255,Pass,Electronics,1525.72,263
P01256,Fight,Toys,1216.79,205
P01257,Understand,Toys,248.77,277
P01258,Seven,Toys,1538.09,447
P01259,It,Clothing,1327.99,145
P01260,Guess,Toys,1023.96,1
P01261,Everybody,Home,463.46,96
P01262,Just,Electronics,507.2,436
P01263,Return,Toys,930.37,62
P01264,Matter,Beauty,615.34,442
P01265,Price,Beauty,651.44,256
P01266,Partner,Home,1112.1,262
P01267,Them,Electronics,801.07,361
P01268,Worry,Beauty,1834.66,85
P01269,Fine,Clothing,500.41,59
P01270,Just,Books,1620.34,204
P01271,Front,Books,1282.07,191
P01272,Finish,Electronics,91.44,304
P01273,Century,Clothing,990.54,69
P01274,Local,Clothing,1762.46,326
P01275,School,Beauty,1068.03,491
P01276,Popular,Toys,1683.77,491
P01277,Cost,Books,1931.62,152
P01278,City,Home,329.65,397
P01279,Career,Clothing,1361.12,447
P01280,Meeting,Toys,604.26,386
P01281,Down,Home,898.03,206
P01282,Wife,Toys,446.22,369
P01283,Particularly,Books,1633.11,414
P01284,Station,Beauty,60.93,176
P01285,Car,Home,1823.46,263
P01286,Use,Home,675.09,218
P01287,Feel,Beauty,286.66,479
P01288,Loss,Electronics,1851.68,53
P01289,Really,Electronics,1527.87,7
P01290,Possible,Home,1869.84,280
P01291,Financial,Beauty,1737.29,408
P01292,Government,Home,221.71,390
P01293,Person,Electronics,1326.1,500
P01294,Recently,Home,1875.69,240
P01295,Future,Home,158.26,149
P01296,Despite,Books,1412.31,27
P01297,Nearly,Books,270.39,116
P01298,Radio,Toys,1371.31,174
P01299,Imagine,Electronics,1187.97,354
P01300,Age,Home,1809.68,412
P01301,Drive,Beauty,1818.63,88
P01302,Partner,Clothing,754.95,15
P01303,Stuff,Home,1209.86,354
P01304,Pull,Electronics,767.83,367
P01305,Attention,Electronics,1001.76,434
P01306,Apply,Beauty,1634.52,281
P01307,Law,Home,1892.16,440
P01308,Provide,Electronics,1667.69,136
P01309,Develop,Toys,506.96,360
P01310,Use,Home,916.66,118
P01311,Act,Toys,1706.74,138
P01312,Real,Electronics,694.78,383
P01313,Year,Toys,1984.28,458
P01314,Whether,Toys,607.05,138
P01315,Yard,Toys,1778.72,174
P01316,Yard,Books,1566.97,325
P01317,Lot,Electronics,1406.11,400
P01318,Food,Electronics,688.11,230
P01319,Industry,Toys,477.85,444
P01320,Compare,Clothing,1922.66,54
P01321,Congress,Beauty,1691.4,62
P01322,High,Books,619.53,143
P01323,Understand,Clothing,142.69,497
P01324,Sport,Electronics,328.5,85
P01325,Relationship,Home,1007.48,76
P01326,Thought,Home,756.69,474
P01327,Away,Clothing,488.44,137
P01328,White,Electronics,1101.51,215
P01329,My,Beauty,1694.16,241
P01330,Fear,Toys,1564.32,277
P01331,Who,Electronics,13.06,238
P01332,Ability,Toys,717.63,62
P01333,Usually,Clothing,627.07,84
P01334,Like,Beauty,1454.14,153
P01335,Outside,Toys,1734.77,124
P01336,Action,Toys,562.46,284
P01337,Happen,Clothing,1834.7,45
P01338,Myself,Books,243.64,448
P01339,Moment,Toys,1126.66,461
P01340,Network,Electronics,1212.97,124
P01341,Again,Books,1128.91,47
P01342,Answer,Home,1311.98,146
P01343,Resource,Beauty,1897.75,355
P01344,Reduce,Clothing,1926.24,39
P01345,Point,Books,1016.61,84
P01346,What,Home,1725.28,110
P01347,Event,Beauty,840.54,304
P01348,Although,Home,1454.18,99
P01349,Laugh,Books,1153.03,386
P01350,That,Beauty,626.6,11
P01351,Cost,Home,748.67,264
P01352,Resource,Beauty,1681.03,161
P01353,Service,Clothing,1310.17,163
P01354,Morning,Home,1130.43,457
P01355,Wait,Home,1136.88,114
P01356,Animal,Books,704.09,471
P01357,Wonder,Beauty,427.95,296
P01358,Technology,Home,1820.85,346
P01359,Enter,Electronics,382.68,43
P01360,Think,Toys,103.94,431
P01361,Up,Clothing,1931.63,287
P01362,Machine,Beauty,311.22,440
P01363,Usually,Toys,5.93,465
P01364,Challenge,Toys,1821.26,177
P01365,Upon,Clothing,468.63,355
P01366,Which,Clothing,409.16,54
P01367,Upon,Home,543.55,24
P01368,Where,Home,1813.53,179
P01369,There,Electronics,31.99,286
P01370,Brother,Beauty,66.17,161
P01371,Stage,Electronics,1982.22,282
P01372,Page,Clothing,450.9,224
P01373,Few,Toys,558.19,226
P01374,Protect,Clothing,128.72,148
P01375,Fine,Books,139.35,81
P01376,Protect,Beauty,1617.22,412
P01377,Structure,Electronics,349.43,447
P01378,Support,Home,1472.22,471
P01379,Central,Home,745.88,2
P01380,He,Books,650.26,337
P01381,Land,Toys,1037.11,208
P01382,Think,Beauty,1949.86,459
P01383,Pay,Electronics,1927.64,14
P01384,Technology,Beauty,639.01,374
P01385,Guy,Toys,750.58,204
P01386,Audience,Home,1035.04,448
P01387,Fine,Toys,1757.58,488
P01388,Head,Clothing,294.47,482
P01389,Join,Books,1957.19,85
P01390,Goal,Clothing,1903.08,183
P01391,Allow,Books,1132.39,115
P01392,Professional,Home,447.73,63
P01393,Happy,Beauty,852.63,170
P01394,Test,Home,1165.57,421
P01395,Trial,Toys,1896.62,36
P01396,Always,Home,1064.4,172
P01397,Four,Beauty,1912.98,59
P01398,Strategy,Clothing,791.75,240
P01399,Bed,Home,113.24,428
P01400,Doctor,Electronics,114.6,188
P01401,Should,Electronics,1141.99,354
P01402,Far,Toys,1494.49,203
P01403,Indeed,Clothing,409.2,159
P01404,Design,Toys,1620.08,16
P01405,Institution,Toys,123.52,348
P01406,Produce,Books,1796.22,81
P01407,Space,Home,1119.61,427
P01408,Because,Electronics,813.55,372
P01409,Different,Books,30.8,132
P01410,Past,Clothing,944.61,21
P01411,Front,Toys,415.41,73
P01412,Tend,Home,780.87,465
P01413,Herself,Beauty,1516.6,234
P01414,Talk,Home,1118.87,195
P01415,Hope,Beauty,406.98,254
P01416,Wait,Electronics,159.06,337
P01417,Painting,Electronics,636.43,277
P01418,Sing,Home,1021.84,24
P01419,Oil,Beauty,981.32,72
P01420,Us,Home,321.3,209
P01421,Better,Toys,1093.81,378
P01422,Imagine,Home,265.63,431
P01423,Hear,Electronics,747.56,330
P01424,Fill,Beauty,427.43,405
P01425,Office,Home,1253.21,143
P01426,Quality,Beauty,1305.55,227
P01427,Development,Books,297.58,104
P01428,Green,Clothing,1503.66,267
P01429,Factor,Beauty,558.44,419
P01430,Action,Books,432.3,187
P01431,Young,Books,1785.79,376
P01432,Plan,Home,1893.72,342
P01433,Same,Books,1361.17,46
P01434,Fill,Electronics,730.43,291
P01435,Hope,Clothing,1230.99,59
P01436,Bar,Home,353.62,184
P01437,Too,Clothing,1764.79,108
P01438,Fire,Home,472.94,433
P01439,Citizen,Electronics,1274.79,294
P01440,Expert,Toys,541.14,15
P01441,Apply,Toys,462.97,167
P01442,To,Electronics,1700.23,396
P01443,Technology,Home,1434.81,284
P01444,Ahead,Home,730.59,404
P01445,Behind,Toys,1732.13,406
P01446,Seven,Electronics,238.05,413
P01447,Magazine,Home,521.54,346
P01448,Much,Beauty,21.67,151
P01449,Themselves,Toys,1976.49,44
P01450,Food,Clothing,1613.86,408
P01451,Whatever,Electronics,1775.16,401
P01452,Poor,Toys,1335.4,341
P01453,Whether,Electronics,1365.27,124
P01454,Back,Clothing,329.14,146
P01455,Think,Electronics,296.41,438
P01456,Whatever,Toys,1446.82,480
P01457,Win,Books,178.24,336
P01458,Tv,Toys,41.46,360
P01459,Think,Home,1151.42,74
P01460,Age,Toys,791.73,373
P01461,Debate,Electronics,1876.41,3
P01462,Occur,Clothing,1851.1,116
P01463,Language,Beauty,626.23,292
P01464,Parent,Clothing,1806.36,499
P01465,Court,Toys,1440.65,365
P01466,Many,Home,166.77,247
P01467,Threat,Clothing,1194.82,197
P01468,Across,Toys,1690.74,95
P01469,Follow,Clothing,779.93,64
P01470,Remember,Beauty,407.73,390
P01471,Away,Home,1364.93,270
P01472,Congress,Electronics,1115.6,156
P01473,Contain,Beauty,1976.89,336
P01474,Together,Books,767.83,495
P01475,Policy,Beauty,1302.44,0
P01476,Defense,Home,1281.11,54
P01477,Order,Clothing,169.73,219
P01478,Development,Electronics,1043.26,117
P01479,Others,Home,475.27,267
P01480,Management,Clothing,1011.84,6
P01481,Return,Beauty,466.14,447
P01482,Both,Books,836.29,108
P01483,Center,Home,131.56,400
P01484,Job,Home,660.21,230
P01485,Leader,Clothing,213.81,116
P01486,Whom,Beauty,917.41,265
P01487,Wall,Clothing,1300.56,407
P01488,Fly,Toys,1183.62,66
P01489,One,Home,215.04,407
P01490,Need,Toys,1298.74,130
P01491,Debate,Books,1725.39,110
P01492,Evening,Clothing,1817.5,62
P01493,Lot,Toys,13.3,56
P01494,Soldier,Electronics,560.68,96
P01495,Anything,Books,872.44,159
P01496,Support,Books,754.73,49
P01497,Special,Clothing,1870.33,210
P01498,Account,Beauty,348.5,491
P01499,Piece,Books,1057.49,307
P01500,Value,Books,1335.4,178
