agentID,name,region,hireDate,email
A001,Jennifer Gilbert,Smithmouth,2019-07-22,ogibbs@example.net
A002,James Sanders,Jenniferberg,2025-04-07,xburch@example.org
A003,Warren Roberts,Colleenshire,2019-11-28,robertdiaz@example.org
A004,Penny Thomas,North David,2017-05-03,wrightjulie@example.com
A005,Richard Phillips,South Johnmouth,2024-11-10,seanfrey@example.org
A006,Paul Kennedy,Brendanside,2018-10-11,dhowell@example.org
A007,Craig Gardner,Garciaburgh,2024-05-10,bdavis@example.net
A008,Kevin Elliott,East Nicholasbury,2019-11-04,richardterry@example.org
A009,Michelle Jennings,East Ginaport,2025-03-27,reneejohnson@example.com
A010,Angela Lewis,Tuckerchester,2018-07-20,bmatthews@example.org
A011,Olivia Douglas,Juliaborough,2015-08-19,abennett@example.com
A012,Kevin Jones,West Daniel,2024-04-28,yvargas@example.com
A013,William Porter,Faulknerview,2021-11-26,ronald06@example.com
A014,Steve Wood,Mooreland,2015-11-21,bairdjoseph@example.net
A015,Linda Mathis,New Joshua,2017-08-04,wrightzachary@example.org
A016,Jonathan Anderson,Robinsonfurt,2025-02-14,brianbrown@example.net
A017,Nancy Perez,New Nathan,2018-08-11,gjensen@example.org
A018,Debra Goodwin,South Ashley,2021-05-24,joseph23@example.com
A019,Krystal Gonzales,Lake Shannonport,2015-07-05,olivertracy@example.org
A020,Bryan Ellison,West Lisa,2022-05-14,ashleybell@example.net
A021,Craig Bowers,South Rebeccaborough,2017-06-20,sfields@example.org
A022,Anthony Walker,Thomasburgh,2025-05-28,susanmcdonald@example.org
A023,Edward Warren,Colemanborough,2021-03-18,parkertammy@example.com
A024,John Wong,Phillipsmouth,2020-03-19,david25@example.org
A025,Lisa Hinton,South Justin,2021-05-01,jack68@example.org
A026,Melissa Walker,Stephanieshire,2021-02-23,ryanjohnson@example.org
A027,Shannon Cox,Laurenside,2024-09-10,montoyashawn@example.com
A028,Margaret Smith,Williamsmouth,2019-08-08,mary51@example.org
A029,Melanie Lopez,Port Luis,2017-04-28,dlarsen@example.org
A030,James Mccoy,Maychester,2017-01-24,sgonzalez@example.org
A031,Scott Wade,Port Alex,2016-10-04,brownrachel@example.org
A032,Brett Bell,Christopherburgh,2025-06-12,danielle38@example.net
A033,Tiffany Johnson,Gutierrezmouth,2021-12-26,mstout@example.org
A034,Jeffrey Bell,Lake Josephhaven,2016-01-16,joseph15@example.com
A035,James Gray,South Emily,2019-07-26,lynnhall@example.org
A036,Tyler Hill,South Josemouth,2023-03-23,julie09@example.org
A037,Nancy Ingram,West Geraldberg,2018-10-16,pnolan@example.org
A038,Collin Garcia,East Daniel,2018-02-18,cruzjoe@example.org
A039,Natalie Torres,Christianfurt,2015-08-24,georgeriley@example.com
A040,Brandi Rosales,Tiffanyside,2017-08-19,kevinwhite@example.net
A041,Mr. David Ferguson,Barrtown,2017-07-28,hickserin@example.net
A042,Jackie Obrien,Garciashire,2016-11-01,lamkelly@example.net
A043,Brandon Manning,Port Joseph,2017-07-17,taylordaniel@example.net
A044,Lori Stone,Danaberg,2021-01-09,taylorfrancisco@example.net
A045,Rachel Banks,Darrenport,2017-02-08,xluna@example.net
A046,Michael Neal,Port Kelsey,2022-08-11,peckkelly@example.org
A047,Sarah Harmon,Makaylaburgh,2018-01-12,birdbrandon@example.net
A048,John Gordon,Harrisland,2017-11-19,jflores@example.com
A049,Jessica Vaughan,Ronaldmouth,2020-04-06,jonathan98@example.net
A050,Ann Bartlett,New Hannah,2021-05-12,james46@example.net
A051,Destiny Cooper,East Melissastad,2018-02-16,umiles@example.org
A052,April Davis,Arellanoland,2017-04-14,kevin20@example.org
A053,Brandi Nunez,Wilsonbury,2015-12-20,keith83@example.com
A054,Charlotte Larsen,New Kathleen,2024-10-06,lucasamanda@example.com
A055,Jamie Terrell,East Heidistad,2019-04-15,robynfranco@example.net
A056,Deborah Martinez,West Anthonyville,2022-04-19,smithkayla@example.com
A057,Gabriel Camacho,South Karenville,2022-09-18,victorperez@example.net
A058,Matthew Harris,Port Davidland,2015-12-22,nathaniel99@example.com
A059,Maria Garner,New Sethtown,2024-06-09,twhite@example.net
A060,Gregory Edwards,Tapialand,2021-05-18,brendancampbell@example.net
A061,Katelyn Williams,New Sarahhaven,2023-04-02,amanda45@example.org
A062,Maria Moore DDS,North Davidstad,2018-09-01,curtis64@example.net
A063,Scott Berry,South Alexandra,2022-12-29,felicia60@example.org
A064,Carol Hart,Lake Victorstad,2023-01-05,sarahcombs@example.net
A065,Scott Mendez,West Sarah,2017-10-29,jessicafleming@example.org
A066,Alex Barnes,Johnsonstad,2019-11-22,maria84@example.com
A067,Robert Parks,Port Kristiton,2019-11-18,jacobssamantha@example.org
A068,Jorge Patterson,Curtistown,2016-11-26,sanchezrodney@example.net
A069,Jennifer Rush,Mercadoside,2025-04-27,hgonzalez@example.org
A070,Kathryn Villegas,West Lance,2024-04-16,ronald73@example.com
A071,Aaron Foster,East Stevenport,2016-02-11,jphillips@example.org
A072,Rodney Hernandez,Lake Scott,2024-03-02,victoria44@example.org
A073,Lori Hodges,East Kathleenview,2018-06-23,jacksonchad@example.com
A074,Frank Glenn,East Paula,2023-09-20,timothy58@example.com
A075,Katherine Long,Parksmouth,2020-09-18,jeremy52@example.net
A076,Taylor Blankenship,Hollybury,2017-05-22,wclark@example.org
A077,Christine Stewart,North Joshua,2017-01-16,pjohnson@example.org
A078,Sarah Friedman,West Jacquelineberg,2021-01-18,vrichardson@example.com
A079,Joseph Carter,Lake David,2017-12-27,kristina82@example.org
A080,Melissa Roberts,South Karlbury,2023-09-06,jasonnorris@example.com
A081,Megan Bird,Reedview,2021-03-19,kellyrickey@example.com
A082,Curtis Harrison,Carlosberg,2019-05-28,tfuller@example.net
A083,Grant Villa,Odonnellhaven,2024-08-13,butleralex@example.org
A084,Christopher Francis,West Carlymouth,2022-02-02,fieldscarly@example.com
A085,Denise Watts,South Christopher,2016-01-26,dickersonbrian@example.org
A086,Katrina Jenkins,Ashleyberg,2022-12-17,lindsey24@example.net
A087,Jamie Reynolds,Lake Amyview,2019-08-25,mitchellmorrison@example.net
A088,Monica Patel,Sanderschester,2016-07-24,victoriablanchard@example.org
A089,Maria Russell,Mooremouth,2022-08-31,davidwatts@example.com
A090,Christopher Combs,Francistown,2023-10-28,natalie52@example.net
A091,David Wu,North Zacharytown,2017-09-07,macdonaldjorge@example.org
A092,Stephen Willis,Lanemouth,2021-10-10,huberhannah@example.net
A093,Rita Daniels,Markland,2019-12-07,porterjames@example.net
A094,Sean Peterson,Younghaven,2021-07-24,gomezmary@example.org
A095,Teresa Garcia,Kirkshire,2023-09-04,fgilmore@example.org
A096,Kyle Wilson,Lake Karastad,2017-10-29,flewis@example.com
A097,Patricia Baker,Amberland,2018-11-10,yorkmanuel@example.org
A098,Christian Singh,Sandovalchester,2020-04-22,timothyramsey@example.net
A099,Laura Pham,West Lindaview,2021-05-02,janetwilliams@example.org
A100,Kimberly Hall,South Cassie,2024-08-17,phillip61@example.net
A101,Donna Sampson,Sherrytown,2020-07-16,vanessawood@example.org
A102,Cindy Ramsey,Bondtown,2022-11-09,branchashley@example.net
A103,Matthew Graham,Morganland,2020-01-12,myersmelanie@example.org
A104,Linda Richardson,Johnhaven,2021-02-26,mmiller@example.org
A105,Richard Brown,East Darrell,2025-03-25,johnsonandrew@example.com
A106,Mr. Justin Harris,Krystalton,2021-11-23,michaelcampbell@example.com
A107,Christopher Ayers,Jeffreyville,2022-11-30,kennethhicks@example.net
A108,Kristin Boyd,West Danielborough,2018-01-29,kduncan@example.com
A109,Brian Benson,Michaelland,2017-06-05,luis27@example.com
A110,Kayla Mitchell,New Josephville,2018-12-09,turnerross@example.org
A111,Debra Olson,Hahnborough,2024-10-27,brandon76@example.com
A112,Jessica Hanson DVM,Lake Sarahside,2024-03-21,stephaniegarcia@example.com
A113,Todd Miles,Port Joseph,2017-05-29,ohowell@example.net
A114,Whitney Peterson,Morriston,2022-02-21,mmartinez@example.net
A115,Kevin Hale,Teresabury,2016-11-02,mcalderon@example.com
A116,Caleb Davis,Swansonberg,2018-02-03,patricia37@example.net
A117,Joseph Lester,South Dalton,2016-01-31,stephanie73@example.net
A118,Sean May,Taylormouth,2015-07-09,kimberlykeith@example.com
A119,Michael Thompson,Port Adrian,2019-06-13,blakegriffin@example.net
A120,Ashlee Murphy,Riosmouth,2018-09-04,jeremyrobinson@example.com
A121,Joseph White,North Laura,2021-07-20,timothy80@example.org
A122,Tyler Clark,Lake Monique,2023-03-14,diana26@example.com
A123,Cody Rivera,East Marcstad,2015-08-03,mrivera@example.com
A124,Karen Barnett,Randallside,2023-06-19,elliottshawn@example.org
A125,David Cook,East Karastad,2016-03-07,johnbeck@example.net
A126,Julie Henderson,North Natalieborough,2021-08-19,calebhenry@example.net
A127,Tiffany Hutchinson,East Jennifer,2023-06-13,pellis@example.com
A128,Danielle Marshall,East Shaunfort,2024-09-16,danacollins@example.net
A129,Emma Mason,Hillfurt,2018-02-27,william47@example.org
A130,Carlos Fitzgerald,West Manuelchester,2020-08-21,simmonssamantha@example.org
A131,Kendra Pace,Gomezside,2016-10-14,gailcooper@example.com
A132,Douglas Avila,Lisafurt,2024-06-13,kathryn84@example.org
A133,Sabrina Robertson,South Douglas,2017-10-02,michaeljones@example.com
A134,Kathleen Powell,Bridgesstad,2021-03-14,nelsonbradley@example.org
A135,Michael Barnes,New Sabrinatown,2016-05-09,jennifer84@example.com
A136,Sarah Smith,Moodyberg,2017-07-18,baxterjaime@example.org
A137,Lance Edwards,Barnesmouth,2022-04-09,graceortiz@example.org
A138,Mark Smith,Jamesshire,2023-01-08,okelley@example.com
A139,Karen Cruz,South Robert,2020-10-23,jtaylor@example.com
A140,Richard Gonzales,Port Stephanieview,2020-02-02,pmurphy@example.com
A141,Todd Williams,Sanchezmouth,2017-01-15,curtisjones@example.com
A142,Steven Dennis,Gonzaleztown,2018-08-17,jacob66@example.net
A143,Jacqueline Shea,Joneston,2021-04-06,chodge@example.net
A144,Michele Thompson,Sabrinaberg,2024-06-22,bakerchristie@example.com
A145,Molly Thompson,South Rebeccaville,2020-03-02,kjensen@example.org
A146,Jim Brown,Port Mackenzie,2023-11-25,eyang@example.org
A147,Alicia Underwood,Jessicaview,2016-06-04,millerronald@example.com
A148,Kayla Williams,Rebeccaview,2025-04-04,lisa35@example.org
A149,Marco Charles,West Judyview,2017-12-18,michaelhopkins@example.org
A150,Crystal Cox,Kellyshire,2017-06-05,joseph18@example.com
A151,Bradley Mullins,East Thomas,2022-03-16,danielle61@example.com
A152,Kenneth Robinson,Taylorshire,2024-10-09,robertlang@example.org
A153,Jason Williams,Chambersville,2024-03-05,zwebster@example.com
A154,Timothy Haley,Jessicatown,2023-06-06,roberto86@example.com
A155,Vanessa Rivera,North Tristanport,2022-06-04,carlbush@example.net
A156,Jennifer Hernandez,West Jill,2023-02-15,housedavid@example.com
A157,Jennifer Hall,Lake Kylefurt,2018-09-01,lauren18@example.com
A158,Andre Rodriguez,Kennethberg,2018-11-15,lancegonzales@example.net
A159,Steven Perry,New Karimouth,2017-03-07,haroldhebert@example.com
A160,Christian Myers,North Jo,2016-04-12,andrewmcintyre@example.com
A161,Erin Silva,Hooverhaven,2018-12-21,erinashley@example.net
A162,Sarah Jones,East Natasha,2015-09-30,kjohnson@example.org
A163,Sherry Rubio,Lake Mark,2019-10-14,corey76@example.com
A164,Jason West,East Thomas,2018-03-13,keith36@example.net
A165,Christopher Carey,South Richardhaven,2017-06-02,thomas89@example.net
A166,Cassandra Arnold,Lindatown,2018-05-11,linda29@example.net
A167,Charles Vasquez,Zacharymouth,2024-02-08,margaret97@example.com
A168,Kevin Lewis,Paulaport,2018-05-02,kimdeborah@example.com
A169,Stephanie Martinez,Juliemouth,2022-07-26,vlivingston@example.com
A170,Brian Hernandez,Christopherfurt,2021-09-27,lmoore@example.com
A171,Jerry Smith,Penamouth,2016-08-20,timothybaker@example.com
A172,Kenneth Keller,Abigailmouth,2020-06-01,josehoover@example.com
A173,Charles Guerrero,Andersonstad,2019-10-12,roy65@example.com
A174,Michael Villa,Hansenhaven,2017-03-16,valenciasteven@example.com
A175,Rebecca Mendez,North Charlesshire,2021-07-17,danielarnold@example.org
A176,Joseph Olson,Garciafort,2016-09-22,gilesrebecca@example.com
A177,David Campbell,Wilsonfurt,2021-12-21,swilliams@example.net
A178,Linda Lopez,West Joseph,2020-12-05,elliottjohn@example.com
A179,William Weaver,Jenningston,2021-04-20,carlsondaniel@example.org
A180,Wesley Blair,Port Jerry,2020-07-11,hhill@example.net
A181,Tracy Taylor,South Trevorborough,2017-12-08,dsimpson@example.net
A182,Sean Leach,Lake Paultown,2018-06-25,rcharles@example.org
A183,Suzanne Cherry,New Michaelbury,2019-03-18,kwilliams@example.net
A184,Deanna Johnson,New Matthew,2016-08-21,dakota86@example.com
A185,Melanie Weeks,Robinsonmouth,2018-04-13,dalvarado@example.net
A186,Stephen Wilson,Smithside,2025-02-05,ehuynh@example.net
A187,Erin Daugherty,Port Danberg,2018-09-21,edwinjones@example.org
A188,Matthew Howell,New Kathleen,2019-09-13,gvega@example.org
A189,Jo Pope,Onealborough,2016-06-22,wford@example.net
A190,Jesse Herrera,Alexandriafurt,2015-09-29,christopher84@example.org
A191,Ryan Burke,Chavezmouth,2017-05-15,donna12@example.net
A192,Kevin Bruce,Househaven,2016-01-07,crawfordwilliam@example.com
A193,Carol Garrett,South Lisaborough,2020-07-11,david19@example.net
A194,Casey Weaver,New Julianborough,2023-06-14,ahansen@example.com
A195,William Juarez,New David,2024-09-18,taylorgallagher@example.net
A196,Mackenzie Carpenter,Port Nicole,2019-10-21,mhernandez@example.com
A197,Andrew Davis,South Jenniferview,2018-10-01,tami41@example.org
A198,Dawn Roth,Holtberg,2020-07-31,davilawilliam@example.org
A199,Kimberly Andrews,North Jonathon,2017-01-22,christopher64@example.org
A200,Ross Lawson,Lake David,2024-01-07,mitchell75@example.net
A201,Jeffery Alvarez,East Debra,2018-04-23,collinspatrick@example.com
A202,Evelyn Perkins,Matthewshire,2021-11-04,brownkimberly@example.com
A203,Ruben Marsh,Michaelside,2021-05-16,uortiz@example.com
A204,Cody Smith,Morganborough,2021-07-25,charlesjones@example.net
A205,Patricia Wilson,West Bradley,2019-06-26,lauren34@example.org
A206,Tristan Wallace,West Peter,2023-04-20,ijensen@example.net
A207,Amy Martin,South Renee,2022-08-03,philipmorton@example.com
A208,Paula Cooke,Johnshire,2021-12-19,christopherpowers@example.com
A209,Kristina Anderson,South Thomasville,2017-07-22,mollyspencer@example.org
A210,Yesenia Woodward,Williamsstad,2019-06-22,coledennis@example.net
A211,Mrs. Cynthia Hernandez,Maryside,2019-10-08,kayla75@example.org
A212,Amanda Martin,Riggsbury,2022-01-28,taramarshall@example.com
A213,Diane Carrillo,Lake Lisa,2022-07-28,kbrewer@example.org
A214,Denise Cohen,South Nicoleville,2025-03-23,morganfowler@example.net
A215,Chad Lopez,South Amy,2024-12-14,jessicawatson@example.com
A216,Jacob Byrd,Williamsberg,2016-01-29,fjackson@example.org
A217,David Best,South Melvinfurt,2016-07-31,corylopez@example.org
A218,Jeffrey Compton,New Taylor,2022-02-04,cookmegan@example.org
A219,April Barton,East Lisa,2021-05-22,freyes@example.org
A220,Courtney Gonzalez,Patriciaton,2023-07-29,david39@example.net
A221,John Aguirre,Seanburgh,2023-10-31,patricia89@example.net
A222,Riley Kennedy,Howellside,2022-07-20,dorothywilson@example.net
A223,Jordan Richardson,Pennyview,2016-12-08,john83@example.org
A224,Rebecca Wilkins,Kellybury,2020-05-15,eanderson@example.net
A225,Matthew Black,Toddstad,2019-01-23,xdoyle@example.net
A226,Roy Smith,East Traci,2020-11-28,clintonperry@example.com
A227,Brett Sampson,Davidhaven,2020-12-28,lori18@example.net
A228,John Perkins,Jacksonfort,2020-04-29,bnorman@example.org
A229,Robert Martin,Nicholsport,2019-01-13,wschaefer@example.org
A230,James Wyatt,Port Cindy,2019-12-24,sanchezgregory@example.net
A231,Brooke Hernandez,East Evanchester,2017-03-29,callahanrandy@example.net
A232,Peter Walker,East Jeremy,2022-02-15,phillipskelly@example.com
A233,Cassandra Dennis,New Patricia,2021-05-27,kyle21@example.com
A234,Virginia Adams,Crystalport,2019-09-03,leestokes@example.com
A235,Emily Klein,Teresachester,2024-03-12,trevormiller@example.org
A236,Jason Gray,North Joshua,2022-05-10,jesse68@example.org
A237,Jennifer Garza,Erikabury,2023-10-02,rlowery@example.net
A238,Juan Rivas,West Latoyamouth,2015-07-27,yorkmary@example.org
A239,Samuel Haney,Port Olivia,2025-02-24,jennifer08@example.net
A240,Jamie Moore,North Thomastown,2018-09-26,rgregory@example.net
A241,Joshua Moss,Byrdstad,2020-10-16,blankenshipmatthew@example.net
A242,John Anderson,New Desiree,2017-07-08,ginameadows@example.org
A243,Gabriel Edwards,Port Lydiatown,2016-12-18,hannah11@example.org
A244,Brian Welch,Lawrenceside,2023-08-20,edwardpollard@example.org
A245,Gabrielle Rice,Neilport,2024-01-02,williamschristine@example.com
A246,Kyle Johnson,Port Jasminefort,2018-05-29,kwhite@example.org
A247,Dr. Jordan Stanley,East Tiffanytown,2021-09-24,aaronhernandez@example.com
A248,Leon Callahan,Huntburgh,2023-07-15,andrew44@example.com
A249,Philip Hicks,Port Saraport,2017-10-04,hgarcia@example.com
A250,Suzanne Mendoza,Morganstad,2019-09-06,charlotte51@example.org
A251,Luis Phillips,Port Luis,2022-07-25,samanthaescobar@example.net
A252,Ryan Sims,West Elizabeth,2017-06-20,hamiltonfelicia@example.net
A253,Connie Young,West Elizabethland,2022-08-04,corythomas@example.net
A254,Taylor Fitzgerald,Whitakerberg,2016-02-08,lisa15@example.org
A255,Daniel Murphy,East Lisa,2023-08-06,fgreen@example.com
A256,Brittany Berry,Powersshire,2018-08-29,dana61@example.org
A257,Eric Austin,Lake Lauren,2023-08-24,collinsamy@example.com
A258,Angela Mitchell,Mooreview,2019-04-23,palmeralexis@example.net
A259,Rita Brandt,Patelbury,2023-01-09,bradley75@example.com
A260,Matthew Miller,Taylorchester,2017-06-29,anthonygomez@example.com
A261,Roberto Jennings,East Kelly,2024-12-16,klamb@example.com
A262,Emily Sanchez,Osbornstad,2020-07-21,brandongriffin@example.net
A263,Angela Taylor,Michaelview,2021-06-11,christine42@example.net
A264,James Hodges,Nicholsonland,2024-09-09,gmartin@example.com
A265,Joel Davis,New William,2021-12-01,lauriepeterson@example.org
A266,David Santos,West Laurenborough,2016-04-04,freyshannon@example.com
A267,Rebecca Washington,South Gregory,2023-09-19,jflores@example.org
A268,Alexander Patrick,North Alisonfurt,2022-06-13,elijahguzman@example.net
A269,Gabriella Johnson,Port Guyshire,2018-09-23,qbrown@example.com
A270,Lynn Glenn,Jamesshire,2018-03-19,kaufmanashley@example.net
A271,Troy Lynch,South Elizabethborough,2021-06-19,rangeljoseph@example.org
A272,Jessica Lucas,South Yvettetown,2020-11-22,jennifer97@example.org
A273,Susan Knight,Sarahbury,2015-08-17,christopherwhite@example.org
A274,Melissa Garcia,South Megan,2019-01-10,yturner@example.net
A275,Brittney Perez,Margaretchester,2019-07-07,danny80@example.com
A276,Casey Moore,Youngside,2021-12-23,batessherry@example.com
A277,William Lyons,Khanstad,2020-09-12,mjohnson@example.com
A278,James Sanders,Campbellfurt,2017-02-03,carneyrobert@example.com
A279,Alec Fields,West Kimberly,2021-12-16,jeffrey08@example.com
A280,Kimberly Robinson,Wilcoxland,2018-10-05,karen73@example.net
A281,Lindsay Moore MD,South David,2019-12-03,jennifer54@example.net
A282,Karen Gonzalez,Myersmouth,2019-04-14,xhenderson@example.net
A283,Derek Arellano,Raymondbury,2017-10-16,rgreene@example.com
A284,Hannah Bradford,East Erinmouth,2021-01-13,wpaul@example.org
A285,Sheila Willis,South Marcus,2022-01-05,shane30@example.net
A286,Nicole Stevens,Christopherhaven,2017-01-06,angelawade@example.com
A287,Connor Brooks,Bentonberg,2021-02-23,laurenjohnston@example.net
A288,Steve Jackson,East Brittany,2016-07-19,gochoa@example.com
A289,Nicole Jones,South Christopher,2019-03-06,valeriegordon@example.net
A290,Chelsea Palmer,South Jonathanberg,2018-10-22,edward35@example.org
A291,Caroline Moore,Annaton,2015-08-24,jessica20@example.org
A292,Michelle Mathews,East Paul,2021-05-25,hendersonmichelle@example.com
A293,Jacqueline Wiggins DVM,Normanmouth,2015-12-31,yvelazquez@example.org
A294,Sandra Oliver,Johnsonburgh,2024-11-19,allison32@example.com
A295,Gregory Martinez,East Brandyhaven,2020-11-07,matthew96@example.org
A296,William Patel,East Joseph,2019-12-13,carterjacob@example.com
A297,Nicole Edwards,Paulaport,2023-04-03,fjohnson@example.com
A298,Luis Marquez,Harringtonmouth,2023-09-14,jennifer93@example.net
A299,Kimberly Kirby,Lake Kevinview,2017-01-15,kennedykyle@example.com
A300,Michael Thompson,North Angelatown,2016-09-29,timothybaldwin@example.com
A301,Michael Bryan,Maldonadoborough,2015-12-16,scottthompson@example.com
A302,Christopher Gutierrez,Gardnerville,2019-03-15,natasha50@example.com
A303,Kaitlin Johnson,Rodriguezfurt,2016-02-27,zgriffith@example.net
A304,Shannon Hayes,Brownborough,2017-06-06,michelle54@example.com
A305,Erica James,North Peter,2023-03-04,bradleyluis@example.com
A306,Brian Black,Carterfurt,2016-06-19,solomonvictor@example.net
A307,Tami Coleman,Justinmouth,2024-05-17,monicaortiz@example.com
A308,Debra Burke,Andreaburgh,2021-04-10,michaelandersen@example.com
A309,Brady Ball,Reynoldsmouth,2015-10-05,saramills@example.org
A310,Annette Allen,Lake Alyssa,2021-08-12,lgarcia@example.org
A311,Caleb Graves,North Jennifershire,2021-12-18,mbennett@example.net
A312,Joseph Brown,Simpsonview,2022-11-16,dstout@example.com
A313,Erin Sutton,Port Ericfort,2020-01-09,rachelmay@example.com
A314,Joanna Andrews,West Manuel,2020-02-14,johnsonjenny@example.net
A315,Sean Duran,Meganfort,2015-06-23,deborahwallace@example.com
A316,Amanda Miller,Williamsview,2019-02-04,bbryant@example.com
A317,Matthew Woodward,Ramirezland,2016-12-18,jimenezrobert@example.org
A318,Victoria Silva,Port Jacobview,2021-01-23,nanderson@example.com
A319,Peter Carter,Garzamouth,2021-03-18,washingtonjacqueline@example.net
A320,Nathaniel Webb,North Jose,2024-12-04,wattsjohn@example.com
A321,Kyle Mcdonald,North Cherylside,2023-10-13,gonzalezgail@example.com
A322,Adam Cline,Port James,2015-10-08,kaitlyngarcia@example.net
A323,Jennifer Zuniga,New Joshua,2017-07-02,tsimpson@example.net
A324,Kathleen Guzman,Lisaport,2021-06-11,murphyrichard@example.com
A325,David Young,Cookhaven,2022-06-11,cynthia56@example.net
A326,Lindsay King,Cobbshire,2017-03-05,aprilsmith@example.net
A327,Jeffery Martin,New Beverlyhaven,2022-02-20,yclark@example.com
A328,Ashley Pena,Williamfurt,2016-10-28,brenda92@example.com
A329,Stephanie Powell,Walshhaven,2021-07-12,evanwilson@example.com
A330,Scott Vasquez,Davidsonburgh,2023-11-26,hallsheila@example.net
A331,Justin Burgess,South Brian,2021-09-03,sara36@example.org
A332,Mrs. Tammy Maldonado,Burkeburgh,2020-06-22,mcgeebruce@example.org
A333,Lauren Daniels,Elizabethstad,2019-06-19,marchanson@example.com
A334,Melissa Long,Carolton,2023-01-17,ucampbell@example.com
A335,Sharon Frederick,North Christophermouth,2020-10-31,jodi42@example.org
A336,Walter White,Thompsonside,2018-07-23,wigginsjared@example.com
A337,Joseph Fields,Port Rodney,2021-02-18,kevin66@example.com
A338,Christopher Figueroa,Vazquezton,2023-07-08,danielssarah@example.org
A339,Brittney Wilkinson,Clarkborough,2015-10-23,fernandezelizabeth@example.org
A340,Daniel Owens,Meghanshire,2020-09-09,acarpenter@example.com
A341,Stacy Phillips,Lewisburgh,2021-06-08,swansonvincent@example.net
A342,Samuel Wiggins,North Miranda,2024-03-12,gcooper@example.org
A343,Juan Gonzalez,Staceybury,2019-10-29,conniesingleton@example.org
A344,William Chapman,West Amy,2016-01-09,nicholas74@example.com
A345,Timothy Jones,North Jamesville,2022-11-01,parroyo@example.net
A346,Walter Bass,New Robert,2017-05-18,matthew83@example.com
A347,Jordan Palmer,North Cynthiamouth,2020-04-24,agonzalez@example.net
A348,Stephen Bowman,Williamsport,2017-01-24,kyle79@example.com
A349,Steven Hickman,Lake John,2022-09-06,kchapman@example.com
A350,Lisa Jones,Lisaview,2016-05-18,christopherreeves@example.net
A351,Tyler Johnson,New Dillonland,2016-02-02,guerraelizabeth@example.org
A352,Christina Yates,Lake Johnborough,2024-06-16,gregoryyoung@example.org
A353,Audrey Hill,Jamesside,2018-07-03,jacob76@example.net
A354,Christopher Wolfe,Gentryside,2022-10-17,david17@example.com
A355,David Goodman,South Rebecca,2016-03-01,michaelross@example.com
A356,Melanie Rodgers,West Jonathan,2016-08-29,dgutierrez@example.org
A357,Anthony Contreras,Thomaston,2020-03-30,tjimenez@example.com
A358,Austin Rodgers,East Dominicberg,2019-10-13,boonedonald@example.net
A359,Richard Alvarez,New Caitlinfurt,2022-04-23,kennedydrew@example.org
A360,Ricky Peters,Port Christineville,2020-05-15,meadowsemma@example.net
A361,Terri Clark,Thompsonport,2022-04-11,ujoseph@example.net
A362,Benjamin Mejia,Jennifertown,2016-06-21,daniellecunningham@example.net
A363,Stephanie Rice,Paulside,2021-12-09,mtaylor@example.org
A364,Scott Mason DDS,South Saraland,2017-12-17,egreen@example.net
A365,Kevin Miller,Erikashire,2022-07-23,wlin@example.net
A366,Christian Wood,Wrightside,2017-11-03,justingarner@example.net
A367,Pamela Chapman,Leland,2018-01-02,charles16@example.com
A368,Ronald Jimenez,North Nicoleview,2018-07-01,ramirezmallory@example.org
A369,Tina Herrera,East Danielle,2025-04-03,kscott@example.com
A370,Tammy Leonard,North Alexisland,2021-02-01,paul09@example.org
A371,Angel Everett,North Ivanberg,2018-05-18,crystalcisneros@example.net
A372,John Mueller,East John,2019-11-24,bradylisa@example.net
A373,Brandon Webb,New Jilltown,2016-06-09,shawn30@example.org
A374,Christopher Huang,East Spencer,2022-04-06,nryan@example.org
A375,Annette Conrad,New Steven,2023-01-27,qarnold@example.net
A376,Deanna Oneill,New Trevor,2023-07-21,kkey@example.org
A377,Kendra Jones,Lake Barbara,2023-11-14,keith22@example.net
A378,James Chapman,East Joanna,2018-02-21,brandon21@example.org
A379,Timothy Wheeler,North Faithburgh,2016-08-02,beardlisa@example.com
A380,Adriana Santos,Dianefurt,2022-08-21,michael95@example.net
A381,Nicole Gallagher,Austinmouth,2021-09-09,djackson@example.org
A382,Rebecca Ross,Shawtown,2016-03-29,nmclaughlin@example.org
A383,Michele Galloway,South Jessica,2021-07-24,jackson31@example.org
A384,Emily Martinez,Vasquezstad,2019-07-01,fergusoneugene@example.net
A385,Kenneth Wolfe,New Brendan,2024-05-11,kenneth66@example.net
A386,Anita Williams,Johnstad,2025-04-24,brandon56@example.org
A387,John Brown,Andrealand,2023-11-10,jonathanreid@example.net
A388,Jeremy Luna,West Jennifer,2024-08-01,andresbennett@example.com
A389,Danielle Johnson,Port Juan,2015-10-20,jacob94@example.org
A390,Jerry Parker,West Kimville,2024-07-17,devinstevens@example.com
A391,Alyssa Gonzalez,Youngburgh,2018-06-21,robert08@example.com
A392,Ana Mendoza,Lisaport,2015-06-21,markcurtis@example.net
A393,David Perry,Montgomeryberg,2024-08-16,linda79@example.net
A394,Michael Davis,East Eric,2018-02-27,carmen43@example.com
A395,Jonathan Atkinson,West Kimberly,2023-11-19,anthonygreen@example.org
A396,Samantha Palmer,West Eugene,2015-07-07,david76@example.com
A397,Tina Clark,East Kristen,2021-12-20,rachel70@example.net
A398,Stephanie Lynch,New Rita,2016-10-17,dunnkyle@example.org
A399,Susan Palmer,Laurieside,2019-03-20,yrogers@example.org
A400,Jeffrey Rowe,Scottberg,2024-04-05,kathrynwong@example.com
A401,Daniel Davis,Hickmanfurt,2024-08-22,courtneyescobar@example.com
A402,John Lee,New Donaldville,2017-11-11,qreynolds@example.org
A403,Brenda Ramos MD,Port Michelle,2017-06-15,rebeccavilla@example.net
A404,Jesse Garza,Michaelchester,2023-02-11,kwarren@example.org
A405,Brianna Anderson,Lake Josephton,2023-08-28,janet43@example.com
A406,Brandi Trujillo,Lewisshire,2023-12-17,serranorichard@example.org
A407,Willie Klein,East Matthewfurt,2025-04-23,mark72@example.com
A408,Kevin Williamson Jr.,New Lynn,2017-09-05,robertselizabeth@example.org
A409,Alexander Smith,Wileyberg,2022-02-10,sarahgentry@example.org
A410,Shannon Cole,Lake Carlamouth,2019-03-20,elliotttina@example.com
A411,Melissa Strickland DDS,South Tyler,2017-09-10,kaitlynruiz@example.net
A412,Joshua Lawson,New Kristenchester,2023-09-12,silvasteven@example.net
A413,Kayla Harmon,Marcview,2024-10-07,jwalsh@example.net
A414,Patrick Dudley,Port Paulfurt,2018-11-14,jmeyers@example.com
A415,Tyler Marshall DVM,Robinside,2024-09-18,robertkrueger@example.net
A416,Jessica Oliver,Stephensshire,2022-06-12,samuel82@example.net
A417,Colleen Mitchell,New Maryville,2023-04-27,lisaphillips@example.com
A418,Travis Leon,North Vanessaton,2019-07-17,larsoncheryl@example.net
A419,Anthony Parks,Mooreville,2016-12-08,jennifer99@example.com
A420,Elizabeth Davis,North Deannaberg,2018-07-13,martinezjose@example.net
A421,Teresa Aguirre,East Janet,2019-11-10,zachary31@example.com
A422,Rodney Page,West Christine,2019-05-23,tony50@example.org
A423,Kevin Williams,Nicholasberg,2018-04-12,kimberly07@example.org
A424,Christina Jones,Ericahaven,2018-08-14,wendy41@example.com
A425,Deborah Fernandez,West Jenniferchester,2023-01-26,stephaniefrench@example.net
A426,Steven Davis,West Kristina,2024-08-11,brendafisher@example.org
A427,Joseph Scott,New Jamesberg,2018-02-09,taylorroger@example.com
A428,Rebecca Gonzales,Chandlerhaven,2021-01-21,chasesusan@example.com
A429,Alex Winters,Erikaton,2018-09-03,livingstonbarbara@example.org
A430,Paige Wood,Lake Amber,2017-03-29,smithjoan@example.net
A431,Gabriel Stanley,Wolfberg,2021-11-13,rschmidt@example.com
A432,Michael Johnson,Heatherton,2019-09-22,millerbrian@example.org
A433,Brendan Huber,North Tonyton,2023-09-07,cmoore@example.com
A434,Joy Rodriguez,Port Meganfurt,2024-01-07,jeromejohnson@example.net
A435,Carmen Torres,Blackfort,2022-04-01,edwardmoreno@example.com
A436,David Estrada,North Tanyaport,2022-10-26,sharongreene@example.com
A437,Katherine Hickman,Gutierrezland,2023-10-07,zbowman@example.net
A438,Alvin Hall,Dawnburgh,2019-12-31,jacksonmark@example.com
A439,Joseph Carroll,East Carlyton,2024-11-14,gutierrezmatthew@example.net
A440,Derek Anderson,Jeremyton,2019-12-25,suzanneboyd@example.com
A441,Heather Jones,Kristinmouth,2021-09-30,barbara92@example.org
A442,Scott Brown,Millerstad,2017-09-23,rtaylor@example.org
A443,George Myers,Jenkinsmouth,2018-07-22,kjordan@example.com
A444,Andrea Garcia,East Robertoberg,2021-01-21,erinbates@example.net
A445,Patrick Johnson,Jonesmouth,2025-04-12,madisonwilson@example.net
A446,Jessica Robinson,East Luke,2023-03-16,fuentesamy@example.org
A447,Alexis Vasquez,South Darren,2023-02-07,vickiholmes@example.net
A448,Steve Thomas,North Denise,2025-03-27,ashley66@example.org
A449,Bryan Boyd,Lake Jasontown,2018-02-25,jessicabrooks@example.com
A450,Tiffany Hayes,Port George,2020-08-30,gibbsedward@example.net
A451,Robin Rivas,Lake Rebeccafort,2025-03-14,mnavarro@example.net
A452,Elizabeth Rowe,East Molly,2018-06-22,erikjones@example.net
A453,Tim Hall,Walkerfort,2016-07-10,knightjeffrey@example.net
A454,Kathy Hawkins,Port Tara,2019-07-15,vprice@example.org
A455,Antonio Norman,Jeffreyport,2018-06-01,bowmanjaime@example.net
A456,David Mueller,New Alan,2024-11-12,jeremy89@example.net
A457,Barbara Green,Martinview,2018-09-30,allensmith@example.org
A458,Michelle Williams,Wilsonview,2017-08-06,pbeasley@example.net
A459,Heather Kemp,Port Connor,2017-09-04,maxwelljoshua@example.com
A460,Stephanie Lynch,South Cristinaland,2019-05-24,pmoore@example.org
A461,Katherine Benson,Port Jonathanport,2017-01-12,grahamjoseph@example.com
A462,Patricia Vaughn,Contrerasmouth,2017-06-26,burkeerica@example.net
A463,Connor Parker Jr.,Royburgh,2017-11-09,donald28@example.org
A464,Megan Miller,Monroechester,2018-12-21,gordondominique@example.org
A465,Barbara Fritz,Wilsonton,2021-11-10,emilygonzalez@example.com
A466,Trevor Perry,New Richardstad,2020-02-24,garciakaitlyn@example.org
A467,Nancy Ramirez,Lake Paulafort,2017-03-21,smithjennifer@example.net
A468,Kristin Crawford,Shawnton,2017-07-09,lblack@example.com
A469,Jennifer Martin,New Brianaside,2016-02-08,brianreyes@example.com
A470,Lauren Noble,East Dawn,2019-11-22,sean11@example.com
A471,Elizabeth Duncan,East Johnville,2018-12-16,fosterallison@example.org
A472,Erik Owens,West Nathan,2019-05-27,qrodgers@example.org
A473,John Olson,Sarastad,2022-05-23,michaellee@example.org
A474,Jodi Davis,Barbarahaven,2015-10-25,kevin41@example.com
A475,Mark Crosby,Johnsonshire,2021-11-04,lopezjorge@example.com
A476,Jeffery Martinez,North Angela,2022-07-11,tammylambert@example.net
A477,Tanner Torres,Edwardside,2020-04-12,wmiller@example.org
A478,Brittany Freeman,Lewisberg,2023-12-06,tmorton@example.com
A479,Benjamin Berry,Lake Heather,2020-07-31,garciakathleen@example.org
A480,Shannon Parker,Yeseniamouth,2019-12-01,kevin74@example.com
A481,Susan Haas,North Tanya,2022-04-20,ngreen@example.net
A482,Jessica Buck,South Dianeland,2019-11-21,petersbrett@example.com
A483,Julie Jackson,Joshuafort,2019-10-28,bobbyross@example.org
A484,Kathleen Johnson,West Markville,2023-05-21,ingramamanda@example.org
A485,Ryan Peterson,Brittanyton,2022-01-02,collinseric@example.com
A486,Carol Miller,Rhondaville,2016-12-10,carl80@example.org
A487,Timothy Lewis,Williamsfort,2019-04-16,elizabeth92@example.org
A488,Sierra Smith,South Moniqueborough,2023-03-06,deborah33@example.com
A489,Gregory Harper,Melissaburgh,2024-09-10,lthompson@example.org
A490,Rachel Rogers,New Elizabethport,2021-08-02,albertgray@example.org
A491,Richard Martinez,Priscillaview,2017-02-17,pmills@example.org
A492,Justin Bell,Davidsonview,2024-01-17,gaygregory@example.com
A493,Christina Mahoney,Lake Andrea,2017-09-11,dbaker@example.net
A494,Robert Fowler,East Tamara,2019-12-26,denisecampbell@example.com
A495,Jennifer Patterson,Port Paige,2022-03-05,steven58@example.net
A496,Jane Martinez,Austinfort,2018-08-09,reneephillips@example.net
A497,Phillip Mclean,East Kevin,2022-02-07,barbararose@example.org
A498,Patricia Carney,New Michelle,2023-06-05,devinedwards@example.net
A499,Brent Howell,Thompsonside,2018-03-17,whitesteven@example.net
A500,Alejandra Shaw,East Cindyside,2018-04-06,nduffy@example.com
