employeeID,name,position,hireDate,branchID,email
E0001,Michelle Phillips,Clerk,2016-01-12,B181,thompsonkelly@example.net
E0002,Maria Johns,Advisor,2015-08-30,B091,mmartinez@example.org
E0003,Amanda Robles,Clerk,2022-10-08,B114,hillbenjamin@example.com
E0004,Donna Douglas,Teller,2020-09-02,B130,reynoldsphillip@example.com
E0005,Jesse Parks PhD,Manager,2016-11-09,B075,robertcox@example.org
E0006,Dominique Rivera,Clerk,2018-06-12,B038,hahnlauren@example.com
E0007,Kristopher Moon,Manager,2024-11-29,B122,dclark@example.com
E0008,Taylor Snyder,Advisor,2024-09-05,B021,ghester@example.net
E0009,Tina Hurley,Manager,2024-03-04,B069,williamspamela@example.net
E0010,Amber Ford,Teller,2025-04-06,B060,wrightjoshua@example.net
E0011,Jessica Ortega,Manager,2022-11-01,B192,connielopez@example.org
E0012,Brooke Jones,Advisor,2019-12-17,B186,treynolds@example.net
E0013,Denise Schaefer,Clerk,2021-03-25,B015,nicholas27@example.org
E0014,David Johnson,Clerk,2019-10-02,B043,yhernandez@example.com
E0015,Danielle Rodriguez,Teller,2022-09-29,B116,trice@example.net
E0016,Joseph Massey,Advisor,2024-01-12,B176,jeffevans@example.com
E0017,Wendy Ruiz,Manager,2015-12-05,B019,zimmermanmaria@example.com
E0018,Kristen Stout,Clerk,2025-02-04,B012,hruiz@example.org
E0019,Sonya Coffey,Clerk,2018-04-27,B097,xhardy@example.net
E0020,David Barton,Advisor,2017-01-30,B009,lozanokyle@example.org
E0021,Emily Mitchell,Clerk,2023-10-15,B105,bryangarcia@example.com
E0022,Samantha Nelson,Manager,2017-08-26,B044,kfloyd@example.org
E0023,Samantha Gentry,Advisor,2022-12-08,B118,bryanchoi@example.org
E0024,Regina Parker,Teller,2016-04-04,B109,joshua15@example.com
E0025,Hannah Dunn,Clerk,2015-09-04,B051,olivia29@example.net
E0026,Katie Richards,Clerk,2017-12-10,B146,lorimiller@example.net
E0027,Tammy Bell,Advisor,2024-04-16,B180,ufrederick@example.org
E0028,Dale Hernandez,Teller,2021-06-11,B147,rhayes@example.com
E0029,Stephanie Evans,Clerk,2019-11-18,B111,lekim@example.net
E0030,Victoria Frazier,Teller,2015-07-25,B021,kathrynturner@example.net
E0031,Gerald Williams,Teller,2023-04-28,B064,lisacarey@example.com
E0032,Jessica Henry,Teller,2020-12-31,B018,robert33@example.com
E0033,Jason Howard,Teller,2020-01-07,B142,scottwilliam@example.org
E0034,Sherry Robbins,Teller,2019-07-11,B136,joandouglas@example.org
E0035,Sandra Dunn,Manager,2016-09-20,B030,iharris@example.org
E0036,Christopher Bennett DVM,Clerk,2016-01-03,B151,hfleming@example.net
E0037,Cassandra Rogers,Clerk,2021-01-02,B112,terri91@example.org
E0038,Kristen Harris,Teller,2024-12-12,B097,stoneelizabeth@example.com
E0039,Jennifer Smith,Clerk,2016-06-27,B073,xflores@example.org
E0040,Tanya Hall,Clerk,2020-02-21,B135,jennifervalentine@example.net
E0041,Sergio Bryant,Clerk,2018-10-18,B154,pennywalker@example.com
E0042,Rachael Collins,Clerk,2020-07-22,B128,robertconley@example.org
E0043,Leroy Ramsey,Clerk,2022-09-30,B030,kbeck@example.com
E0044,Mrs. Debra Evans,Manager,2016-10-29,B010,ramirezsavannah@example.net
E0045,Tony Curry,Advisor,2020-08-18,B072,kford@example.com
E0046,Jennifer Owen,Teller,2018-04-25,B031,xlittle@example.org
E0047,Jonathan Lamb,Advisor,2022-06-11,B021,briansimmons@example.com
E0048,Mr. Daniel Simpson,Teller,2022-02-21,B001,joseph13@example.com
E0049,Michelle Gonzalez DVM,Manager,2019-12-03,B004,zmiller@example.net
E0050,Thomas Ritter,Clerk,2019-08-02,B194,mwilliams@example.com
E0051,Justin Phillips,Clerk,2022-07-04,B122,katie56@example.org
E0052,Nancy Solis,Teller,2024-03-26,B061,jnelson@example.net
E0053,Mark Bartlett,Clerk,2018-07-23,B026,arnolddiana@example.com
E0054,Joel Williams,Teller,2017-02-19,B122,idavila@example.net
E0055,Brenda Vasquez,Clerk,2020-07-22,B166,harperjessica@example.net
E0056,Cole Sandoval,Advisor,2021-02-22,B111,christopher45@example.net
E0057,Ronald Rojas,Clerk,2022-09-28,B059,ewingedward@example.org
E0058,April Aguilar,Teller,2021-10-07,B048,kwoods@example.com
E0059,Robert Wright,Advisor,2018-02-13,B083,greendaniel@example.net
E0060,Derrick Knight,Clerk,2015-08-06,B016,jenniferlopez@example.net
E0061,Michael Moore,Advisor,2017-11-12,B181,jenna92@example.com
E0062,Vincent Beck,Clerk,2022-02-01,B087,hgonzalez@example.com
E0063,Dr. Stephanie Sullivan,Advisor,2024-02-23,B093,scottwilliams@example.com
E0064,Kimberly Potter,Manager,2021-02-26,B153,bwilson@example.com
E0065,Brian Jones,Teller,2016-09-26,B145,robertgriffin@example.org
E0066,Andrew Ortega,Advisor,2023-10-19,B136,patrick32@example.org
E0067,Lindsey Blankenship,Advisor,2022-02-26,B101,robertmartinez@example.com
E0068,Rodney Scott,Teller,2016-07-11,B072,robert91@example.org
E0069,Melinda Santiago,Manager,2025-03-12,B158,pamela52@example.com
E0070,Travis Phillips,Manager,2017-11-30,B011,whitejesse@example.com
E0071,Johnny Roberts,Teller,2023-02-06,B185,roger10@example.com
E0072,Jenna Heath,Manager,2020-08-22,B049,thicks@example.net
E0073,Austin Jackson,Manager,2021-04-15,B003,ymitchell@example.net
E0074,Anthony Estrada,Clerk,2021-11-18,B168,emma79@example.com
E0075,Shirley Oneal,Manager,2020-10-22,B016,caleb68@example.net
E0076,Perry Glenn,Manager,2021-07-09,B193,cesar22@example.org
E0077,Linda Carroll,Teller,2017-02-03,B047,hernandezisaiah@example.org
E0078,Michele Nichols,Teller,2016-05-12,B050,collinsjustin@example.net
E0079,Peter King,Manager,2019-12-11,B142,michaelcastillo@example.org
E0080,Rachel Knox,Manager,2016-07-04,B064,sabrinaarellano@example.org
E0081,Christopher Austin,Manager,2018-01-20,B124,amber87@example.com
E0082,Jessica Paul,Advisor,2017-02-15,B019,burgessrichard@example.org
E0083,Robert Scott,Teller,2020-12-13,B101,edwardjones@example.com
E0084,Frank Cooper,Clerk,2018-03-04,B185,anthony33@example.net
E0085,Eric White,Clerk,2024-11-02,B099,kennethadams@example.com
E0086,Christopher Wong,Teller,2015-07-03,B062,jacob11@example.net
E0087,Larry Martinez,Teller,2016-07-21,B116,obrown@example.org
E0088,Taylor Osborn,Teller,2022-05-23,B184,courtney45@example.net
E0089,Benjamin Murphy,Manager,2015-10-24,B055,dylan24@example.net
E0090,Patrick Poole,Teller,2025-06-03,B016,dmcdonald@example.net
E0091,Jessica Jensen,Teller,2018-01-31,B060,cranejason@example.net
E0092,Maria Chase,Clerk,2016-04-18,B060,susanhernandez@example.com
E0093,Derek Green,Clerk,2017-05-10,B176,tammy02@example.org
E0094,Amanda Barton,Advisor,2016-02-22,B063,jackie04@example.net
E0095,Debra Murphy,Advisor,2017-03-07,B114,jameswebb@example.net
E0096,Richard Gilmore,Advisor,2022-08-01,B049,sharon68@example.net
E0097,Nicole Dean,Manager,2024-08-07,B036,lisa33@example.com
E0098,Keith Shepherd,Manager,2016-02-09,B148,raychelsea@example.org
E0099,Grant Robbins,Clerk,2020-07-06,B079,molinastephanie@example.com
E0100,Melanie Humphrey,Advisor,2017-01-11,B032,gonzalesnicholas@example.com
E0101,Amber Dunn,Advisor,2023-05-16,B192,icosta@example.net
E0102,John Ortiz,Clerk,2017-08-02,B026,john36@example.net
E0103,Willie Osborn,Clerk,2016-03-07,B174,dcurtis@example.com
E0104,Adam Stafford,Manager,2018-04-09,B187,peggy31@example.com
E0105,Marco West,Manager,2022-10-02,B030,greenpamela@example.net
E0106,Aimee Wilkins,Advisor,2024-06-28,B030,tpatterson@example.net
E0107,John Evans,Advisor,2018-10-13,B124,jmahoney@example.net
E0108,Robert Beasley,Clerk,2022-11-12,B017,rodriguezalice@example.net
E0109,Lindsay Johnson,Manager,2018-03-06,B144,zachary12@example.com
E0110,Mark Chavez,Manager,2023-04-18,B092,kevinsmith@example.com
E0111,Scott Henry,Clerk,2021-07-04,B067,erin61@example.com
E0112,Tamara Pearson,Advisor,2021-07-22,B036,sheliawright@example.org
E0113,Charles Parrish,Clerk,2022-07-26,B167,tommylynch@example.com
E0114,Francisco Mack,Clerk,2023-04-19,B090,melissa01@example.org
E0115,Renee Mcdowell,Manager,2020-09-24,B017,hallmichaela@example.org
E0116,Deborah Roth,Teller,2020-06-30,B134,prattkelly@example.net
E0117,Eric Camacho,Advisor,2016-08-04,B061,michaelbush@example.com
E0118,Leslie Brown,Clerk,2016-10-01,B073,coxpamela@example.net
E0119,Ryan Curry,Advisor,2024-04-02,B185,eblackwell@example.org
E0120,Gerald Wallace,Manager,2023-04-19,B087,victoriasoto@example.com
E0121,Samantha Lawrence,Advisor,2017-03-30,B016,petersleslie@example.com
E0122,Willie James,Clerk,2019-03-21,B180,wrobinson@example.net
E0123,Mark Williams,Clerk,2025-05-30,B184,mollybarnett@example.org
E0124,Maria Harrell,Advisor,2016-06-25,B198,steveesparza@example.org
E0125,Elizabeth Flores,Advisor,2016-11-01,B022,kimberly87@example.com
E0126,Christopher Compton,Clerk,2022-08-09,B114,debbiemoss@example.org
E0127,Roberta Gonzales,Advisor,2021-11-08,B070,pcaldwell@example.org
E0128,Rebecca Watts,Manager,2017-12-21,B004,beardbrian@example.com
E0129,Bridget Powell,Clerk,2018-08-05,B027,kimberly42@example.net
E0130,Harold Nelson,Teller,2023-01-07,B191,katherinejones@example.com
E0131,Cindy Gonzales,Clerk,2020-04-26,B068,daniel32@example.com
E0132,Brian Melton,Manager,2024-12-30,B083,michaelsmith@example.org
E0133,Heather Haynes,Manager,2019-03-22,B181,robin92@example.com
E0134,Jason Hatfield,Manager,2022-01-27,B153,emcdaniel@example.org
E0135,Stephanie Williams,Advisor,2019-06-10,B066,monicasanchez@example.com
E0136,Monique Robinson,Clerk,2019-04-05,B036,martin82@example.net
E0137,Brandon Brown,Teller,2022-09-15,B010,weisserin@example.com
E0138,Brenda York,Advisor,2023-12-25,B094,ericphillips@example.com
E0139,Jacob Reynolds,Clerk,2019-12-20,B171,davenportisaiah@example.org
E0140,Yvonne Bradford,Teller,2025-04-04,B118,debra35@example.com
E0141,John Williams,Clerk,2015-12-23,B174,ivega@example.com
E0142,Sherry Hubbard,Clerk,2022-05-07,B045,bgibbs@example.net
E0143,Shannon Hensley,Manager,2021-03-01,B028,loganjeff@example.org
E0144,Catherine Harris,Teller,2016-11-09,B015,wrightjoseph@example.net
E0145,David Garcia,Teller,2024-03-05,B004,drobinson@example.net
E0146,Ann Cobb,Teller,2018-07-22,B043,matthew63@example.com
E0147,Michelle Rogers,Advisor,2017-03-25,B080,james76@example.net
E0148,Michael Taylor,Teller,2016-11-14,B041,knightpamela@example.com
E0149,Francisco Frazier,Clerk,2016-03-04,B167,stacybarker@example.net
E0150,Tony Hernandez,Manager,2024-12-15,B093,hallpatricia@example.net
E0151,Laura Morrison,Teller,2022-10-22,B033,hgarza@example.net
E0152,Brandi Howard,Teller,2022-10-13,B012,jacob93@example.org
E0153,Olivia Smith,Teller,2021-07-10,B188,melissanorris@example.net
E0154,Paul Hartman,Advisor,2018-01-12,B159,hcarter@example.com
E0155,Daniel Young,Advisor,2018-08-08,B134,martin70@example.net
E0156,Robert Haynes,Teller,2022-08-26,B194,brightrobert@example.com
E0157,Cindy Hartman,Teller,2024-05-27,B035,kwilliams@example.net
E0158,Robert Mclean,Clerk,2022-11-11,B058,ryan22@example.com
E0159,Johnny Brown,Manager,2015-09-29,B152,nicholas88@example.org
E0160,Shannon Wright,Manager,2024-10-15,B113,shaun11@example.org
E0161,Patricia Allen,Clerk,2017-05-22,B197,zpollard@example.org
E0162,Jonathan Fleming,Manager,2021-08-06,B150,smithkara@example.net
E0163,Steven Guerra,Advisor,2018-03-30,B123,andrea78@example.org
E0164,Jennifer English,Manager,2020-08-24,B189,sylviaarias@example.org
E0165,Courtney Berg,Teller,2019-12-31,B131,hweeks@example.net
E0166,Michael Bonilla,Advisor,2023-08-10,B107,whernandez@example.net
E0167,Katherine Smith,Teller,2016-07-04,B020,warrenjohn@example.net
E0168,Beverly Morton,Advisor,2025-01-07,B176,brittney83@example.org
E0169,Cassandra Rogers,Manager,2016-08-07,B069,clarkejeffrey@example.org
E0170,Kevin Moreno,Manager,2019-02-21,B069,katherinevalentine@example.net
E0171,Christina Lane,Manager,2021-12-26,B028,aaronlopez@example.org
E0172,Tracey Harrison,Clerk,2018-10-31,B102,sonya33@example.com
E0173,Stephanie Smith,Advisor,2016-10-22,B015,brittany92@example.com
E0174,Nichole Moore,Manager,2018-03-04,B185,donovanwilliam@example.org
E0175,Kimberly Casey,Clerk,2024-01-09,B129,lbarker@example.org
E0176,Gene Smith,Advisor,2020-02-03,B054,ymoore@example.org
E0177,Alyssa Mason,Teller,2015-06-25,B030,iblake@example.com
E0178,Mrs. Megan Barnes,Clerk,2018-01-24,B172,andrew37@example.net
E0179,Kayla Schultz,Advisor,2016-01-09,B132,dgarcia@example.net
E0180,Veronica Perez,Clerk,2017-10-27,B096,bakeramanda@example.org
E0181,Christy Ponce,Clerk,2022-11-10,B012,ashley84@example.org
E0182,Samantha Perez,Advisor,2016-02-27,B175,iwagner@example.com
E0183,Jacob Wood,Advisor,2017-04-14,B132,sandrashaw@example.org
E0184,Jeffrey Ellis,Manager,2025-01-17,B148,tjones@example.org
E0185,Lisa Scott,Manager,2024-07-18,B137,david35@example.com
E0186,Annette Macias,Clerk,2016-12-07,B192,jeffrey28@example.org
E0187,Kristen Wagner,Teller,2025-02-13,B063,melissapope@example.com
E0188,Christopher Wheeler,Manager,2021-06-10,B155,alexanderjones@example.net
E0189,Teresa Williams,Clerk,2023-03-18,B168,osmith@example.com
E0190,Amy English,Clerk,2022-04-04,B186,john78@example.com
E0191,Brian Ramirez,Manager,2023-01-04,B131,ruizrandy@example.net
E0192,Aaron Torres,Manager,2015-09-06,B164,julia56@example.net
E0193,Grace Baker,Teller,2017-04-29,B058,amcdowell@example.net
E0194,Lauren Fitzgerald,Manager,2018-09-25,B194,dmonroe@example.com
E0195,Donald Roberts,Advisor,2021-12-12,B017,samantha91@example.org
E0196,Nicole Smith,Clerk,2019-10-27,B117,brianramsey@example.net
E0197,Amanda Potter,Advisor,2019-01-10,B137,deannajohnson@example.org
E0198,David Wheeler,Teller,2023-06-24,B173,danparrish@example.org
E0199,Leonard Obrien,Teller,2017-08-25,B022,ojordan@example.org
E0200,Austin Moore,Clerk,2021-06-03,B135,sullivansteven@example.org
E0201,Teresa Moore,Manager,2022-04-27,B076,melissaharvey@example.com
E0202,Justin Beasley,Teller,2017-05-12,B045,danielsanchez@example.org
E0203,Melissa Davis,Manager,2023-03-08,B136,yfoster@example.net
E0204,Michele Tran,Clerk,2024-02-26,B111,ellisdon@example.net
E0205,Christopher Barnes,Clerk,2017-12-30,B052,tonychambers@example.org
E0206,Tyler Myers,Advisor,2020-06-07,B071,hzhang@example.org
E0207,Maria Davis,Manager,2015-11-13,B109,jamesburns@example.com
E0208,Edward Floyd,Advisor,2020-05-28,B145,tdavis@example.net
E0209,Barbara Sanders,Advisor,2021-08-01,B119,dramirez@example.com
E0210,Susan Douglas,Teller,2022-08-06,B092,keithbarron@example.org
E0211,Pamela Nichols,Teller,2022-08-19,B027,lambertraymond@example.org
E0212,Amy Miller,Teller,2019-02-14,B177,kyleclayton@example.net
E0213,Christopher Chambers,Advisor,2017-03-26,B162,sanderskristen@example.net
E0214,Samantha Brady,Clerk,2015-11-11,B162,markharris@example.net
E0215,Austin Sanchez,Manager,2024-06-08,B073,robinsoncourtney@example.org
E0216,Christian Knight,Manager,2020-09-07,B004,snyderedward@example.net
E0217,Nathan Green,Advisor,2015-09-21,B184,josephgutierrez@example.com
E0218,Juan Huffman,Clerk,2015-08-16,B192,sgates@example.com
E0219,Anne Ferguson,Clerk,2021-09-21,B011,nclark@example.net
E0220,Jill Grant,Manager,2022-12-31,B016,sanchezdale@example.com
E0221,Robert Gonzalez,Advisor,2025-04-23,B082,ofarrell@example.org
E0222,Eric Rodriguez,Advisor,2023-03-02,B091,christine11@example.net
E0223,Patricia Shelton,Teller,2020-12-04,B010,jerry14@example.com
E0224,Clarence Smith,Advisor,2019-04-25,B151,matthewrodriguez@example.org
E0225,Dawn Williams,Advisor,2023-02-17,B001,derekbullock@example.com
E0226,Joshua Rogers,Advisor,2024-05-04,B151,jacksonjasmine@example.com
E0227,Edward Smith,Clerk,2019-04-15,B031,kristinperez@example.com
E0228,Lisa Day,Teller,2018-12-16,B182,wjohnson@example.org
E0229,Melissa Morris,Advisor,2019-06-16,B057,lhinton@example.org
E0230,Emily Freeman,Clerk,2020-11-02,B105,lindasmith@example.com
E0231,David Moore,Manager,2018-02-15,B039,keith79@example.net
E0232,Alan Wood,Teller,2016-04-13,B041,amysanchez@example.org
E0233,Anthony Carpenter,Manager,2020-10-03,B186,kristy15@example.com
E0234,Noah Bird,Clerk,2023-03-11,B008,rerickson@example.com
E0235,Logan Henderson,Manager,2021-06-22,B155,robert60@example.com
E0236,Erik Stanley,Manager,2020-03-21,B016,shawangela@example.org
E0237,Charles Williams,Teller,2024-06-11,B145,ncox@example.org
E0238,Roger Fischer,Clerk,2023-07-29,B011,dsmith@example.com
E0239,William Sanders,Advisor,2017-01-28,B121,gabbott@example.org
E0240,Lucas Fox,Manager,2015-09-06,B045,paullori@example.org
E0241,Deborah Fitzgerald,Teller,2015-11-10,B079,pamela04@example.net
E0242,Martha Keller,Manager,2019-10-29,B127,richardsmith@example.org
E0243,Alexander Carter,Advisor,2018-04-21,B120,blanchardjessica@example.org
E0244,Krista Blanchard,Manager,2023-03-24,B058,martinezjoel@example.com
E0245,Stephen Ryan,Advisor,2019-08-15,B192,njackson@example.com
E0246,Derek Brewer,Manager,2016-08-18,B112,caitlinmccarthy@example.net
E0247,Eric Morris,Advisor,2016-06-19,B123,rebeccamitchell@example.net
E0248,Elizabeth Harvey,Teller,2022-04-30,B014,virginiatorres@example.com
E0249,Isaac Ingram,Advisor,2018-01-28,B172,jason15@example.org
E0250,Ashley Mercado,Advisor,2022-03-14,B117,brownmichael@example.net
E0251,Kimberly Franklin,Clerk,2017-09-16,B106,karen10@example.com
E0252,Mrs. Stephanie Green,Advisor,2023-11-19,B057,shansen@example.com
E0253,Gary Olsen,Advisor,2016-02-17,B017,diana63@example.net
E0254,Jonathan Knox,Manager,2021-06-13,B197,calvinstewart@example.net
E0255,Austin Jackson,Manager,2021-03-15,B127,martinryan@example.com
E0256,Kelly Gamble,Manager,2018-02-17,B107,onealrichard@example.com
E0257,Jill Luna,Clerk,2020-12-27,B164,jamie87@example.com
E0258,Brenda Parker,Advisor,2023-04-04,B169,robert95@example.net
E0259,Todd Osborne,Advisor,2024-10-24,B070,charles18@example.net
E0260,Tamara Hall,Advisor,2021-11-26,B066,melindaharris@example.com
E0261,Nicole Anderson,Teller,2021-09-06,B103,williammyers@example.com
E0262,Derrick Herrera,Advisor,2021-11-15,B040,jacob67@example.net
E0263,Derek Schwartz,Clerk,2018-04-22,B168,thomashall@example.org
E0264,Roger Thomas,Teller,2016-01-27,B050,desiree42@example.net
E0265,Justin Giles,Clerk,2017-12-23,B097,htran@example.com
E0266,Isaac Mathis,Manager,2020-12-11,B152,adam02@example.net
E0267,Andrew Foster,Manager,2016-08-27,B189,racheljennings@example.net
E0268,Anthony Jones,Teller,2015-10-22,B040,randallchristine@example.com
E0269,Robert Clark,Manager,2023-02-28,B109,anthonysnow@example.net
E0270,Sandra Flores,Advisor,2021-01-15,B065,dtownsend@example.org
E0271,Timothy Chavez,Manager,2018-08-09,B175,annamartin@example.net
E0272,David Nelson,Advisor,2016-01-10,B089,micheledavis@example.net
E0273,Deanna Brown,Manager,2019-12-02,B176,robert35@example.net
E0274,Stephanie Johnson,Advisor,2020-03-11,B041,gregory01@example.com
E0275,Suzanne Mason,Clerk,2017-02-10,B014,whanson@example.com
E0276,Joyce Stanton,Advisor,2020-11-09,B156,ryanmaldonado@example.net
E0277,Whitney Spencer,Manager,2024-07-20,B006,perezjessica@example.org
E0278,Joanna Robinson,Manager,2016-08-26,B134,romerojonathan@example.org
E0279,Alexander Booth,Teller,2016-10-27,B027,balltasha@example.net
E0280,Lisa Johnson,Teller,2020-03-12,B011,mark49@example.com
E0281,Leonard Irwin,Clerk,2020-07-24,B147,joshua99@example.org
E0282,Lindsay Stevens,Teller,2017-02-16,B135,elizabethmay@example.net
E0283,Ralph Watkins,Clerk,2023-08-30,B031,hollanddonna@example.net
E0284,Joshua Phillips,Clerk,2018-06-29,B075,heather78@example.org
E0285,Carly Acevedo,Teller,2020-12-05,B124,hughessergio@example.org
E0286,Joseph Martin,Clerk,2022-06-27,B186,robert15@example.com
E0287,Deborah Kelly,Manager,2016-02-12,B125,gonzalezelizabeth@example.org
E0288,Kathy Dickerson,Clerk,2023-10-08,B165,greenbrittany@example.net
E0289,Kristen Fields,Advisor,2020-06-04,B145,rodriguezapril@example.com
E0290,Christopher Williams,Manager,2022-06-15,B104,calvin75@example.com
E0291,Theresa Steele,Manager,2022-06-29,B194,burnetttanya@example.net
E0292,Sarah Ellis,Teller,2017-04-17,B139,joshua96@example.net
E0293,Michael Simon,Teller,2022-11-01,B102,christopherpetty@example.com
E0294,Brian Wise,Manager,2017-11-19,B074,robert94@example.com
E0295,Scott Bryan,Teller,2023-03-20,B173,annahenry@example.org
E0296,Ian Aguilar,Manager,2021-09-26,B040,davidwatson@example.org
E0297,Janet Delgado,Advisor,2024-05-01,B119,bgibbs@example.org
E0298,Timothy Clark,Teller,2024-03-27,B147,qbrewer@example.net
E0299,Brittany Swanson,Clerk,2022-06-03,B163,qscott@example.org
E0300,Anna Proctor,Manager,2017-08-04,B061,zhayes@example.org
E0301,Brandon Simmons,Teller,2022-12-30,B199,alexisgray@example.org
E0302,William Trevino,Clerk,2023-09-25,B136,kathleensmith@example.org
E0303,Victor Ryan,Clerk,2019-12-17,B071,timothycooper@example.com
E0304,Veronica Kelly,Advisor,2021-02-28,B195,margaretgilbert@example.org
E0305,Tracy Jarvis,Manager,2025-03-01,B178,valdezandre@example.org
E0306,Michael Jimenez,Clerk,2025-02-06,B091,dickersonlisa@example.net
E0307,Misty Dyer,Advisor,2016-08-18,B002,lalvarez@example.org
E0308,Miguel Watson,Advisor,2018-07-21,B130,jilljones@example.org
E0309,Linda Williams,Teller,2020-06-24,B144,pauldean@example.net
E0310,Susan Johnson,Teller,2019-06-27,B032,andrew55@example.org
E0311,Erin Merritt,Manager,2018-10-03,B069,helenlang@example.org
E0312,Kathryn Smith,Manager,2020-11-23,B114,castillomichael@example.net
E0313,Kelli Russell,Teller,2017-11-03,B125,murraywilliam@example.org
E0314,Michelle Lee,Clerk,2019-01-06,B107,wsmith@example.net
E0315,Justin Perry,Manager,2021-05-11,B118,emilysilva@example.net
E0316,Theresa King,Teller,2022-07-07,B091,kelsey18@example.org
E0317,John Aguirre,Manager,2019-06-21,B128,zparker@example.net
E0318,Kevin Hill,Manager,2022-02-27,B098,rrobinson@example.org
E0319,Diane Thompson,Teller,2016-10-05,B146,davidwilliamson@example.org
E0320,Randall Lewis,Manager,2021-04-05,B111,kylereynolds@example.com
E0321,Maria Frost,Teller,2022-05-26,B048,lconway@example.net
E0322,Mr. Charles Shaffer,Clerk,2024-12-24,B056,ruizmelissa@example.net
E0323,Catherine Perez,Advisor,2017-06-15,B144,vbrown@example.com
E0324,Melissa Abbott,Teller,2024-03-12,B162,ericksonryan@example.net
E0325,Stephen Franklin,Teller,2021-07-22,B161,stanleyenglish@example.org
E0326,Brandy Diaz,Manager,2017-11-26,B090,maddenwilliam@example.com
E0327,Rhonda Rivera,Advisor,2024-05-18,B069,mario52@example.org
E0328,Mark White,Manager,2016-12-14,B172,jesus46@example.org
E0329,Christopher Robinson,Clerk,2017-11-19,B165,brittanyrodriguez@example.net
E0330,James Baker,Teller,2017-10-04,B042,jmartin@example.com
E0331,Donald Wilson,Manager,2021-06-01,B044,kcruz@example.net
E0332,Curtis Brown III,Manager,2018-04-13,B023,melissa21@example.net
E0333,Melanie Reed,Manager,2017-03-12,B117,blewis@example.net
E0334,Misty Smith,Teller,2018-09-27,B183,gary68@example.net
E0335,Rachel Avila,Manager,2024-09-08,B180,jessica60@example.com
E0336,Jerry Avila,Clerk,2020-01-05,B178,wbean@example.org
E0337,Cheryl Guerrero,Advisor,2018-08-22,B196,matthew49@example.org
E0338,Patricia Smith,Manager,2023-12-06,B037,simpsonrobert@example.org
E0339,James Hughes,Manager,2020-02-10,B105,fergusonjerry@example.net
E0340,Gabriel Morris,Manager,2020-09-05,B190,danahenderson@example.net
E0341,Nathan Moore,Advisor,2021-01-09,B026,uhanna@example.com
E0342,Gregory Harper,Clerk,2021-08-30,B093,wgaines@example.org
E0343,Keith Williams,Advisor,2023-05-01,B164,ortizbrenda@example.org
E0344,Deborah Flores,Advisor,2021-12-10,B149,jonesthomas@example.net
E0345,Paul Edwards,Manager,2024-08-09,B083,chad14@example.org
E0346,Mary Horton,Manager,2018-06-13,B093,ruth86@example.com
E0347,Janice Wiley,Advisor,2024-06-17,B138,sarahmitchell@example.org
E0348,Veronica Schmitt,Advisor,2021-09-24,B111,matthewsheather@example.com
E0349,Matthew Sanchez,Advisor,2018-07-20,B094,gbaxter@example.com
E0350,Destiny Henry,Teller,2024-07-11,B053,omorgan@example.net
E0351,Debra Proctor,Clerk,2020-08-25,B075,richardsonannette@example.net
E0352,Timothy Gomez,Clerk,2017-03-02,B092,angelagray@example.org
E0353,William Johnson,Teller,2025-03-18,B183,cmckinney@example.com
E0354,Margaret Howard,Teller,2020-08-04,B015,bryan34@example.com
E0355,Daniel Reed,Advisor,2020-06-14,B168,kfarmer@example.com
E0356,Alan Gregory,Advisor,2022-08-27,B179,shepardamanda@example.net
E0357,Lauren Arnold,Teller,2025-03-19,B163,wgarcia@example.org
E0358,Edwin James,Manager,2019-07-26,B033,yuronald@example.com
E0359,Michael Spence,Manager,2023-10-23,B035,ghall@example.com
E0360,Jennifer Holmes,Teller,2016-03-27,B060,smithmichael@example.org
E0361,Megan Jones,Teller,2021-09-04,B057,alexis82@example.org
E0362,Dana Harrison,Advisor,2022-04-25,B113,trujillojohn@example.org
E0363,Jennifer Henry,Advisor,2021-02-21,B089,thomasjones@example.com
E0364,Karen Daniels,Advisor,2023-08-12,B100,leeanthony@example.com
E0365,Jennifer Morgan,Advisor,2015-07-14,B183,zacharybarnett@example.com
E0366,Vincent Elliott,Manager,2015-07-24,B157,srobinson@example.org
E0367,Travis Hart,Clerk,2018-08-25,B184,john66@example.net
E0368,Kristen Wood,Manager,2024-05-03,B025,devongreen@example.org
E0369,Courtney Stephens,Advisor,2016-08-24,B122,acarpenter@example.com
E0370,Jeffery Ramsey,Advisor,2020-03-21,B009,lhall@example.net
E0371,Connor Marquez,Clerk,2025-06-08,B173,angelaflores@example.org
E0372,Nicholas Powell,Manager,2017-09-27,B170,ytaylor@example.com
E0373,Sarah Clark,Advisor,2019-08-20,B158,bradley64@example.net
E0374,Tammy Fleming,Manager,2016-04-27,B024,fwright@example.org
E0375,Matthew Hunt,Manager,2020-08-22,B071,elizabeth42@example.com
E0376,Jessica Simpson,Advisor,2018-10-02,B058,wfuller@example.org
E0377,Jessica Herring,Advisor,2016-06-09,B194,renee08@example.net
E0378,Heather Griffin,Manager,2024-05-13,B147,jennifer35@example.org
E0379,Melanie Garner,Advisor,2024-12-28,B028,qwright@example.net
E0380,Jennifer Patton,Clerk,2016-04-15,B180,lisa30@example.com
E0381,Steven Williams,Clerk,2016-02-08,B079,michael53@example.org
E0382,Robert Bruce,Teller,2017-05-05,B148,jfields@example.com
E0383,Luke Mercado,Clerk,2018-10-21,B070,jaclyn84@example.net
E0384,Andrew Vang,Teller,2019-10-08,B133,calvin77@example.com
E0385,Kyle Fisher,Clerk,2025-05-26,B144,wandabrown@example.net
E0386,Kayla Miller,Manager,2021-08-25,B064,wallacewayne@example.org
E0387,Brandon Berger,Advisor,2023-09-02,B009,oliverdalton@example.net
E0388,Eric Rogers,Manager,2015-08-21,B053,heather75@example.org
E0389,Christina Kline,Clerk,2017-11-01,B063,williamsonandrea@example.org
E0390,Jeffrey Flynn,Advisor,2017-03-07,B155,fwilkinson@example.org
E0391,Shawn Hall,Advisor,2015-09-23,B039,avaughan@example.net
E0392,Robert Moreno,Manager,2022-06-19,B114,christine16@example.com
E0393,Emily Mckee,Teller,2020-12-03,B028,jesussellers@example.net
E0394,Andrea Potter,Advisor,2016-10-05,B085,comptongeorge@example.net
E0395,Connie Schaefer,Manager,2023-10-08,B104,idougherty@example.org
E0396,Shannon Woods,Teller,2019-01-26,B077,aboyd@example.org
E0397,Tammy Ayers,Teller,2016-11-01,B010,tammylong@example.org
E0398,Andrew Lewis,Clerk,2024-05-25,B005,jestes@example.org
E0399,Dr. Ashley Lowe,Teller,2025-03-28,B003,williamsmith@example.com
E0400,Kevin Crosby,Manager,2024-01-18,B084,alexislang@example.org
E0401,Lisa Pittman DVM,Teller,2020-09-17,B161,thomasbecky@example.com
E0402,Eric Simmons,Advisor,2016-07-31,B031,kellyavila@example.com
E0403,Wanda Moore,Manager,2023-06-15,B080,andrew54@example.com
E0404,Valerie King,Clerk,2024-10-12,B165,ubrennan@example.net
E0405,Thomas Wright,Advisor,2020-02-13,B189,brittanydunn@example.org
E0406,Lisa Beltran,Manager,2018-12-17,B053,gordonabigail@example.net
E0407,Timothy Howard,Advisor,2019-12-24,B096,hball@example.net
E0408,Kathleen Dickson,Manager,2023-03-05,B071,lesliewinters@example.net
E0409,Lindsey Flores,Advisor,2025-04-04,B155,zwheeler@example.org
E0410,Gail Sullivan,Teller,2022-09-19,B116,dcrawford@example.net
E0411,John Cruz,Manager,2023-10-26,B123,zbecker@example.com
E0412,Kendra Flowers,Teller,2016-01-13,B126,camposscott@example.com
E0413,Emily Allen,Advisor,2018-11-06,B021,cassandra00@example.com
E0414,Peter Hall,Advisor,2017-04-22,B021,rnguyen@example.org
E0415,Joseph Miller,Manager,2017-03-10,B045,pollardxavier@example.org
E0416,Stephen Moore,Manager,2015-11-13,B199,haileyhernandez@example.org
E0417,Jason Bowen,Teller,2019-10-14,B001,thuynh@example.org
E0418,Michael Pierce,Teller,2015-12-14,B022,shariburke@example.org
E0419,Samantha Mccall,Manager,2025-03-12,B075,mercedeswilliams@example.net
E0420,Anthony Gibson,Teller,2023-02-22,B147,sanforddanielle@example.org
E0421,Anthony Yang,Teller,2021-12-20,B109,robertramos@example.net
E0422,Tanner Wright,Advisor,2020-03-12,B067,brownbrian@example.com
E0423,Samantha Davis,Advisor,2015-11-19,B092,rachaelhamilton@example.net
E0424,Dr. Stephen White,Advisor,2021-10-06,B076,pollardjeanne@example.net
E0425,Darrell Frank,Teller,2022-04-11,B095,masonconnie@example.org
E0426,Christopher Riddle,Teller,2023-03-29,B156,thompsonmelissa@example.com
E0427,Lynn Cross,Teller,2024-11-10,B043,abigailhicks@example.net
E0428,Yolanda Hamilton,Clerk,2025-01-07,B199,jgordon@example.com
E0429,Elizabeth Rowe,Clerk,2018-03-30,B034,hcarter@example.net
E0430,William Romero,Manager,2024-10-30,B039,reidkari@example.org
E0431,Christopher Smith,Advisor,2021-01-08,B084,courtney84@example.org
E0432,Kristina Jackson,Teller,2019-06-04,B149,cunninghamaustin@example.com
E0433,Holly Jones,Advisor,2020-05-18,B157,riley66@example.org
E0434,Tiffany Brown,Manager,2020-06-11,B193,brandon20@example.org
E0435,Matthew Bentley,Manager,2016-11-17,B063,summersscott@example.org
E0436,William Andrews,Clerk,2023-12-17,B066,singhjacqueline@example.net
E0437,Christopher Harris,Clerk,2019-03-28,B024,michaelthomas@example.net
E0438,Brenda Roberts,Teller,2018-03-14,B184,rebeccadean@example.org
E0439,Jennifer Stewart,Clerk,2022-11-14,B015,alyssamiller@example.net
E0440,Sherry Hartman,Clerk,2019-08-18,B199,boyerryan@example.net
E0441,Jon Lopez,Clerk,2023-10-26,B065,sanchezjames@example.com
E0442,Lisa Flowers,Manager,2016-07-09,B082,woodwilliam@example.org
E0443,Anthony Owens,Advisor,2025-03-10,B187,sierrawolfe@example.com
E0444,Emily Garrett,Teller,2023-07-07,B087,rossadam@example.net
E0445,Sandra Harper,Teller,2017-07-26,B042,jeremiah83@example.org
E0446,Kari Johnson,Teller,2021-06-11,B027,louishill@example.org
E0447,William Bailey,Advisor,2022-01-09,B148,dylansavage@example.org
E0448,Christopher Caldwell,Clerk,2017-06-03,B040,thuffman@example.net
E0449,Vincent Martinez,Manager,2020-09-29,B114,gwhite@example.org
E0450,Kristen Smith,Advisor,2022-06-16,B141,amandajackson@example.net
E0451,Carrie Martinez,Teller,2018-09-05,B131,michael08@example.org
E0452,Timothy Charles,Teller,2019-10-28,B035,marcusjones@example.org
E0453,Victor Shepherd,Clerk,2024-12-14,B097,joycerodriguez@example.com
E0454,Amanda Foster,Clerk,2022-12-08,B091,dennisshawn@example.com
E0455,Kristina Hall,Teller,2015-12-30,B101,daniel89@example.net
E0456,Connor Dunn,Clerk,2023-07-03,B097,igray@example.org
E0457,David Kim,Clerk,2021-11-21,B096,salasjesus@example.net
E0458,Sheila Taylor,Clerk,2024-03-05,B179,leah77@example.org
E0459,Mercedes Padilla,Clerk,2016-09-23,B125,jreeves@example.com
E0460,Sherri Smith,Advisor,2015-11-05,B057,brownkendra@example.org
E0461,Scott Roberts,Clerk,2018-05-13,B190,drakesteven@example.org
E0462,Megan Garza,Clerk,2023-10-20,B107,utapia@example.com
E0463,Andrew Atkinson,Advisor,2025-01-26,B127,jamesmcdowell@example.org
E0464,Dakota Hill,Teller,2015-12-13,B042,chad95@example.net
E0465,Kimberly Butler,Advisor,2022-12-22,B178,larry37@example.net
E0466,Samuel Barr DDS,Clerk,2020-08-03,B101,rachelpalmer@example.com
E0467,Jose Knight,Advisor,2024-11-25,B100,leejonathan@example.com
E0468,Raymond Robbins,Advisor,2021-02-24,B080,catherinestokes@example.com
E0469,Carly Johnson,Teller,2020-12-25,B047,melindaking@example.com
E0470,Mr. Mark Brandt,Manager,2018-11-01,B160,fevans@example.com
E0471,Gerald Stephens,Advisor,2023-12-28,B023,andrewsjessica@example.org
E0472,John Fleming,Clerk,2022-10-26,B041,fowlerlori@example.net
E0473,Edward Santiago,Manager,2015-11-20,B097,nsantos@example.net
E0474,Stephen Gomez,Clerk,2023-11-07,B200,xlopez@example.org
E0475,Abigail Lewis,Clerk,2022-02-23,B076,whiteheadandrew@example.net
E0476,Rachael Stewart,Advisor,2021-11-10,B055,brianquinn@example.net
E0477,Dale Forbes,Manager,2021-04-16,B049,matthew36@example.com
E0478,Sally Collins,Manager,2021-12-09,B179,brittany52@example.com
E0479,Melissa Jones,Advisor,2020-01-01,B055,brooksbryan@example.com
E0480,Joy Dickson,Advisor,2019-10-02,B014,stephaniemora@example.net
E0481,Randall Mccarty,Advisor,2022-04-18,B101,vincentchambers@example.org
E0482,Stacy Jones,Advisor,2019-08-14,B097,jennifer75@example.com
E0483,Mary Elliott,Clerk,2023-10-22,B057,mpeterson@example.org
E0484,Cheryl Mueller,Advisor,2024-08-24,B064,jessicaalvarez@example.org
E0485,Christina Watts,Clerk,2023-07-07,B025,jacobjackson@example.org
E0486,Felicia James,Manager,2018-10-15,B192,stephaniestephens@example.com
E0487,Marilyn West,Manager,2020-04-17,B124,joshuajones@example.net
E0488,Angela Donovan,Advisor,2020-06-12,B093,jamesperry@example.net
E0489,Thomas Kelley,Manager,2017-12-29,B023,josephmorgan@example.net
E0490,Patrick Collins,Manager,2016-11-13,B040,alecarcher@example.org
E0491,Christopher Cantu,Clerk,2017-07-08,B161,wjones@example.org
E0492,Michael Smith,Clerk,2015-07-11,B112,clarklynn@example.net
E0493,Jonathan Castillo,Teller,2022-09-12,B121,kcook@example.net
E0494,Troy Espinoza PhD,Advisor,2015-08-07,B047,jparker@example.com
E0495,Norma Lee,Teller,2023-05-12,B045,trevor85@example.net
E0496,Samantha Moore,Advisor,2018-02-18,B180,dmartinez@example.com
E0497,Paul Harper,Clerk,2023-03-16,B152,donald03@example.com
E0498,Troy Jackson,Teller,2025-04-21,B141,xwyatt@example.org
E0499,Calvin Rhodes,Manager,2018-01-18,B122,nelsontravis@example.org
E0500,Mrs. Jordan Williams,Teller,2024-12-15,B031,johnbriggs@example.com
