incidentID,shipmentID,date,description,severity
IN20001,SH11042,2024-06-23,Officer produce together.,High
IN20002,SH12642,2025-03-19,Describe need they left wide.,Low
IN20003,SH13462,2025-06-13,Political through five fall again lawyer around maintain.,Low
IN20004,SH11432,2024-03-05,It serious yard apply hear.,High
IN20005,SH12378,2025-03-31,Push hour detail certainly especially head describe.,Medium
IN20006,SH11729,2025-06-02,Administration fall fund development anyone.,Low
IN20007,SH12331,2023-06-27,Teach actually recent region green save set no.,Medium
IN20008,SH11206,2024-04-23,Mr capital and party film.,Low
IN20009,SH10897,2023-10-04,Difference defense spring unit card body drug form.,Low
IN20010,SH12070,2024-10-19,Bag particular space about stock common for adult.,Medium
IN20011,SH10495,2024-10-23,May image window never end conference report.,Medium
IN20012,SH11599,2025-04-25,Section grow beautiful the store.,High
IN20013,SH10325,2025-03-11,Beat information floor fire clear amount more.,High
IN20014,SH13385,2024-01-31,Who peace tree full usually.,Low
IN20015,SH10692,2024-12-03,Three within beyond economic.,Medium
IN20016,SH11381,2024-08-07,Sound its attack will interesting place yard.,Low
IN20017,SH12921,2024-03-31,Gun return majority field son station free.,Low
IN20018,SH11882,2024-04-01,Manager soon within never call north stand.,Low
IN20019,SH11464,2024-12-13,Compare different cup difference analysis address do.,Medium
IN20020,SH13096,2023-11-07,Author stand special project religious grow.,High
IN20021,SH13369,2024-08-19,Mr yourself however give.,Low
IN20022,SH11038,2023-11-09,Training share admit go authority morning imagine.,Low
IN20023,SH11819,2023-09-03,Wind or scene reduce player manager hot offer.,Low
IN20024,SH13434,2024-01-24,Out budget better place.,Low
IN20025,SH13354,2025-03-03,Evidence challenge thus alone compare recent little.,Low
IN20026,SH12386,2024-08-20,Wrong begin perform treat production set.,Low
IN20027,SH12738,2023-08-17,Treatment likely thus like.,Low
IN20028,SH10411,2024-11-09,Gas your rate sing identify member seven your.,Low
IN20029,SH11285,2024-07-10,Success personal size hard.,High
IN20030,SH12668,2024-10-03,Sea interest grow may toward market.,High
IN20031,SH11681,2023-11-15,Paper medical fund actually produce challenge assume explain.,Low
IN20032,SH10307,2024-03-21,Agree cost win soldier.,Medium
IN20033,SH12753,2025-04-24,According fact heart lawyer military thank.,High
IN20034,SH13600,2024-07-02,Ball catch country.,Low
IN20035,SH13886,2025-02-04,Stay name live.,High
IN20036,SH11626,2024-01-21,Now yourself arrive a.,High
IN20037,SH13452,2024-02-21,Laugh our outside citizen card environment.,Low
IN20038,SH13571,2024-07-13,Someone break within middle serious rich.,High
IN20039,SH12156,2023-11-01,Hand site list yet single how.,Low
IN20040,SH10355,2024-04-15,View moment responsibility model name parent.,Medium
IN20041,SH13328,2023-10-01,About spring attack.,Medium
IN20042,SH13182,2025-05-05,Company role hour group.,Low
IN20043,SH10868,2025-02-25,Challenge option difficult threat.,Medium
IN20044,SH10130,2024-03-21,Security expert color ask push nearly fill.,Medium
IN20045,SH11434,2024-08-12,Staff deal apply raise effort ask reflect.,Medium
IN20046,SH13904,2024-12-29,Fast want number because address.,Low
IN20047,SH13615,2024-08-28,However democratic other thought.,Low
IN20048,SH12838,2024-04-24,Participant owner always involve.,Low
IN20049,SH10041,2024-01-23,Fear where alone fill effect.,High
IN20050,SH10160,2025-02-11,About end main major.,High
IN20051,SH12990,2024-03-15,Live less type throughout family.,Low
IN20052,SH11288,2025-02-01,Possible for anything long figure matter.,Medium
IN20053,SH12430,2024-07-27,Democratic growth can two how catch strong.,High
IN20054,SH10678,2024-06-10,Party tough happen speech quite entire.,Low
IN20055,SH10321,2024-02-28,Nice goal consumer benefit.,Medium
IN20056,SH13019,2023-09-22,Others team establish including ever.,High
IN20057,SH13851,2023-08-29,Rock yard pick place party determine long.,High
IN20058,SH13348,2025-06-13,Defense travel trade company.,High
IN20059,SH12378,2024-07-03,Service marriage nor look language away huge.,High
IN20060,SH10773,2024-12-10,Upon generation player care spring.,Medium
IN20061,SH11502,2023-12-24,Television source end commercial bank she.,Medium
IN20062,SH13434,2025-03-19,Toward area risk.,Low
IN20063,SH12410,2024-03-01,Outside brother win art important future majority body.,High
IN20064,SH11509,2024-04-09,Choice concern relate personal morning.,Low
IN20065,SH10403,2023-12-19,Serious bank store believe white human study current.,Medium
IN20066,SH13004,2024-10-21,Evidence ground test baby weight cover eat.,Low
IN20067,SH10559,2025-01-14,Majority source should difference total idea.,Medium
IN20068,SH10045,2025-03-16,Hard enough through eye wait argue compare.,High
IN20069,SH12346,2024-11-26,Amount door compare mission bring deep.,Low
IN20070,SH10569,2024-06-07,Organization individual friend wonder like group.,High
IN20071,SH10802,2023-12-25,Well keep to ever road should.,Medium
IN20072,SH13266,2023-07-18,Put case answer ability generation.,Medium
IN20073,SH11421,2024-07-26,Rest me continue answer according.,Low
IN20074,SH13801,2023-09-12,Night event benefit option health student several.,Low
IN20075,SH13563,2023-12-26,Middle check prepare notice sort owner resource federal.,Low
IN20076,SH10869,2024-04-26,Through cut million tough wall.,Low
IN20077,SH13784,2024-12-18,Government opportunity ask time.,Low
IN20078,SH12952,2023-08-13,For focus and.,Medium
IN20079,SH12449,2024-06-06,Structure meet them central.,Low
IN20080,SH11784,2025-04-10,Usually wear age dream understand office.,Medium
IN20081,SH10949,2023-06-20,My outside economy particularly treatment.,High
IN20082,SH10806,2025-05-29,Black leave middle low.,High
IN20083,SH10573,2023-09-23,Would all blue forget argue.,Medium
IN20084,SH10556,2024-12-20,Throughout whole oil audience particular any.,Low
IN20085,SH13830,2025-03-23,Than particular discuss challenge.,High
IN20086,SH11337,2023-08-24,Commercial technology rest certain prove another board.,Medium
IN20087,SH11797,2025-03-29,Never less benefit big.,High
IN20088,SH12702,2025-02-20,Plan federal may establish not.,Medium
IN20089,SH12313,2023-09-14,Sort good environmental special anyone thus range.,Medium
IN20090,SH10255,2024-04-13,Political country series ball professional their.,High
IN20091,SH10744,2024-01-02,Still low follow man.,High
IN20092,SH11952,2024-04-10,Level field better first partner.,Medium
IN20093,SH13694,2024-03-20,Purpose yourself our keep law sort.,Medium
IN20094,SH11687,2023-12-12,Line point fast.,Low
IN20095,SH13166,2025-03-29,Similar piece million town maintain player.,Low
IN20096,SH12452,2025-03-18,Most box nice guy above develop guess.,Medium
IN20097,SH12902,2024-09-11,Piece tend system do send.,Medium
IN20098,SH11580,2024-03-19,Question dinner challenge story three increase three time.,High
IN20099,SH11312,2025-05-04,Instead not black them great audience.,Medium
IN20100,SH13742,2024-12-10,Live campaign whether trouble education life.,Medium
IN20101,SH13908,2024-12-23,Sometimes customer difference tend back her more.,Low
IN20102,SH10720,2024-04-11,Now edge hand.,High
IN20103,SH13053,2024-12-28,Offer white reality wish night save sea.,Low
IN20104,SH10077,2024-01-09,Product college operation majority federal never.,Medium
IN20105,SH13827,2024-08-09,Increase loss start cause particular production late sense.,Medium
IN20106,SH10578,2023-11-28,Congress religious star our child hospital.,Medium
IN20107,SH11289,2023-06-25,How realize million measure personal assume.,Medium
IN20108,SH10709,2023-10-01,Increase response trial change tell.,High
IN20109,SH10565,2024-10-09,Trouble loss difficult.,Low
IN20110,SH12263,2023-11-21,Born body bad.,High
IN20111,SH11532,2024-05-24,Edge yes leader experience smile.,High
IN20112,SH10107,2024-12-09,Agency pretty only cost foreign history.,Low
IN20113,SH10062,2025-03-07,Trade two group measure subject.,High
IN20114,SH10457,2024-11-16,Kid follow score personal rest treat.,High
IN20115,SH10283,2023-08-05,Sign time again decade anything that police.,Low
IN20116,SH13229,2024-04-06,Interview business tonight require fund player everybody.,High
IN20117,SH11028,2023-07-15,White ask rich court rich themselves.,Medium
IN20118,SH13971,2023-08-11,Dog picture over child.,Low
IN20119,SH11919,2024-05-07,Deal commercial everything member.,Low
IN20120,SH11674,2023-08-30,Exist high while college some enter new.,Medium
IN20121,SH13699,2024-06-08,Which care fly place team.,High
IN20122,SH12524,2023-12-14,Ok we common draw score understand.,High
IN20123,SH11399,2023-08-23,Commercial stand forward than build condition.,Medium
IN20124,SH13493,2025-02-13,Hand stage event wall list claim appear.,Medium
IN20125,SH12949,2023-10-03,Technology option tax.,Medium
IN20126,SH11460,2025-05-03,Friend which no decide.,High
IN20127,SH10208,2024-04-01,Surface wall pressure standard image begin.,Low
IN20128,SH13722,2024-01-20,Industry tough eat maybe.,Medium
IN20129,SH11141,2024-04-14,Clearly offer possible poor take or activity.,High
IN20130,SH11255,2023-11-01,Represent morning center early.,Low
IN20131,SH11416,2024-05-03,Tonight brother old its investment across.,Medium
IN20132,SH13665,2024-01-10,Challenge increase individual involve condition ago before.,Low
IN20133,SH10554,2024-06-01,Me option society.,Low
IN20134,SH12197,2024-12-14,Class wonder national trip hope million determine particularly.,High
IN20135,SH10524,2024-06-21,Too hard half your stand.,Medium
IN20136,SH12454,2025-03-03,State leader later suggest that itself social morning.,Medium
IN20137,SH13386,2024-11-19,Instead paper almost level.,Medium
IN20138,SH10319,2023-10-03,Party nearly executive tough by.,Medium
IN20139,SH10598,2025-03-29,Work read run later ask public type.,High
IN20140,SH10798,2024-03-07,Serious indeed tell image.,High
IN20141,SH10561,2024-03-26,Across meet father serve source end.,High
IN20142,SH12005,2023-12-03,Security one tonight collection.,Medium
IN20143,SH10715,2025-05-29,Power tend land everything floor while or.,High
IN20144,SH13716,2024-02-01,Leg base American work eight up.,Low
IN20145,SH10413,2024-09-19,People drug American.,High
IN20146,SH12345,2023-09-30,Detail both dark trade which who low.,Low
IN20147,SH13780,2023-12-13,Thousand couple guy economic religious.,High
IN20148,SH13374,2025-03-15,Magazine thank others language.,Low
IN20149,SH11765,2024-10-02,Usually treatment marriage age find certainly.,High
IN20150,SH10057,2024-11-25,Particular page well.,Medium
IN20151,SH13182,2024-01-06,Resource federal natural professional.,High
IN20152,SH11008,2025-04-28,Worker doctor page ok human ok.,Low
IN20153,SH13834,2023-12-16,Successful air fear increase heart argue start.,High
IN20154,SH13478,2024-10-16,Daughter page argue just Republican chance.,High
IN20155,SH13955,2025-01-26,Arrive condition media anyone allow consider.,Low
IN20156,SH10921,2025-06-03,Base amount page despite pretty either.,Low
IN20157,SH13722,2025-05-03,Prove pretty explain nearly amount make other.,Medium
IN20158,SH10787,2025-06-13,Star growth apply focus analysis certain yet.,Low
IN20159,SH11216,2024-05-20,Movement attention manager over rest.,High
IN20160,SH12326,2024-08-27,List mother sign game age plan few.,High
IN20161,SH13583,2023-12-03,Window ground available list.,Low
IN20162,SH10982,2024-10-06,Its kid help spend indicate brother plan sing.,Low
IN20163,SH13680,2024-02-27,Once property east plan despite sister.,Low
IN20164,SH12757,2024-02-29,Art teach you care a gas know.,High
IN20165,SH11708,2025-06-17,Scene mind either.,Medium
IN20166,SH10686,2024-10-07,Purpose everyone notice sense.,High
IN20167,SH12860,2024-06-28,Might TV various statement they believe despite.,Low
IN20168,SH13095,2025-01-11,Both full wall tend amount.,Low
IN20169,SH10706,2024-06-15,Dream two strategy page family.,Medium
IN20170,SH11088,2024-01-08,Company own difficult member whom soon.,Low
IN20171,SH10882,2024-01-11,Laugh no last sit lead under finally.,Medium
IN20172,SH13598,2024-12-13,Student them cultural you choice.,Low
IN20173,SH13813,2024-10-29,Doctor why occur moment call Republican ready before.,Medium
IN20174,SH13883,2023-07-04,Five day weight less thus foreign none.,Medium
IN20175,SH13697,2023-07-11,Write well thing agent majority section price television.,Low
IN20176,SH11975,2025-01-19,Least find mission brother fire lot although camera.,High
IN20177,SH11938,2025-04-21,Great reveal simple also.,Low
IN20178,SH11070,2025-04-27,Compare yourself today despite.,Low
IN20179,SH12499,2024-01-10,Fill surface suddenly song across break once institution.,Low
IN20180,SH12703,2024-03-31,Truth top manage sea if matter woman.,High
IN20181,SH12070,2025-01-04,Others character kid age research.,Low
IN20182,SH13326,2024-04-04,Name risk physical else news election.,Low
IN20183,SH12855,2024-08-06,Share let eye concern organization.,Medium
IN20184,SH10807,2023-07-03,Law both energy guess.,Low
IN20185,SH11108,2023-08-05,Local enter soon evidence identify remain you knowledge.,Medium
IN20186,SH11214,2024-08-06,Democrat bring network PM.,Medium
IN20187,SH13633,2025-01-24,Leave on the Congress.,High
IN20188,SH10056,2024-06-11,Agent international suffer.,High
IN20189,SH10686,2024-03-10,Special soon we likely.,Low
IN20190,SH11942,2024-03-07,Student who training opportunity agency daughter.,Medium
IN20191,SH12012,2025-01-16,Who part student among.,Medium
IN20192,SH12539,2024-03-01,Style campaign Republican environment experience education.,Low
IN20193,SH10275,2025-02-12,Argue remember spend across.,High
IN20194,SH12770,2023-10-26,Skin southern know property small.,High
IN20195,SH11601,2025-06-16,Several claim law would do ready.,Low
IN20196,SH10570,2024-11-28,Ability but religious important must subject.,High
IN20197,SH13625,2023-06-27,Maintain stage probably.,High
IN20198,SH11627,2024-02-10,Simple organization approach anyone individual yourself.,Medium
IN20199,SH12039,2024-08-21,If door must person eye federal itself.,Medium
IN20200,SH13087,2024-07-21,Sense book board music available business.,High
IN20201,SH10886,2024-01-09,Page apply manager recent within.,Low
IN20202,SH10851,2024-02-29,Pass civil high simply.,Low
IN20203,SH12707,2023-12-30,Threat develop because real floor.,High
IN20204,SH10699,2024-10-28,Result technology method entire his big.,Medium
IN20205,SH12689,2024-01-10,Realize yard understand person change.,High
IN20206,SH10637,2024-05-21,Western fine since wear perform institution.,High
IN20207,SH11773,2023-06-27,Source everybody seat law reflect whatever probably.,High
IN20208,SH12111,2025-02-06,Image I head interesting what form eight of.,High
IN20209,SH11669,2025-01-12,Commercial put science strong.,High
IN20210,SH10608,2024-08-26,Son something finally article opportunity.,Low
IN20211,SH13556,2024-09-05,Most kind be start.,High
IN20212,SH13008,2025-05-18,Former open these enter actually.,Medium
IN20213,SH11615,2025-02-25,Thought later our no actually all make.,Medium
IN20214,SH10994,2024-04-17,Become foot other cut couple option head.,Medium
IN20215,SH11154,2023-09-15,Start article figure experience whole finish make.,Medium
IN20216,SH12574,2024-12-16,News crime so name area while.,Medium
IN20217,SH13762,2025-03-01,Manager put new.,Low
IN20218,SH12734,2024-03-17,Her avoid just since success office score shoulder.,Medium
IN20219,SH13413,2024-01-15,Science message ok rather certainly investment.,Medium
IN20220,SH13065,2025-02-23,Base discover single back people.,High
IN20221,SH12661,2024-10-31,Though building son child study.,High
IN20222,SH13737,2023-10-27,Kid us agree beat on.,Medium
IN20223,SH13877,2024-05-12,Member his out situation foreign position machine.,High
IN20224,SH11819,2024-03-31,Realize against offer final.,Medium
IN20225,SH10365,2025-04-27,Piece sign they strong dog fine face.,Low
IN20226,SH12232,2024-12-31,Gun building leader race little attack.,High
IN20227,SH13830,2023-08-25,Thus main other concern result after professor imagine.,High
IN20228,SH10195,2023-09-23,Myself begin simply interview author maintain.,Medium
IN20229,SH13728,2023-07-17,Right live happy full analysis.,Medium
IN20230,SH10267,2024-07-19,Rule popular growth film include.,High
IN20231,SH12348,2025-06-07,Church player everyone generation.,Medium
IN20232,SH12986,2023-09-08,Play firm assume.,Low
IN20233,SH11886,2023-12-30,Gun take of card power require administration.,Medium
IN20234,SH11109,2024-05-28,Power challenge administration example.,High
IN20235,SH13784,2024-09-23,Quality young trial someone try suffer debate.,Low
IN20236,SH11123,2023-06-30,Hit other pattern paper success evening bag.,Low
IN20237,SH12732,2024-02-01,Entire toward decade why animal entire analysis.,High
IN20238,SH13078,2024-02-03,Leader social area them significant.,Medium
IN20239,SH10917,2024-05-03,Present house cover itself tax wait.,High
IN20240,SH11392,2023-08-08,Money fast hospital crime operation point.,Medium
IN20241,SH10322,2024-05-23,Available knowledge before court.,Low
IN20242,SH13592,2024-02-05,Bed degree fall.,Low
IN20243,SH13710,2024-12-03,Right this teacher make agreement.,Medium
IN20244,SH13169,2024-07-14,Ever expert certainly generation minute organization smile.,Low
IN20245,SH12508,2024-12-24,Maybe natural admit throughout here kind.,Low
IN20246,SH13666,2023-09-16,Church thank generation man great from.,Low
IN20247,SH10293,2025-01-22,Democrat day field information contain religious bank matter.,High
IN20248,SH12952,2025-04-20,Rate assume read stage surface fact.,High
IN20249,SH12019,2023-07-06,Later again parent design process forward.,Medium
IN20250,SH12030,2024-09-02,Discuss threat game result season officer.,High
IN20251,SH11677,2025-02-28,And try former sometimes lead.,High
IN20252,SH13248,2025-04-17,Whose kid spring image family.,Medium
IN20253,SH11766,2023-10-01,Dark leader again as have pass.,Medium
IN20254,SH11774,2023-08-23,Hot foreign suffer way fight.,High
IN20255,SH10554,2024-07-21,Stand base national down.,Low
IN20256,SH13582,2024-05-09,Along seat consider cause senior.,High
IN20257,SH13056,2024-08-11,School attention memory bill open.,Medium
IN20258,SH13512,2024-07-11,Avoid painting serve similar.,Medium
IN20259,SH11022,2024-04-30,Thank tax way natural five long against fall.,Medium
IN20260,SH10918,2024-08-06,Mother nation where listen election.,High
IN20261,SH11267,2024-12-15,Economy a what federal.,High
IN20262,SH10235,2023-12-07,Purpose agency evidence.,High
IN20263,SH13654,2024-03-25,Plant outside fund mention performance throughout me find.,Low
IN20264,SH10303,2024-02-11,Nice avoid her reach.,High
IN20265,SH11140,2024-03-23,Peace somebody their matter.,Medium
IN20266,SH11285,2025-01-29,Gun help onto thousand here newspaper travel PM.,High
IN20267,SH13224,2024-01-07,Low single act Mrs benefit.,High
IN20268,SH13344,2023-12-31,Visit ball possible decision case.,Medium
IN20269,SH11974,2023-12-14,Military federal skill work.,High
IN20270,SH13838,2023-09-19,Agreement bar thank without thing realize.,Medium
IN20271,SH10705,2024-09-21,Technology evening serve group prove until.,High
IN20272,SH12223,2025-01-14,Peace blue so American past budget eat stop.,High
IN20273,SH13944,2025-06-09,Order condition out model for.,Low
IN20274,SH12531,2024-04-06,Cold evidence plant Mrs never last.,High
IN20275,SH10153,2024-06-27,Score onto interview country.,Low
IN20276,SH11801,2024-04-25,Shoulder itself official ground.,Low
IN20277,SH13779,2023-11-08,Seven those daughter learn the various.,Medium
IN20278,SH12682,2024-11-15,Media stock fine.,High
IN20279,SH11912,2024-09-26,Fall seek building allow position act.,Medium
IN20280,SH10539,2023-09-01,Certainly school unit blood natural poor.,Medium
IN20281,SH10738,2025-06-02,Threat recently surface small physical eye.,Medium
IN20282,SH11348,2025-04-29,Past coach large special.,High
IN20283,SH12149,2025-04-14,Degree report enter bank situation rise shake mission.,Medium
IN20284,SH13710,2024-11-18,Teacher over purpose heavy contain participant left.,High
IN20285,SH11870,2024-02-10,Red produce least seat.,Low
IN20286,SH12170,2024-01-06,Wind various start score.,High
IN20287,SH12979,2024-07-10,Enjoy discussion senior also in.,Medium
IN20288,SH13420,2024-08-23,Son bar right daughter.,Low
IN20289,SH11607,2023-07-16,Spring meeting since act can during.,Low
IN20290,SH10969,2024-02-03,These produce tax home indeed blue effect say.,Medium
IN20291,SH13013,2025-01-07,True job environmental message week.,Low
IN20292,SH13043,2024-06-27,Allow option the.,High
IN20293,SH13959,2024-09-01,Family arrive any spring dog much whatever.,Medium
IN20294,SH12752,2024-11-06,Nature special actually democratic.,High
IN20295,SH12954,2024-12-07,Guy production reflect blue second the else.,Low
IN20296,SH10729,2024-11-06,Garden old serious performance north.,High
IN20297,SH13053,2024-08-10,Sometimes as theory full sometimes.,Low
IN20298,SH12812,2024-07-07,Quality home leader admit.,Low
IN20299,SH11401,2023-08-24,Quality him those sing enough edge finally.,High
IN20300,SH12448,2024-01-24,Side why dinner able.,Medium
IN20301,SH11889,2024-05-19,Chance point help rule significant bed.,Low
IN20302,SH13780,2024-08-13,Respond process size yes able.,Medium
IN20303,SH11111,2024-02-28,Young fall push policy dark.,Medium
IN20304,SH12032,2024-01-19,Several success thousand maintain analysis.,Low
IN20305,SH10397,2025-03-16,Among much world task beyond traditional full.,Low
IN20306,SH11808,2024-11-13,Price social chance power environment hope student deal.,Medium
IN20307,SH11417,2025-05-10,Go station cold answer late serious huge.,Medium
IN20308,SH13348,2023-08-07,Offer everything line tough gas Republican until have.,High
IN20309,SH10279,2024-12-23,Billion task group.,Low
IN20310,SH11253,2023-09-26,Front choose suddenly tough task.,Medium
IN20311,SH12199,2024-07-14,Member nothing certainly when by assume professional.,Medium
IN20312,SH13284,2024-09-03,Teach morning coach late this.,High
IN20313,SH11561,2024-11-04,Prove wait appear interview.,High
IN20314,SH12555,2025-02-10,Stand either skill.,Medium
IN20315,SH12395,2023-12-02,Five end successful information anything central.,Medium
IN20316,SH10412,2024-02-23,And figure research know huge.,Low
IN20317,SH12583,2024-11-16,Medical bed paper let very office.,Low
IN20318,SH12871,2024-08-10,Entire still improve themselves Congress race.,High
IN20319,SH10150,2024-03-24,Conference represent central.,Medium
IN20320,SH12688,2023-09-30,Citizen authority fight.,Low
IN20321,SH11305,2025-03-16,Practice throw here study.,Medium
IN20322,SH12445,2024-06-05,Hospital various authority food left teacher.,Low
IN20323,SH13056,2024-12-27,Without wear Congress leg animal.,Low
IN20324,SH12597,2023-11-16,Idea find age price difference start evidence.,High
IN20325,SH13968,2023-12-17,Dark major send professional life.,Low
IN20326,SH13572,2024-10-17,Ability meet land fly region put begin.,High
IN20327,SH11332,2024-12-21,Hear allow produce.,Low
IN20328,SH10958,2023-09-25,Sort benefit hair hard glass sit.,Medium
IN20329,SH13774,2023-11-02,Short scientist think difficult across today maybe follow.,High
IN20330,SH11496,2023-10-16,Bag make me where public prove.,Medium
IN20331,SH13377,2024-11-28,Yard understand to.,Low
IN20332,SH12207,2023-08-01,Answer minute laugh similar then.,Medium
IN20333,SH10309,2024-03-21,Then natural street media special.,Low
IN20334,SH10020,2024-01-17,Sound develop heavy billion.,High
IN20335,SH12793,2023-12-20,Space everyone century store however.,Medium
IN20336,SH10050,2024-07-02,Want course consumer people man.,Low
IN20337,SH12314,2024-02-08,Attorney follow learn.,High
IN20338,SH10027,2025-06-17,Natural security job drug hour.,Low
IN20339,SH13089,2023-10-02,Message candidate short.,High
IN20340,SH13013,2025-01-02,Serve top stay fly type artist population.,Medium
IN20341,SH13787,2024-04-23,Give nor throw might business enter pass.,High
IN20342,SH12886,2023-10-15,Drop second physical particularly sort mean finish article.,Medium
IN20343,SH10837,2023-07-24,Voice stay quickly foreign staff others social.,High
IN20344,SH11594,2023-09-30,Model she now argue.,Low
IN20345,SH13840,2024-03-05,Common wonder dinner carry last sort history.,High
IN20346,SH10407,2023-08-27,Than soldier often.,Low
IN20347,SH13095,2024-08-29,Opportunity what much several environmental hotel result.,High
IN20348,SH12447,2024-03-25,Set laugh option parent two until.,High
IN20349,SH11828,2024-08-12,Own tree level idea.,Medium
IN20350,SH13351,2024-01-30,Decade clearly not bit oil.,High
IN20351,SH10529,2023-09-09,After though quickly car.,Medium
IN20352,SH13682,2025-02-17,Walk end full democratic decision.,High
IN20353,SH12658,2024-09-12,Doctor cultural unit reduce cold cause child.,Medium
IN20354,SH11010,2025-02-28,None reflect southern the service.,High
IN20355,SH11720,2023-07-18,More treatment sound month.,Medium
IN20356,SH13484,2024-02-14,Government candidate night where western popular visit.,High
IN20357,SH11115,2025-04-22,Book candidate operation wear girl base.,Low
IN20358,SH12966,2023-08-09,Figure thank loss anyone hear.,High
IN20359,SH10554,2023-09-01,Writer red serious sit I factor career.,Medium
IN20360,SH11516,2024-12-17,Space similar able catch but especially believe focus.,High
IN20361,SH10424,2023-12-12,Toward executive international.,High
IN20362,SH11154,2025-02-07,Son popular community half hit evidence owner sign.,Medium
IN20363,SH12824,2025-03-16,Tell defense blue scientist soon.,High
IN20364,SH11125,2024-06-11,Meeting however change because.,Medium
IN20365,SH11629,2023-11-28,Direction window with raise.,Low
IN20366,SH12891,2025-01-31,Alone article thought around use current away.,High
IN20367,SH10983,2024-07-09,Both American student year drug common.,Medium
IN20368,SH12260,2024-08-09,It improve back cold place sport high.,High
IN20369,SH12848,2023-07-13,Space argue kitchen economic.,Low
IN20370,SH11301,2024-05-12,Become one truth PM evening record.,Low
IN20371,SH10406,2023-08-24,Recently tree anyone ball.,Medium
IN20372,SH13010,2024-11-10,Glass product arm chair brother that there.,Low
IN20373,SH10196,2023-09-19,Any record maybe wife interesting five.,Low
IN20374,SH12657,2025-06-01,Billion prepare go develop always two amount theory.,High
IN20375,SH12844,2024-03-04,Baby too bank me east.,Low
IN20376,SH11901,2024-11-01,Decision sport author century compare through whose.,Low
IN20377,SH11352,2024-11-23,Window eight four off behavior.,High
IN20378,SH13077,2023-09-30,Three enter try floor.,Low
IN20379,SH12477,2024-06-09,Thank job I network grow newspaper similar.,High
IN20380,SH10975,2025-04-02,All myself major think.,High
IN20381,SH13203,2023-06-29,Better school ready hand.,Medium
IN20382,SH12732,2025-04-06,Important ability against option police magazine effort.,Medium
IN20383,SH11802,2024-09-14,Spend when particular.,High
IN20384,SH12480,2023-08-05,Summer arm final analysis.,Medium
IN20385,SH11843,2025-03-21,International though exactly try can room happen offer.,High
IN20386,SH13782,2023-10-06,Late else former bring you general at.,Medium
IN20387,SH10664,2025-01-24,Stand believe question finally.,Low
IN20388,SH11106,2024-05-19,Worker adult most heart fire course.,Medium
IN20389,SH13435,2024-08-12,First join should all.,Low
IN20390,SH10940,2024-08-28,Night cold else live large.,Low
IN20391,SH11905,2024-11-21,Future manager already might break.,High
IN20392,SH10191,2024-09-11,Goal when maintain executive reveal work phone well.,Low
IN20393,SH11632,2025-02-28,Child so chair scientist authority.,High
IN20394,SH12303,2023-11-12,Hold light receive sure economic conference back.,High
IN20395,SH11115,2024-02-13,Four dinner participant necessary practice factor really.,High
IN20396,SH12498,2025-04-13,Assume see hundred man despite.,Medium
IN20397,SH11401,2024-03-26,Lead writer help.,Low
IN20398,SH11734,2023-08-22,Dinner husband two job administration.,Medium
IN20399,SH13359,2024-02-01,Charge budget chair player.,Medium
IN20400,SH11202,2024-12-16,Task hair resource explain tree.,Low
IN20401,SH10324,2025-02-27,Arm know worry.,Medium
IN20402,SH10800,2025-05-02,North into ok newspaper moment I military project.,High
IN20403,SH13178,2023-07-21,Control eat blood.,Low
IN20404,SH12330,2025-02-15,Interest my view less.,High
IN20405,SH12038,2024-12-08,Myself trade sometimes decade authority return.,Low
IN20406,SH11140,2024-07-26,Two dinner scene art improve.,Medium
IN20407,SH13563,2024-04-13,Ask risk miss top.,High
IN20408,SH13191,2024-10-21,None modern once their.,Low
IN20409,SH11216,2023-12-17,Maybe wish financial stock garden song special.,Low
IN20410,SH12015,2023-11-26,Show carry of similar father player what.,High
IN20411,SH11178,2025-03-26,Teach suddenly speak hospital.,High
IN20412,SH10248,2024-12-23,Against third head next suffer reach how whose.,High
IN20413,SH13713,2024-10-26,Person wish focus still subject.,High
IN20414,SH12987,2025-03-28,Full deep audience outside water.,High
IN20415,SH12975,2024-05-01,First pretty we can.,Medium
IN20416,SH11974,2024-07-22,Television different option among probably avoid.,High
IN20417,SH10658,2025-04-09,Modern different amount.,High
IN20418,SH12749,2023-09-10,Ten center identify most top.,Medium
IN20419,SH11874,2024-10-30,Reveal organization accept including.,High
IN20420,SH10014,2023-09-11,Party add ever week.,Medium
IN20421,SH13585,2023-08-06,Decide much space claim.,High
IN20422,SH10888,2024-12-09,Place finally writer provide real.,Medium
IN20423,SH10973,2023-11-19,Employee fine perform never test artist.,Low
IN20424,SH13938,2024-09-06,Pattern learn focus different sound.,High
IN20425,SH11518,2024-02-03,Boy suffer side near total follow news pass.,Low
IN20426,SH11886,2023-07-17,Morning culture specific actually reduce federal result meeting.,Low
IN20427,SH11423,2024-06-06,Result tell main art.,Medium
IN20428,SH10171,2025-05-17,Assume art force everything indeed.,Low
IN20429,SH12563,2023-12-23,Great what picture back bring call upon southern.,Low
IN20430,SH12492,2023-11-02,Answer during edge others return.,Medium
IN20431,SH11362,2025-01-17,Really politics manage dream meet.,Medium
IN20432,SH11843,2023-09-19,Key final financial pressure mission step.,Low
IN20433,SH12409,2025-01-05,Decide they same least us.,High
IN20434,SH13203,2025-05-31,Make bill box culture agreement either.,High
IN20435,SH10179,2023-10-15,They thousand until name.,Medium
IN20436,SH10061,2023-08-12,East other middle form hear.,High
IN20437,SH11187,2024-06-17,Hit every face executive.,High
IN20438,SH12646,2024-01-02,Personal attention talk change course wear.,Low
IN20439,SH11245,2024-05-15,Similar debate up claim scientist.,Medium
IN20440,SH10380,2024-10-19,Throughout laugh career mind.,Medium
IN20441,SH13452,2025-01-08,Project smile whose economy son.,High
IN20442,SH12293,2024-06-01,Trade here away shake response training sport American.,Medium
IN20443,SH12444,2025-06-13,It night imagine finally.,High
IN20444,SH11375,2024-05-21,Break I hope let.,Low
IN20445,SH11716,2025-02-27,Garden pretty few serious.,Medium
IN20446,SH10270,2024-05-01,More south ability hold knowledge that trip same.,Medium
IN20447,SH10385,2025-03-17,Career process standard computer note magazine.,High
IN20448,SH13552,2024-03-25,Class speech difference nation occur want.,Low
IN20449,SH10452,2023-10-04,Entire although teach young town.,Low
IN20450,SH10914,2025-02-23,Second million center.,Low
IN20451,SH13553,2023-10-22,Eight north quickly though rate war box say.,Low
IN20452,SH12388,2025-02-17,Focus much among have.,High
IN20453,SH10781,2024-02-14,Store onto play.,High
IN20454,SH10299,2024-10-30,Stock right area middle detail seek call.,Low
IN20455,SH13846,2024-01-06,Too garden process maybe fact.,Medium
IN20456,SH12872,2024-12-30,Increase possible clearly back woman middle.,Medium
IN20457,SH11494,2024-10-03,There need catch agreement space direction.,Medium
IN20458,SH11477,2024-08-12,Alone commercial exactly their.,Medium
IN20459,SH10377,2025-01-29,Public question explain.,Medium
IN20460,SH13405,2025-06-10,Source now doctor shake allow instead deal.,High
IN20461,SH13540,2023-11-15,Policy culture only fact.,High
IN20462,SH10915,2023-06-20,Star water yes buy level such.,High
IN20463,SH13304,2023-09-15,Seven use live something leg similar.,Low
IN20464,SH10426,2024-06-28,Fast president measure place.,Low
IN20465,SH11863,2024-12-12,World water machine send.,Low
IN20466,SH10687,2024-04-11,Remember test religious family sign road.,High
IN20467,SH10832,2024-09-30,Plant major compare vote his film share.,Low
IN20468,SH10608,2023-12-14,Value somebody herself identify gas.,Low
IN20469,SH11530,2025-01-05,Pressure soon style happy even almost.,Medium
IN20470,SH13907,2024-04-01,Piece go quickly reality lead.,High
IN20471,SH10642,2025-04-01,Network huge quite indicate.,High
IN20472,SH10603,2025-06-02,But how serious say air enter front.,Low
IN20473,SH10071,2024-05-13,Seek power little before it them call.,Low
IN20474,SH11534,2024-04-24,Everybody security husband seem go radio.,Medium
IN20475,SH10691,2024-07-26,Recognize even produce four whatever low.,High
IN20476,SH12776,2024-03-12,Chance value name left.,Low
IN20477,SH10990,2024-03-03,Network set knowledge one.,Low
IN20478,SH12832,2024-12-21,Bring my once month Congress mention break.,High
IN20479,SH11609,2023-11-29,Hit card at.,High
IN20480,SH13001,2024-06-23,Seven a continue dream.,Low
IN20481,SH13256,2024-05-04,Art mother tax machine trade.,Medium
IN20482,SH10483,2023-07-02,Begin even other message top.,High
IN20483,SH12938,2024-08-13,Assume model any special son site turn speak.,High
IN20484,SH12637,2024-02-07,Trial threat enjoy.,Low
IN20485,SH10214,2023-10-04,Any lot would because.,Medium
IN20486,SH10757,2024-06-26,Professional federal again hear board religious.,High
IN20487,SH13144,2025-05-11,Possible beautiful anyone adult war similar.,High
IN20488,SH10237,2024-03-11,Window allow hand nature role but take only.,Medium
IN20489,SH10804,2024-01-23,Heavy first score behind send.,Low
IN20490,SH10488,2024-04-02,West lose fill benefit.,Low
IN20491,SH13543,2023-07-06,Range thought tough part resource.,High
IN20492,SH12301,2025-02-18,Card make themselves forget especially TV.,Medium
IN20493,SH12731,2024-08-30,Project me method yet.,Medium
IN20494,SH11883,2023-11-05,Onto particularly church safe hospital follow type.,Low
IN20495,SH11696,2023-08-13,Knowledge responsibility identify design compare go recently.,Medium
IN20496,SH10683,2025-01-24,Participant seem large area bad administration sort.,Low
IN20497,SH11210,2024-07-02,Out provide song own live deep war.,Medium
IN20498,SH11163,2024-07-16,Purpose same light lay practice main single effort.,High
IN20499,SH11921,2024-08-12,Account happy enough.,High
IN20500,SH12626,2025-01-03,Thank appear board plant catch top.,Low
